Program_ID,Code,Label_Counterexample,Search_Steps
0,"[('*', 'x7', 'x3', 'v0'), ('+', 'x0', 'x6', 'v1'), ('//', 'x6', 'x4', 'v2'), ('*', 'x2', 'const_0', 'v3'), ('//', 'const_1', 'x3', 'v4'), ('//', 'x9', 'x0', 'v5'), ('+', 'const_0', 'x5', 'v6'), ('*', 'v4', 'x5', 'v7'), ('+', 'x3', 'v6', 'v8'), ('*', 'x8', 'v7', 'v9')]","(0, 0, 0, 1, 0, 1, 0, 0, 1, 0)",83
1,"[('+', 'const_1', 'x5', 'v0'), ('*', 'x9', 'x1', 'v1'), ('//', 'x5', 'x7', 'v2'), ('+', 'x3', 'x9', 'v3'), ('+', 'x4', 'const_1', 'v4'), ('+', 'x7', 'v4', 'v5'), ('//', 'v4', 'v5', 'v6'), ('+', 'x6', 'const_1', 'v7'), ('//', 'const_1', 'x0', 'v8'), ('*', 'v1', 'x0', 'v9')]","(1, 1, 0, 0, 0, 0, 0, 0, 0, 1)",770
2,"[('*', 'x6', 'x0', 'v0'), ('+', 'x2', 'x5', 'v1'), ('*', 'x4', 'x7', 'v2'), ('*', 'v1', 'x8', 'v3'), ('*', 'v2', 'v1', 'v4'), ('//', 'const_1', 'x7', 'v5'), ('//', 'x3', 'v4', 'v6'), ('//', 'v0', 'x4', 'v7'), ('//', 'const_0', 'x0', 'v8'), ('//', 'v2', 'v2', 'v9')]","(0, 0, 0, 0, 1, 0, 0, 1, 0, 0)",37
3,"[('*', 'x7', 'const_0', 'v0'), ('*', 'x3', 'const_0', 'v1'), ('+', 'const_1', 'x9', 'v2'), ('+', 'const_1', 'x3', 'v3'), ('*', 'v3', 'x2', 'v4'), ('//', 'x3', 'x2', 'v5'), ('//', 'x5', 'v2', 'v6'), ('+', 'x1', 'v0', 'v7'), ('*', 'v4', 'x1', 'v8'), ('+', 'v0', 'v2', 'v9')]","(0, 0, 0, 0, 0, 0, 0, 0, 0, 0)",1
4,"[('*', 'x6', 'x9', 'v0'), ('*', 'const_0', 'const_1', 'v1'), ('//', 'v0', 'x2', 'v2'), ('//', 'x1', 'x7', 'v3'), ('+', 'const_0', 'x6', 'v4'), ('+', 'v4', 'v3', 'v5'), ('*', 'x8', 'v2', 'v6'), ('+', 'x4', 'x4', 'v7'), ('*', 'v6', 'x1', 'v8'), ('//', 'v1', 'v2', 'v9')]",None,1024
5,"[('*', 'x2', 'const_0', 'v0'), ('+', 'x2', 'x3', 'v1'), ('*', 'x2', 'x1', 'v2'), ('+', 'x0', 'x8', 'v3'), ('*', 'x4', 'v1', 'v4'), ('+', 'x2', 'v1', 'v5'), ('//', 'v1', 'x9', 'v6'), ('+', 'v4', 'x3', 'v7'), ('*', 'v6', 'v6', 'v8'), ('*', 'const_0', 'const_0', 'v9')]",None,1024
6,"[('//', 'x8', 'x1', 'v0'), ('+', 'const_1', 'x9', 'v1'), ('*', 'v1', 'x2', 'v2'), ('*', 'v1', 'const_1', 'v3'), ('*', 'v3', 'x7', 'v4'), ('+', 'v4', 'x0', 'v5'), ('*', 'x2', 'x5', 'v6'), ('//', 'v2', 'x2', 'v7'), ('+', 'x8', 'v6', 'v8'), ('*', 'const_0', 'v4', 'v9')]",None,1024
7,"[('*', 'x3', 'x1', 'v0'), ('*', 'x3', 'v0', 'v1'), ('*', 'x9', 'v1', 'v2'), ('*', 'x2', 'x3', 'v3'), ('//', 'v2', 'x2', 'v4'), ('//', 'x8', 'x4', 'v5'), ('//', 'x2', 'x8', 'v6'), ('*', 'v6', 'v6', 'v7'), ('//', 'x7', 'v3', 'v8'), ('*', 'v1', 'x1', 'v9')]","(0, 1, 0, 1, 0, 0, 0, 0, 0, 0)",321
8,"[('*', 'x0', 'x5', 'v0'), ('*', 'x8', 'const_0', 'v1'), ('*', 'x7', 'x8', 'v2'), ('//', 'x3', 'x0', 'v3'), ('+', 'const_0', 'x0', 'v4'), ('+', 'x8', 'v3', 'v5'), ('*', 'v0', 'v3', 'v6'), ('*', 'const_1', 'x5', 'v7'), ('//', 'x9', 'v1', 'v8'), ('*', 'x4', 'v6', 'v9')]","(1, 0, 0, 1, 1, 1, 0, 0, 0, 0)",625
9,"[('//', 'x5', 'x5', 'v0'), ('*', 'x5', 'const_0', 'v1'), ('*', 'x9', 'const_0', 'v2'), ('//', 'x7', 'x0', 'v3'), ('*', 'x1', 'v0', 'v4'), ('*', 'v2', 'x2', 'v5'), ('//', 'x8', 'v1', 'v6'), ('+', 'x0', 'v2', 'v7'), ('+', 'v4', 'v3', 'v8'), ('//', 'const_1', 'x8', 'v9')]","(0, 0, 0, 0, 0, 0, 0, 0, 1, 0)",3
10,"[('*', 'const_0', 'x6', 'v0'), ('*', 'x9', 'x7', 'v1'), ('*', 'const_1', 'v0', 'v2'), ('*', 'v1', 'v0', 'v3'), ('+', 'v2', 'x1', 'v4'), ('//', 'const_1', 'x2', 'v5'), ('+', 'const_1', 'x5', 'v6'), ('//', 'const_1', 'x1', 'v7'), ('+', 'x1', 'x3', 'v8'), ('//', 'x6', 'v2', 'v9')]",None,1024
11,"[('+', 'x8', 'x4', 'v0'), ('*', 'x4', 'x5', 'v1'), ('*', 'x6', 'x7', 'v2'), ('*', 'v0', 'x3', 'v3'), ('+', 'v3', 'v2', 'v4'), ('*', 'v4', 'x5', 'v5'), ('//', 'const_0', 'v5', 'v6'), ('*', 'v1', 'x5', 'v7'), ('*', 'v2', 'x8', 'v8'), ('//', 'const_1', 'v1', 'v9')]","(0, 0, 0, 0, 1, 1, 0, 0, 0, 0)",49
12,"[('//', 'x4', 'const_1', 'v0'), ('+', 'const_1', 'x4', 'v1'), ('*', 'x2', 'v0', 'v2'), ('//', 'x6', 'v2', 'v3'), ('//', 'x2', 'v0', 'v4'), ('*', 'const_0', 'const_1', 'v5'), ('//', 'const_1', 'x3', 'v6'), ('+', 'v2', 'v5', 'v7'), ('+', 'const_1', 'v1', 'v8'), ('*', 'const_1', 'x6', 'v9')]","(0, 0, 0, 0, 0, 0, 1, 0, 0, 0)",9
13,"[('//', 'const_1', 'x8', 'v0'), ('//', 'x7', 'x1', 'v1'), ('+', 'x8', 'x9', 'v2'), ('*', 'x5', 'x4', 'v3'), ('*', 'v0', 'x7', 'v4'), ('*', 'x4', 'x2', 'v5'), ('+', 'x5', 'v3', 'v6'), ('//', 'v6', 'x9', 'v7'), ('*', 'v5', 'v2', 'v8'), ('*', 'x9', 'v8', 'v9')]","(0, 0, 1, 0, 1, 0, 0, 0, 0, 1)",162
14,"[('//', 'x8', 'x2', 'v0'), ('*', 'x5', 'x6', 'v1'), ('//', 'v0', 'x7', 'v2'), ('//', 'const_1', 'x1', 'v3'), ('//', 'x1', 'x0', 'v4'), ('*', 'x2', 'x6', 'v5'), ('//', 'v5', 'x7', 'v6'), ('*', 'v1', 'v2', 'v7'), ('*', 'x7', 'x7', 'v8'), ('//', 'x3', 'x3', 'v9')]","(0, 0, 0, 1, 0, 0, 0, 0, 0, 0)",65
15,"[('//', 'x3', 'x2', 'v0'), ('*', 'x2', 'x7', 'v1'), ('+', 'x1', 'x7', 'v2'), ('+', 'x9', 'x0', 'v3'), ('*', 'x1', 'v0', 'v4'), ('//', 'x9', 'const_1', 'v5'), ('//', 'v3', 'const_1', 'v6'), ('*', 'v3', 'const_0', 'v7'), ('+', 'const_0', 'const_0', 'v8'), ('*', 'x2', 'x2', 'v9')]","(0, 0, 1, 0, 0, 0, 0, 0, 0, 0)",129
16,"[('+', 'x8', 'const_1', 'v0'), ('*', 'x2', 'x0', 'v1'), ('+', 'x4', 'x4', 'v2'), ('//', 'x5', 'x9', 'v3'), ('*', 'x0', 'const_0', 'v4'), ('//', 'const_0', 'v1', 'v5'), ('+', 'v2', 'const_0', 'v6'), ('//', 'x4', 'v3', 'v7'), ('//', 'x7', 'v2', 'v8'), ('//', 'v1', 'v1', 'v9')]","(1, 0, 1, 0, 0, 0, 0, 0, 0, 0)",641
17,"[('+', 'x7', 'x6', 'v0'), ('*', 'const_0', 'x2', 'v1'), ('//', 'x9', 'x3', 'v2'), ('+', 'x6', 'x1', 'v3'), ('*', 'x5', 'x4', 'v4'), ('+', 'const_0', 'x6', 'v5'), ('//', 'x6', 'const_1', 'v6'), ('*', 'x3', 'x0', 'v7'), ('//', 'x8', 'x7', 'v8'), ('//', 'x9', 'v0', 'v9')]","(0, 0, 0, 0, 0, 0, 0, 1, 0, 1)",6
18,"[('*', 'x3', 'x0', 'v0'), ('+', 'x5', 'x2', 'v1'), ('//', 'x0', 'v0', 'v2'), ('+', 'x6', 'x5', 'v3'), ('+', 'const_1', 'x2', 'v4'), ('+', 'x8', 'x4', 'v5'), ('+', 'v1', 'x8', 'v6'), ('+', 'v3', 'x4', 'v7'), ('*', 'const_1', 'x7', 'v8'), ('*', 'v5', 'v4', 'v9')]","(0, 0, 0, 0, 0, 0, 0, 0, 1, 0)",3
19,"[('*', 'x2', 'x4', 'v0'), ('+', 'x1', 'x8', 'v1'), ('//', 'x7', 'x7', 'v2'), ('+', 'const_0', 'x5', 'v3'), ('*', 'const_1', 'x5', 'v4'), ('//', 'v2', 'x2', 'v5'), ('+', 'const_0', 'v4', 'v6'), ('//', 'v1', 'x3', 'v7'), ('*', 'x5', 'x5', 'v8'), ('+', 'v2', 'v4', 'v9')]","(0, 0, 0, 0, 0, 0, 0, 1, 0, 0)",5
20,"[('+', 'x8', 'x6', 'v0'), ('+', 'x4', 'x8', 'v1'), ('*', 'x1', 'x8', 'v2'), ('*', 'x1', 'x4', 'v3'), ('//', 'x3', 'x0', 'v4'), ('+', 'x6', 'v2', 'v5'), ('+', 'v3', 'x1', 'v6'), ('+', 'x1', 'v0', 'v7'), ('//', 'v1', 'x4', 'v8'), ('//', 'v1', 'x3', 'v9')]","(0, 0, 0, 1, 0, 0, 0, 0, 1, 0)",67
21,"[('+', 'const_0', 'x1', 'v0'), ('//', 'const_0', 'x0', 'v1'), ('*', 'x8', 'x8', 'v2'), ('//', 'const_0', 'x4', 'v3'), ('*', 'v3', 'x0', 'v4'), ('*', 'x9', 'x6', 'v5'), ('//', 'x7', 'x8', 'v6'), ('+', 'v6', 'x3', 'v7'), ('+', 'x9', 'x4', 'v8'), ('*', 'x6', 'v8', 'v9')]","(0, 0, 0, 0, 0, 0, 1, 0, 0, 1)",10
22,"[('*', 'x2', 'x3', 'v0'), ('+', 'v0', 'v0', 'v1'), ('+', 'x9', 'v0', 'v2'), ('*', 'x6', 'x2', 'v3'), ('+', 'const_0', 'x0', 'v4'), ('//', 'x2', 'x5', 'v5'), ('//', 'x3', 'x9', 'v6'), ('*', 'v0', 'v1', 'v7'), ('//', 'v6', 'v3', 'v8'), ('*', 'const_1', 'x4', 'v9')]","(0, 0, 0, 0, 1, 0, 0, 0, 0, 0)",33
23,"[('+', 'x5', 'const_0', 'v0'), ('+', 'x3', 'const_1', 'v1'), ('*', 'x7', 'const_0', 'v2'), ('*', 'x0', 'x7', 'v3'), ('*', 'x7', 'x0', 'v4'), ('*', 'x1', 'x3', 'v5'), ('//', 'x6', 'x6', 'v6'), ('//', 'v3', 'v4', 'v7'), ('*', 'const_1', 'v6', 'v8'), ('+', 'v2', 'const_0', 'v9')]",None,1024
24,"[('//', 'x6', 'const_1', 'v0'), ('+', 'x0', 'x7', 'v1'), ('*', 'x2', 'x4', 'v2'), ('*', 'const_1', 'x0', 'v3'), ('*', 'v1', 'x6', 'v4'), ('*', 'const_0', 'x9', 'v5'), ('*', 'v1', 'const_0', 'v6'), ('+', 'x8', 'x3', 'v7'), ('*', 'x8', 'x4', 'v8'), ('//', 'const_0', 'v8', 'v9')]",None,1024
25,"[('+', 'x6', 'x7', 'v0'), ('//', 'x1', 'x9', 'v1'), ('//', 'x4', 'v1', 'v2'), ('//', 'const_1', 'x3', 'v3'), ('+', 'x5', 'const_0', 'v4'), ('*', 'x4', 'v3', 'v5'), ('//', 'x0', 'x2', 'v6'), ('//', 'x0', 'x9', 'v7'), ('//', 'x8', 'x7', 'v8'), ('//', 'x7', 'v4', 'v9')]","(0, 0, 0, 0, 0, 1, 0, 1, 0, 0)",21
26,"[('//', 'x8', 'const_1', 'v0'), ('+', 'x2', 'const_0', 'v1'), ('*', 'x7', 'x5', 'v2'), ('*', 'x3', 'x9', 'v3'), ('+', 'v0', 'v0', 'v4'), ('//', 'x0', 'x6', 'v5'), ('*', 'x5', 'x9', 'v6'), ('//', 'x0', 'v5', 'v7'), ('//', 'const_1', 'x6', 'v8'), ('*', 'x1', 'x8', 'v9')]","(0, 1, 0, 0, 0, 0, 0, 0, 1, 0)",259
27,"[('//', 'x5', 'x8', 'v0'), ('*', 'const_1', 'x7', 'v1'), ('+', 'v1', 'x9', 'v2'), ('+', 'x4', 'v1', 'v3'), ('+', 'x4', 'x8', 'v4'), ('+', 'v1', 'x2', 'v5'), ('*', 'const_0', 'x3', 'v6'), ('+', 'v3', 'x7', 'v7'), ('+', 'v6', 'v7', 'v8'), ('+', 'x5', 'x9', 'v9')]","(0, 0, 0, 0, 0, 0, 0, 0, 0, 1)",2
28,"[('*', 'x2', 'x7', 'v0'), ('+', 'x7', 'x5', 'v1'), ('//', 'v1', 'x5', 'v2'), ('//', 'v1', 'v0', 'v3'), ('//', 'x4', 'x8', 'v4'), ('+', 'v1', 'x7', 'v5'), ('//', 'x8', 'x9', 'v6'), ('+', 'v4', 'x0', 'v7'), ('*', 'v1', 'v7', 'v8'), ('+', 'v4', 'x6', 'v9')]","(0, 0, 0, 0, 0, 0, 1, 0, 0, 0)",9
29,"[('+', 'x9', 'x2', 'v0'), ('+', 'x3', 'x7', 'v1'), ('+', 'v0', 'x7', 'v2'), ('+', 'x4', 'x7', 'v3'), ('*', 'v2', 'x3', 'v4'), ('*', 'const_1', 'x7', 'v5'), ('*', 'x9', 'const_0', 'v6'), ('+', 'x7', 'v4', 'v7'), ('//', 'v4', 'x4', 'v8'), ('//', 'const_1', 'v8', 'v9')]","(0, 0, 0, 1, 1, 0, 0, 0, 0, 1)",98
30,"[('*', 'x6', 'x3', 'v0'), ('//', 'x8', 'const_1', 'v1'), ('*', 'v0', 'v1', 'v2'), ('//', 'x1', 'x1', 'v3'), ('//', 'x1', 'const_1', 'v4'), ('*', 'v0', 'x2', 'v5'), ('+', 'x1', 'x9', 'v6'), ('//', 'x1', 'x6', 'v7'), ('//', 'v3', 'v5', 'v8'), ('*', 'x6', 'v2', 'v9')]","(0, 0, 0, 1, 0, 0, 1, 0, 1, 0)",75
31,"[('+', 'x4', 'x7', 'v0'), ('//', 'x4', 'x3', 'v1'), ('//', 'x8', 'x8', 'v2'), ('//', 'const_1', 'x3', 'v3'), ('+', 'const_1', 'x5', 'v4'), ('//', 'x7', 'x3', 'v5'), ('*', 'x3', 'x8', 'v6'), ('*', 'v2', 'v5', 'v7'), ('+', 'x6', 'v5', 'v8'), ('+', 'x0', 'x3', 'v9')]","(0, 0, 0, 1, 0, 0, 0, 0, 0, 0)",65
32,"[('//', 'x4', 'const_1', 'v0'), ('//', 'x0', 'const_1', 'v1'), ('+', 'x7', 'x3', 'v2'), ('+', 'const_0', 'x7', 'v3'), ('//', 'x1', 'v0', 'v4'), ('+', 'x4', 'x2', 'v5'), ('+', 'x8', 'v0', 'v6'), ('+', 'v3', 'v2', 'v7'), ('+', 'const_1', 'v4', 'v8'), ('//', 'x8', 'x0', 'v9')]","(1, 0, 0, 0, 0, 0, 0, 0, 1, 0)",515
33,"[('+', 'const_0', 'x9', 'v0'), ('//', 'x0', 'const_1', 'v1'), ('*', 'x6', 'v0', 'v2'), ('+', 'x3', 'x4', 'v3'), ('+', 'v0', 'x2', 'v4'), ('//', 'x6', 'v3', 'v5'), ('+', 'v5', 'const_1', 'v6'), ('*', 'v2', 'v5', 'v7'), ('//', 'x7', 'x9', 'v8'), ('+', 'v2', 'const_1', 'v9')]","(0, 0, 0, 0, 0, 0, 0, 0, 0, 0)",1
34,"[('+', 'x1', 'x5', 'v0'), ('//', 'v0', 'x4', 'v1'), ('//', 'v0', 'x0', 'v2'), ('//', 'x9', 'v1', 'v3'), ('+', 'const_1', 'x3', 'v4'), ('//', 'x5', 'const_1', 'v5'), ('+', 'v4', 'x9', 'v6'), ('+', 'x6', 'x5', 'v7'), ('//', 'const_1', 'x5', 'v8'), ('//', 'x3', 'v2', 'v9')]","(1, 0, 0, 1, 0, 1, 0, 0, 0, 0)",593
35,"[('//', 'x8', 'x8', 'v0'), ('*', 'x6', 'x6', 'v1'), ('//', 'x0', 'const_1', 'v2'), ('//', 'x2', 'x4', 'v3'), ('*', 'const_0', 'x4', 'v4'), ('*', 'x7', 'x2', 'v5'), ('//', 'x0', 'x3', 'v6'), ('*', 'v0', 'x4', 'v7'), ('//', 'x0', 'v4', 'v8'), ('*', 'x0', 'v1', 'v9')]","(1, 0, 0, 0, 0, 0, 1, 0, 0, 0)",521
36,"[('+', 'x3', 'x7', 'v0'), ('//', 'const_0', 'v0', 'v1'), ('+', 'x2', 'x2', 'v2'), ('//', 'v0', 'x6', 'v3'), ('+', 'const_0', 'const_1', 'v4'), ('//', 'x4', 'x5', 'v5'), ('*', 'v1', 'v3', 'v6'), ('*', 'const_0', 'x6', 'v7'), ('+', 'x2', 'v5', 'v8'), ('+', 'v3', 'x7', 'v9')]","(0, 0, 0, 0, 0, 0, 0, 1, 0, 0)",5
37,"[('*', 'const_0', 'x3', 'v0'), ('+', 'x2', 'x2', 'v1'), ('*', 'const_1', 'x5', 'v2'), ('*', 'v2', 'x2', 'v3'), ('+', 'x8', 'x9', 'v4'), ('*', 'const_0', 'x6', 'v5'), ('//', 'x5', 'x6', 'v6'), ('//', 'x7', 'x4', 'v7'), ('//', 'x6', 'v4', 'v8'), ('+', 'v3', 'x4', 'v9')]","(0, 0, 0, 0, 1, 0, 0, 0, 0, 0)",33
38,"[('+', 'x2', 'x5', 'v0'), ('*', 'x9', 'x0', 'v1'), ('//', 'v0', 'x2', 'v2'), ('*', 'x3', 'x3', 'v3'), ('//', 'x1', 'x1', 'v4'), ('//', 'x2', 'const_1', 'v5'), ('*', 'v5', 'v0', 'v6'), ('*', 'x3', 'x8', 'v7'), ('*', 'x9', 'x5', 'v8'), ('+', 'x9', 'v8', 'v9')]","(0, 0, 0, 0, 0, 0, 0, 0, 0, 1)",2
39,"[('*', 'x0', 'const_0', 'v0'), ('+', 'x2', 'const_0', 'v1'), ('+', 'x4', 'v1', 'v2'), ('*', 'const_1', 'x9', 'v3'), ('*', 'x7', 'x4', 'v4'), ('+', 'v0', 'x0', 'v5'), ('+', 'x8', 'const_0', 'v6'), ('*', 'v1', 'v2', 'v7'), ('+', 'v5', 'const_0', 'v8'), ('*', 'x4', 'v1', 'v9')]","(0, 0, 1, 0, 1, 0, 0, 0, 0, 0)",161
40,"[('+', 'x7', 'x5', 'v0'), ('+', 'x2', 'x1', 'v1'), ('+', 'x7', 'v0', 'v2'), ('+', 'x6', 'const_1', 'v3'), ('*', 'x1', 'x2', 'v4'), ('*', 'x9', 'x6', 'v5'), ('//', 'x8', 'v1', 'v6'), ('+', 'const_0', 'v6', 'v7'), ('*', 'x2', 'const_1', 'v8'), ('*', 'v5', 'v7', 'v9')]","(0, 0, 1, 0, 0, 0, 1, 0, 1, 1)",140
41,"[('+', 'const_1', 'x8', 'v0'), ('*', 'x1', 'const_0', 'v1'), ('+', 'x2', 'const_1', 'v2'), ('//', 'x2', 'x9', 'v3'), ('+', 'x9', 'x6', 'v4'), ('*', 'x5', 'x6', 'v5'), ('+', 'x6', 'x5', 'v6'), ('+', 'v3', 'x7', 'v7'), ('//', 'x0', 'x3', 'v8'), ('*', 'v6', 'x9', 'v9')]","(0, 0, 0, 0, 0, 0, 1, 0, 0, 1)",10
42,"[('+', 'x9', 'x1', 'v0'), ('*', 'x7', 'x8', 'v1'), ('*', 'x5', 'x7', 'v2'), ('+', 'const_0', 'v2', 'v3'), ('+', 'v0', 'v3', 'v4'), ('//', 'x6', 'x2', 'v5'), ('+', 'x0', 'v5', 'v6'), ('//', 'x7', 'v3', 'v7'), ('+', 'x0', 'x2', 'v8'), ('+', 'v0', 'v1', 'v9')]","(0, 0, 0, 0, 0, 0, 0, 0, 0, 1)",2
43,"[('+', 'x5', 'x3', 'v0'), ('*', 'x3', 'const_0', 'v1'), ('+', 'x9', 'const_0', 'v2'), ('+', 'v2', 'x8', 'v3'), ('*', 'const_1', 'x4', 'v4'), ('//', 'x8', 'v4', 'v5'), ('//', 'v3', 'x6', 'v6'), ('+', 'const_0', 'x6', 'v7'), ('//', 'x9', 'x0', 'v8'), ('+', 'v0', 'const_1', 'v9')]","(0, 0, 0, 0, 0, 0, 0, 0, 0, 0)",1
44,"[('//', 'x8', 'x6', 'v0'), ('//', 'const_0', 'x6', 'v1'), ('//', 'v0', 'x0', 'v2'), ('//', 'x1', 'x8', 'v3'), ('//', 'x0', 'x9', 'v4'), ('+', 'const_0', 'x6', 'v5'), ('*', 'v1', 'v2', 'v6'), ('//', 'x3', 'v0', 'v7'), ('+', 'x9', 'const_0', 'v8'), ('+', 'v2', 'v0', 'v9')]","(0, 0, 0, 0, 0, 0, 1, 0, 1, 0)",11
45,"[('//', 'x7', 'x9', 'v0'), ('*', 'x8', 'x1', 'v1'), ('//', 'x5', 'x9', 'v2'), ('+', 'x8', 'const_0', 'v3'), ('//', 'v0', 'const_1', 'v4'), ('+', 'x4', 'x0', 'v5'), ('*', 'v0', 'const_1', 'v6'), ('//', 'x0', 'x6', 'v7'), ('+', 'x9', 'x3', 'v8'), ('+', 'x3', 'x1', 'v9')]","(0, 0, 0, 1, 0, 0, 0, 0, 0, 0)",65
46,"[('*', 'const_0', 'x5', 'v0'), ('//', 'x8', 'x3', 'v1'), ('*', 'x0', 'x1', 'v2'), ('+', 'const_1', 'x2', 'v3'), ('+', 'x8', 'v1', 'v4'), ('*', 'x5', 'v3', 'v5'), ('//', 'const_0', 'const_1', 'v6'), ('//', 'v4', 'v0', 'v7'), ('+', 'v5', 'x9', 'v8'), ('+', 'v3', 'v0', 'v9')]","(0, 0, 0, 0, 0, 0, 0, 0, 0, 0)",1
47,"[('+', 'x7', 'x7', 'v0'), ('//', 'x0', 'x9', 'v1'), ('//', 'const_0', 'x2', 'v2'), ('//', 'x8', 'x4', 'v3'), ('//', 'v0', 'v0', 'v4'), ('//', 'v1', 'x3', 'v5'), ('*', 'const_1', 'x2', 'v6'), ('+', 'x0', 'x4', 'v7'), ('//', 'x7', 'v7', 'v8'), ('//', 'const_0', 'x2', 'v9')]",None,1024
48,"[('+', 'x8', 'const_0', 'v0'), ('//', 'x9', 'x0', 'v1'), ('//', 'v1', 'x3', 'v2'), ('//', 'x4', 'x5', 'v3'), ('*', 'x9', 'x3', 'v4'), ('*', 'v3', 'v1', 'v5'), ('//', 'v4', 'x6', 'v6'), ('+', 'v2', 'v6', 'v7'), ('+', 'v6', 'v0', 'v8'), ('+', 'v6', 'v1', 'v9')]","(0, 0, 0, 1, 0, 0, 1, 0, 0, 1)",74
49,"[('+', 'x8', 'x8', 'v0'), ('+', 'x1', 'x1', 'v1'), ('//', 'const_0', 'v0', 'v2'), ('+', 'x0', 'x6', 'v3'), ('+', 'const_1', 'x5', 'v4'), ('//', 'x9', 'x1', 'v5'), ('*', 'const_0', 'x2', 'v6'), ('//', 'v4', 'x0', 'v7'), ('+', 'v7', 'v3', 'v8'), ('*', 'x0', 'x0', 'v9')]","(1, 0, 0, 0, 0, 0, 0, 0, 0, 0)",513
50,"[('//', 'x2', 'x7', 'v0'), ('*', 'x5', 'const_1', 'v1'), ('//', 'const_0', 'const_1', 'v2'), ('+', 'x4', 'const_0', 'v3'), ('+', 'x1', 'x9', 'v4'), ('//', 'const_1', 'x3', 'v5'), ('+', 'v4', 'v2', 'v6'), ('//', 'x4', 'x2', 'v7'), ('+', 'v3', 'v5', 'v8'), ('//', 'x4', 'v4', 'v9')]","(0, 0, 0, 0, 1, 0, 0, 0, 0, 1)",34
51,"[('+', 'x4', 'x1', 'v0'), ('+', 'v0', 'v0', 'v1'), ('+', 'const_0', 'const_1', 'v2'), ('//', 'x4', 'v1', 'v3'), ('//', 'x5', 'x8', 'v4'), ('//', 'x6', 'x2', 'v5'), ('//', 'x3', 'v4', 'v6'), ('//', 'x2', 'v0', 'v7'), ('*', 'x0', 'x2', 'v8'), ('//', 'x6', 'x9', 'v9')]","(0, 0, 0, 0, 0, 0, 1, 0, 0, 1)",10
52,"[('+', 'const_1', 'x1', 'v0'), ('//', 'const_0', 'x5', 'v1'), ('+', 'x7', 'x1', 'v2'), ('//', 'x3', 'x9', 'v3'), ('//', 'x0', 'v2', 'v4'), ('*', 'x6', 'x2', 'v5'), ('//', 'x8', 'x1', 'v6'), ('+', 'v0', 'const_0', 'v7'), ('//', 'x4', 'x2', 'v8'), ('//', 'x9', 'x1', 'v9')]","(0, 1, 0, 0, 0, 0, 0, 0, 0, 1)",258
53,"[('//', 'x3', 'x5', 'v0'), ('+', 'x6', 'x7', 'v1'), ('*', 'x1', 'x7', 'v2'), ('//', 'x7', 'const_1', 'v3'), ('*', 'x4', 'x3', 'v4'), ('*', 'x8', 'x6', 'v5'), ('*', 'const_0', 'v1', 'v6'), ('//', 'x2', 'const_1', 'v7'), ('*', 'x8', 'x3', 'v8'), ('//', 'x3', 'const_1', 'v9')]","(0, 0, 0, 1, 0, 0, 0, 0, 0, 0)",65
54,"[('+', 'x3', 'x4', 'v0'), ('+', 'x5', 'x8', 'v1'), ('//', 'x6', 'v1', 'v2'), ('+', 'const_0', 'x0', 'v3'), ('+', 'v3', 'const_0', 'v4'), ('+', 'x3', 'v2', 'v5'), ('*', 'x1', 'x0', 'v6'), ('*', 'x0', 'x3', 'v7'), ('*', 'x4', 'v4', 'v8'), ('*', 'x5', 'x5', 'v9')]","(0, 0, 0, 0, 0, 1, 0, 0, 0, 0)",17
55,"[('//', 'const_1', 'const_1', 'v0'), ('//', 'const_1', 'x3', 'v1'), ('*', 'x5', 'const_1', 'v2'), ('*', 'const_1', 'v2', 'v3'), ('*', 'x9', 'x2', 'v4'), ('//', 'x8', 'x4', 'v5'), ('+', 'x0', 'x3', 'v6'), ('*', 'v3', 'v5', 'v7'), ('*', 'x5', 'v6', 'v8'), ('+', 'v3', 'x9', 'v9')]","(0, 0, 0, 0, 0, 0, 0, 0, 0, 1)",2
56,"[('//', 'x8', 'x0', 'v0'), ('//', 'x6', 'x8', 'v1'), ('*', 'const_1', 'v1', 'v2'), ('+', 'x5', 'x5', 'v3'), ('+', 'v3', 'v2', 'v4'), ('+', 'x7', 'x3', 'v5'), ('//', 'v1', 'x3', 'v6'), ('+', 'x6', 'v0', 'v7'), ('*', 'x0', 'v4', 'v8'), ('*', 'v2', 'const_0', 'v9')]",None,1024
57,"[('*', 'x7', 'x2', 'v0'), ('//', 'const_0', 'const_1', 'v1'), ('//', 'x3', 'v0', 'v2'), ('*', 'x6', 'const_1', 'v3'), ('*', 'x4', 'x0', 'v4'), ('*', 'const_1', 'v4', 'v5'), ('*', 'v3', 'v0', 'v6'), ('+', 'x0', 'x8', 'v7'), ('//', 'v1', 'v5', 'v8'), ('+', 'v1', 'v6', 'v9')]","(0, 0, 1, 0, 0, 0, 1, 1, 0, 0)",141
58,"[('*', 'x5', 'x6', 'v0'), ('+', 'x2', 'const_1', 'v1'), ('*', 'x4', 'x2', 'v2'), ('+', 'x2', 'x2', 'v3'), ('//', 'x9', 'v0', 'v4'), ('//', 'x5', 'x4', 'v5'), ('+', 'const_1', 'x8', 'v6'), ('//', 'x8', 'v0', 'v7'), ('+', 'x3', 'x9', 'v8'), ('//', 'x6', 'v8', 'v9')]","(0, 0, 0, 0, 0, 0, 1, 0, 0, 1)",10
59,"[('//', 'x0', 'x3', 'v0'), ('*', 'const_0', 'const_1', 'v1'), ('+', 'const_0', 'x8', 'v2'), ('+', 'x6', 'v2', 'v3'), ('*', 'x6', 'x2', 'v4'), ('*', 'v0', 'x3', 'v5'), ('//', 'x7', 'const_1', 'v6'), ('*', 'v1', 'x7', 'v7'), ('//', 'v4', 'x4', 'v8'), ('*', 'v3', 'v5', 'v9')]","(1, 0, 0, 1, 0, 0, 0, 0, 1, 0)",579
60,"[('//', 'x8', 'x0', 'v0'), ('//', 'const_0', 'v0', 'v1'), ('//', 'x3', 'x9', 'v2'), ('*', 'x5', 'x4', 'v3'), ('//', 'x7', 'x1', 'v4'), ('*', 'x8', 'v1', 'v5'), ('*', 'x6', 'v3', 'v6'), ('//', 'v1', 'v4', 'v7'), ('*', 'x9', 'x9', 'v8'), ('+', 'x8', 'v8', 'v9')]","(0, 0, 0, 0, 0, 0, 0, 0, 0, 1)",2
61,"[('+', 'x0', 'const_1', 'v0'), ('//', 'x4', 'x1', 'v1'), ('+', 'x0', 'const_0', 'v2'), ('+', 'const_1', 'v1', 'v3'), ('+', 'const_1', 'x0', 'v4'), ('//', 'x9', 'x7', 'v5'), ('//', 'x5', 'x8', 'v6'), ('//', 'v5', 'v6', 'v7'), ('+', 'v5', 'x4', 'v8'), ('*', 'x1', 'v3', 'v9')]","(0, 1, 0, 0, 0, 0, 0, 0, 0, 0)",257
62,"[('//', 'x3', 'x5', 'v0'), ('//', 'x2', 'x8', 'v1'), ('*', 'x7', 'v1', 'v2'), ('+', 'x6', 'x3', 'v3'), ('//', 'v2', 'x6', 'v4'), ('*', 'x8', 'x9', 'v5'), ('*', 'x0', 'x5', 'v6'), ('//', 'x5', 'x5', 'v7'), ('+', 'v4', 'v6', 'v8'), ('*', 'const_1', 'x8', 'v9')]","(0, 0, 0, 0, 0, 0, 0, 0, 1, 0)",3
63,"[('+', 'x3', 'x9', 'v0'), ('+', 'x6', 'x5', 'v1'), ('//', 'x3', 'x2', 'v2'), ('*', 'x5', 'x6', 'v3'), ('//', 'v0', 'x3', 'v4'), ('*', 'const_0', 'v3', 'v5'), ('//', 'x7', 'x1', 'v6'), ('//', 'v0', 'v2', 'v7'), ('//', 'x1', 'x0', 'v8'), ('+', 'v0', 'x3', 'v9')]","(0, 0, 0, 0, 0, 0, 0, 0, 0, 1)",2
64,"[('*', 'x0', 'x0', 'v0'), ('//', 'const_0', 'x6', 'v1'), ('*', 'v1', 'x4', 'v2'), ('+', 'x3', 'x0', 'v3'), ('//', 'x0', 'x8', 'v4'), ('//', 'x4', 'x5', 'v5'), ('*', 'x6', 'v3', 'v6'), ('+', 'x1', 'v6', 'v7'), ('+', 'x7', 'x3', 'v8'), ('//', 'x1', 'v0', 'v9')]","(1, 1, 0, 0, 0, 0, 0, 0, 0, 0)",769
65,"[('//', 'x9', 'x1', 'v0'), ('//', 'v0', 'x7', 'v1'), ('//', 'x0', 'const_1', 'v2'), ('//', 'v1', 'v2', 'v3'), ('+', 'v1', 'v2', 'v4'), ('+', 'x2', 'x1', 'v5'), ('//', 'v4', 'v2', 'v6'), ('//', 'v5', 'const_1', 'v7'), ('//', 'x2', 'x2', 'v8'), ('//', 'x4', 'v4', 'v9')]","(0, 1, 0, 0, 1, 0, 0, 1, 0, 1)",294
66,"[('*', 'x8', 'const_1', 'v0'), ('*', 'x7', 'x9', 'v1'), ('*', 'x9', 'x8', 'v2'), ('+', 'x0', 'const_0', 'v3'), ('+', 'const_0', 'x5', 'v4'), ('*', 'v1', 'x9', 'v5'), ('*', 'x2', 'const_1', 'v6'), ('//', 'x8', 'x7', 'v7'), ('//', 'x9', 'x5', 'v8'), ('*', 'x7', 'x4', 'v9')]","(0, 0, 0, 0, 1, 0, 0, 1, 0, 0)",37
67,"[('+', 'x1', 'const_0', 'v0'), ('+', 'const_0', 'x7', 'v1'), ('//', 'const_0', 'x5', 'v2'), ('+', 'x1', 'x7', 'v3'), ('*', 'x8', 'x1', 'v4'), ('+', 'x6', 'v3', 'v5'), ('+', 'x6', 'x7', 'v6'), ('//', 'x9', 'x1', 'v7'), ('//', 'const_1', 'x0', 'v8'), ('//', 'x4', 'v2', 'v9')]",None,1024
68,"[('*', 'x7', 'x2', 'v0'), ('*', 'x9', 'x3', 'v1'), ('//', 'x1', 'const_1', 'v2'), ('*', 'v1', 'x8', 'v3'), ('*', 'x3', 'x4', 'v4'), ('+', 'x2', 'x9', 'v5'), ('*', 'v1', 'const_0', 'v6'), ('+', 'v6', 'x7', 'v7'), ('+', 'x3', 'x5', 'v8'), ('*', 'x5', 'const_1', 'v9')]","(0, 0, 0, 0, 0, 1, 0, 0, 0, 0)",17
69,"[('+', 'const_1', 'const_0', 'v0'), ('+', 'x2', 'v0', 'v1'), ('*', 'x0', 'v1', 'v2'), ('*', 'x3', 'x1', 'v3'), ('//', 'x4', 'v3', 'v4'), ('*', 'v3', 'x6', 'v5'), ('//', 'x1', 'x8', 'v6'), ('//', 'x5', 'v4', 'v7'), ('*', 'x0', 'v1', 'v8'), ('//', 'x0', 'x3', 'v9')]","(1, 0, 0, 1, 0, 0, 0, 0, 0, 0)",577
70,"[('//', 'x5', 'x2', 'v0'), ('//', 'x3', 'x0', 'v1'), ('+', 'x6', 'x8', 'v2'), ('//', 'const_1', 'x3', 'v3'), ('+', 'x5', 'v3', 'v4'), ('+', 'v4', 'x2', 'v5'), ('+', 'x7', 'x1', 'v6'), ('//', 'const_1', 'v6', 'v7'), ('//', 'v0', 'const_1', 'v8'), ('*', 'x8', 'x3', 'v9')]","(0, 0, 0, 1, 0, 0, 0, 0, 1, 0)",67
71,"[('//', 'x3', 'x9', 'v0'), ('+', 'x0', 'x2', 'v1'), ('+', 'x0', 'x0', 'v2'), ('//', 'x6', 'x6', 'v3'), ('+', 'x3', 'v2', 'v4'), ('*', 'x6', 'x4', 'v5'), ('+', 'x5', 'v3', 'v6'), ('+', 'x7', 'x7', 'v7'), ('+', 'x8', 'x4', 'v8'), ('+', 'x8', 'x1', 'v9')]","(0, 0, 0, 0, 0, 0, 0, 0, 1, 0)",3
72,"[('//', 'x6', 'const_1', 'v0'), ('//', 'x7', 'v0', 'v1'), ('*', 'v1', 'x6', 'v2'), ('//', 'x0', 'x9', 'v3'), ('//', 'x1', 'x5', 'v4'), ('*', 'v2', 'const_1', 'v5'), ('*', 'x3', 'x8', 'v6'), ('//', 'v6', 'v2', 'v7'), ('+', 'v6', 'x5', 'v8'), ('//', 'x4', 'v0', 'v9')]","(0, 0, 0, 0, 1, 0, 1, 0, 0, 0)",41
73,"[('*', 'x3', 'x0', 'v0'), ('*', 'x1', 'const_1', 'v1'), ('//', 'x8', 'v0', 'v2'), ('*', 'const_0', 'x8', 'v3'), ('//', 'x6', 'x9', 'v4'), ('+', 'x1', 'x1', 'v5'), ('*', 'v2', 'v4', 'v6'), ('*', 'v0', 'v4', 'v7'), ('+', 'x2', 'x9', 'v8'), ('//', 'x7', 'x4', 'v9')]","(0, 0, 0, 0, 1, 0, 0, 1, 0, 0)",37
74,"[('//', 'x2', 'x1', 'v0'), ('*', 'x4', 'x8', 'v1'), ('*', 'const_1', 'v0', 'v2'), ('+', 'x6', 'x4', 'v3'), ('*', 'x8', 'const_1', 'v4'), ('*', 'v0', 'v1', 'v5'), ('+', 'x9', 'v1', 'v6'), ('+', 'v5', 'const_0', 'v7'), ('//', 'x8', 'x5', 'v8'), ('*', 'x6', 'v0', 'v9')]","(0, 1, 1, 0, 0, 0, 1, 0, 0, 0)",393
75,"[('//', 'x7', 'x4', 'v0'), ('+', 'v0', 'x8', 'v1'), ('//', 'x2', 'v0', 'v2'), ('*', 'v1', 'x7', 'v3'), ('*', 'x3', 'v0', 'v4'), ('//', 'v4', 'x3', 'v5'), ('*', 'const_1', 'x7', 'v6'), ('+', 'const_1', 'x9', 'v7'), ('//', 'x8', 'x6', 'v8'), ('//', 'x0', 'x5', 'v9')]","(1, 0, 0, 0, 0, 1, 0, 0, 0, 0)",529
76,"[('*', 'x6', 'x3', 'v0'), ('*', 'const_0', 'x8', 'v1'), ('*', 'x3', 'const_1', 'v2'), ('//', 'x1', 'x3', 'v3'), ('*', 'x4', 'x5', 'v4'), ('+', 'x9', 'x3', 'v5'), ('+', 'x0', 'v1', 'v6'), ('+', 'x4', 'const_0', 'v7'), ('+', 'v6', 'const_0', 'v8'), ('+', 'v7', 'x6', 'v9')]","(0, 0, 0, 0, 0, 0, 1, 0, 0, 0)",9
77,"[('*', 'x2', 'const_1', 'v0'), ('*', 'v0', 'x0', 'v1'), ('+', 'x7', 'v1', 'v2'), ('//', 'x9', 'x4', 'v3'), ('+', 'x3', 'v0', 'v4'), ('*', 'v3', 'v1', 'v5'), ('//', 'const_1', 'v4', 'v6'), ('*', 'x8', 'x6', 'v7'), ('//', 'x3', 'x4', 'v8'), ('//', 'x4', 'x5', 'v9')]","(0, 0, 0, 0, 1, 1, 0, 0, 0, 0)",49
78,"[('+', 'x4', 'x9', 'v0'), ('+', 'x9', 'x0', 'v1'), ('+', 'x2', 'x1', 'v2'), ('//', 'x6', 'x7', 'v3'), ('//', 'v2', 'x2', 'v4'), ('*', 'const_1', 'x9', 'v5'), ('*', 'x7', 'const_0', 'v6'), ('*', 'v1', 'x4', 'v7'), ('+', 'v7', 'x3', 'v8'), ('+', 'x7', 'const_1', 'v9')]","(0, 0, 0, 0, 0, 0, 0, 0, 0, 0)",1
79,"[('*', 'x8', 'const_1', 'v0'), ('*', 'x8', 'x5', 'v1'), ('//', 'x4', 'v0', 'v2'), ('//', 'v0', 'const_1', 'v3'), ('+', 'x2', 'v1', 'v4'), ('//', 'v3', 'x8', 'v5'), ('*', 'x5', 'x0', 'v6'), ('+', 'x8', 'const_1', 'v7'), ('*', 'const_1', 'v1', 'v8'), ('//', 'x9', 'x1', 'v9')]","(0, 1, 0, 0, 0, 0, 0, 0, 0, 1)",258
80,"[('+', 'x3', 'x8', 'v0'), ('//', 'x1', 'const_1', 'v1'), ('//', 'x6', 'x1', 'v2'), ('+', 'v0', 'x6', 'v3'), ('+', 'x4', 'x5', 'v4'), ('*', 'v2', 'x0', 'v5'), ('//', 'x9', 'v4', 'v6'), ('+', 'const_1', 'x5', 'v7'), ('//', 'const_1', 'const_1', 'v8'), ('//', 'v6', 'v1', 'v9')]","(0, 1, 0, 0, 0, 1, 0, 0, 0, 1)",274
81,"[('*', 'x0', 'x8', 'v0'), ('//', 'x7', 'x5', 'v1'), ('*', 'x0', 'x3', 'v2'), ('//', 'x8', 'x5', 'v3'), ('//', 'const_0', 'x2', 'v4'), ('+', 'x4', 'const_1', 'v5'), ('*', 'const_0', 'x6', 'v6'), ('+', 'const_1', 'const_0', 'v7'), ('*', 'v4', 'const_0', 'v8'), ('*', 'v1', 'x5', 'v9')]","(0, 0, 0, 0, 0, 1, 0, 1, 0, 0)",21
82,"[('*', 'const_1', 'x0', 'v0'), ('+', 'x4', 'x7', 'v1'), ('//', 'x8', 'x8', 'v2'), ('*', 'x6', 'x2', 'v3'), ('*', 'x8', 'x8', 'v4'), ('+', 'x0', 'x0', 'v5'), ('+', 'x6', 'v1', 'v6'), ('//', 'const_0', 'v1', 'v7'), ('+', 'v7', 'v4', 'v8'), ('//', 'x3', 'const_1', 'v9')]","(0, 0, 0, 1, 0, 0, 0, 0, 0, 0)",65
83,"[('+', 'const_0', 'x8', 'v0'), ('*', 'x6', 'x8', 'v1'), ('*', 'x9', 'const_0', 'v2'), ('*', 'v2', 'x7', 'v3'), ('+', 'v1', 'const_1', 'v4'), ('*', 'x1', 'x6', 'v5'), ('*', 'x3', 'x4', 'v6'), ('//', 'const_0', 'const_1', 'v7'), ('+', 'v1', 'v0', 'v8'), ('+', 'x0', 'v8', 'v9')]","(0, 0, 0, 0, 0, 0, 0, 0, 1, 0)",3
84,"[('*', 'x6', 'x6', 'v0'), ('*', 'const_0', 'const_1', 'v1'), ('+', 'const_0', 'x4', 'v2'), ('+', 'x0', 'x8', 'v3'), ('*', 'x1', 'x7', 'v4'), ('//', 'x8', 'const_1', 'v5'), ('+', 'const_0', 'x3', 'v6'), ('*', 'x1', 'x3', 'v7'), ('//', 'v7', 'const_1', 'v8'), ('+', 'const_1', 'v6', 'v9')]","(0, 0, 0, 0, 0, 0, 0, 0, 0, 0)",1
85,"[('//', 'x1', 'x1', 'v0'), ('*', 'x9', 'x7', 'v1'), ('*', 'v0', 'v1', 'v2'), ('//', 'x6', 'const_1', 'v3'), ('//', 'x4', 'x7', 'v4'), ('+', 'x4', 'v4', 'v5'), ('+', 'x9', 'v0', 'v6'), ('//', 'x5', 'x7', 'v7'), ('+', 'x5', 'v2', 'v8'), ('//', 'x3', 'x0', 'v9')]","(1, 0, 0, 1, 0, 0, 0, 0, 0, 0)",577
86,"[('*', 'x5', 'x2', 'v0'), ('+', 'x1', 'x1', 'v1'), ('//', 'x7', 'x6', 'v2'), ('*', 'v0', 'const_1', 'v3'), ('+', 'x7', 'x6', 'v4'), ('*', 'x0', 'v2', 'v5'), ('+', 'v4', 'x7', 'v6'), ('//', 'v5', 'x2', 'v7'), ('//', 'v3', 'const_1', 'v8'), ('*', 'v3', 'v4', 'v9')]","(0, 0, 1, 0, 0, 1, 0, 1, 0, 0)",149
87,"[('*', 'x8', 'x5', 'v0'), ('*', 'x1', 'x1', 'v1'), ('*', 'x9', 'x1', 'v2'), ('+', 'x7', 'x5', 'v3'), ('*', 'v2', 'x0', 'v4'), ('//', 'x3', 'x6', 'v5'), ('+', 'x9', 'v3', 'v6'), ('*', 'x4', 'x8', 'v7'), ('*', 'v6', 'v1', 'v8'), ('//', 'x4', 'v2', 'v9')]","(0, 1, 0, 0, 1, 0, 0, 0, 0, 1)",290
88,"[('//', 'const_0', 'const_1', 'v0'), ('//', 'x9', 'x2', 'v1'), ('+', 'const_1', 'x7', 'v2'), ('+', 'v1', 'v0', 'v3'), ('//', 'v2', 'const_1', 'v4'), ('//', 'x0', 'v4', 'v5'), ('//', 'x4', 'x3', 'v6'), ('//', 'x1', 'v1', 'v7'), ('+', 'const_1', 'v1', 'v8'), ('+', 'const_1', 'v6', 'v9')]","(0, 0, 0, 0, 0, 0, 0, 0, 0, 0)",1
89,"[('*', 'x1', 'x7', 'v0'), ('+', 'x7', 'x3', 'v1'), ('*', 'x0', 'x7', 'v2'), ('//', 'x7', 'v2', 'v3'), ('//', 'x3', 'const_1', 'v4'), ('+', 'v4', 'x5', 'v5'), ('*', 'x9', 'v0', 'v6'), ('+', 'x1', 'const_1', 'v7'), ('//', 'v6', 'x4', 'v8'), ('//', 'x0', 'v3', 'v9')]","(1, 0, 0, 0, 0, 0, 0, 1, 0, 0)",517
90,"[('+', 'x9', 'x1', 'v0'), ('//', 'x3', 'v0', 'v1'), ('*', 'x1', 'x9', 'v2'), ('//', 'x0', 'const_1', 'v3'), ('//', 'x0', 'v2', 'v4'), ('*', 'v2', 'x1', 'v5'), ('//', 'x8', 'v0', 'v6'), ('+', 'x1', 'v1', 'v7'), ('//', 'x3', 'x5', 'v8'), ('*', 'const_1', 'v8', 'v9')]","(0, 0, 0, 1, 0, 1, 0, 0, 0, 0)",81
91,"[('*', 'x4', 'x1', 'v0'), ('//', 'x9', 'x0', 'v1'), ('+', 'const_0', 'x6', 'v2'), ('+', 'const_0', 'x1', 'v3'), ('+', 'const_0', 'v2', 'v4'), ('//', 'v0', 'x6', 'v5'), ('*', 'x6', 'x4', 'v6'), ('+', 'x4', 'x2', 'v7'), ('//', 'v7', 'x4', 'v8'), ('+', 'v8', 'v0', 'v9')]","(0, 0, 0, 0, 1, 0, 0, 0, 0, 0)",33
92,"[('+', 'x5', 'const_1', 'v0'), ('*', 'v0', 'x7', 'v1'), ('//', 'x6', 'x3', 'v2'), ('+', 'x9', 'x6', 'v3'), ('//', 'v2', 'v3', 'v4'), ('//', 'x7', 'const_1', 'v5'), ('+', 'v4', 'x3', 'v6'), ('+', 'x8', 'v5', 'v7'), ('+', 'x3', 'v3', 'v8'), ('*', 'const_0', 'x6', 'v9')]",None,1024
93,"[('*', 'x2', 'const_1', 'v0'), ('+', 'x2', 'x7', 'v1'), ('*', 'x0', 'x2', 'v2'), ('*', 'x5', 'v2', 'v3'), ('+', 'x8', 'v3', 'v4'), ('//', 'v2', 'v1', 'v5'), ('+', 'x3', 'x8', 'v6'), ('*', 'x0', 'v4', 'v7'), ('+', 'x8', 'v4', 'v8'), ('//', 'x5', 'v2', 'v9')]","(1, 0, 1, 0, 0, 1, 0, 0, 0, 0)",657
94,"[('*', 'x9', 'x7', 'v0'), ('+', 'x4', 'x1', 'v1'), ('//', 'x2', 'v1', 'v2'), ('//', 'x1', 'const_1', 'v3'), ('//', 'v3', 'x4', 'v4'), ('//', 'x5', 'v3', 'v5'), ('+', 'v2', 'v2', 'v6'), ('*', 'v3', 'v2', 'v7'), ('*', 'x2', 'x2', 'v8'), ('//', 'v6', 'x0', 'v9')]","(1, 0, 1, 0, 1, 0, 0, 0, 0, 0)",673
95,"[('//', 'x7', 'const_1', 'v0'), ('//', 'x7', 'x2', 'v1'), ('+', 'x8', 'x3', 'v2'), ('*', 'x8', 'x7', 'v3'), ('//', 'v0', 'x3', 'v4'), ('+', 'v0', 'x7', 'v5'), ('+', 'x6', 'v1', 'v6'), ('//', 'v6', 'x2', 'v7'), ('*', 'const_0', 'x7', 'v8'), ('*', 'v1', 'v7', 'v9')]","(0, 0, 1, 0, 0, 0, 0, 1, 0, 0)",133
96,"[('//', 'x3', 'x0', 'v0'), ('//', 'x5', 'x9', 'v1'), ('//', 'x2', 'x3', 'v2'), ('*', 'x6', 'v1', 'v3'), ('*', 'x0', 'v1', 'v4'), ('//', 'x7', 'const_1', 'v5'), ('//', 'x1', 'x3', 'v6'), ('//', 'v3', 'x8', 'v7'), ('//', 'x4', 'v1', 'v8'), ('//', 'v3', 'x6', 'v9')]","(0, 0, 0, 0, 0, 1, 1, 0, 0, 1)",26
97,"[('//', 'const_0', 'const_1', 'v0'), ('*', 'const_0', 'x7', 'v1'), ('+', 'x9', 'x5', 'v2'), ('+', 'x0', 'x4', 'v3'), ('//', 'x9', 'x1', 'v4'), ('//', 'x3', 'v4', 'v5'), ('*', 'v0', 'x0', 'v6'), ('//', 'x5', 'v1', 'v7'), ('*', 'x2', 'v4', 'v8'), ('*', 'x8', 'x9', 'v9')]","(0, 0, 0, 0, 0, 0, 0, 0, 1, 1)",4
98,"[('*', 'x8', 'x7', 'v0'), ('+', 'x0', 'x0', 'v1'), ('*', 'x1', 'x0', 'v2'), ('+', 'x5', 'v2', 'v3'), ('//', 'x2', 'x1', 'v4'), ('+', 'x0', 'x4', 'v5'), ('//', 'v2', 'const_1', 'v6'), ('+', 'x4', 'x8', 'v7'), ('*', 'const_0', 'x8', 'v8'), ('+', 'const_0', 'x6', 'v9')]","(0, 0, 0, 0, 0, 0, 1, 0, 0, 0)",9
99,"[('//', 'x8', 'x3', 'v0'), ('+', 'x5', 'x6', 'v1'), ('//', 'v1', 'x8', 'v2'), ('+', 'x3', 'x4', 'v3'), ('*', 'x8', 'x7', 'v4'), ('//', 'v0', 'x5', 'v5'), ('+', 'x5', 'v2', 'v6'), ('*', 'x3', 'v5', 'v7'), ('+', 'x0', 'v1', 'v8'), ('+', 'x2', 'v5', 'v9')]","(0, 0, 0, 1, 0, 1, 0, 0, 1, 0)",83
100,"[('//', 'x1', 'x1', 'v0'), ('//', 'x5', 'x7', 'v1'), ('//', 'v0', 'x1', 'v2'), ('*', 'x8', 'x6', 'v3'), ('//', 'const_0', 'v1', 'v4'), ('+', 'const_1', 'x1', 'v5'), ('*', 'const_1', 'x2', 'v6'), ('//', 'v0', 'x2', 'v7'), ('+', 'x0', 'const_1', 'v8'), ('+', 'v6', 'v5', 'v9')]","(0, 0, 0, 0, 0, 0, 0, 0, 0, 0)",1
101,"[('*', 'x8', 'x4', 'v0'), ('//', 'x2', 'x6', 'v1'), ('+', 'const_1', 'x5', 'v2'), ('+', 'x0', 'x1', 'v3'), ('+', 'x6', 'x3', 'v4'), ('*', 'x1', 'x0', 'v5'), ('//', 'x6', 'x8', 'v6'), ('+', 'v6', 'x4', 'v7'), ('//', 'v5', 'v2', 'v8'), ('+', 'x1', 'x5', 'v9')]","(0, 0, 0, 0, 0, 1, 0, 0, 0, 0)",17
102,"[('+', 'x7', 'const_1', 'v0'), ('*', 'x3', 'x9', 'v1'), ('+', 'x5', 'v0', 'v2'), ('+', 'x6', 'x3', 'v3'), ('+', 'x7', 'x3', 'v4'), ('+', 'x7', 'x1', 'v5'), ('*', 'v1', 'x1', 'v6'), ('//', 'x3', 'v1', 'v7'), ('+', 'const_1', 'v2', 'v8'), ('//', 'const_0', 'x1', 'v9')]",None,1024
103,"[('//', 'x4', 'x4', 'v0'), ('+', 'x0', 'x1', 'v1'), ('//', 'v0', 'x1', 'v2'), ('//', 'v1', 'x4', 'v3'), ('*', 'x2', 'const_0', 'v4'), ('*', 'x9', 'x8', 'v5'), ('+', 'const_1', 'v0', 'v6'), ('+', 'x3', 'v0', 'v7'), ('*', 'x2', 'v1', 'v8'), ('//', 'v0', 'x9', 'v9')]","(0, 0, 0, 0, 1, 0, 0, 0, 0, 1)",34
104,"[('+', 'const_1', 'const_0', 'v0'), ('*', 'const_1', 'x1', 'v1'), ('+', 'x6', 'const_1', 'v2'), ('//', 'x7', 'x1', 'v3'), ('*', 'x3', 'v3', 'v4'), ('//', 'x2', 'x4', 'v5'), ('+', 'x6', 'v1', 'v6'), ('//', 'v2', 'x4', 'v7'), ('//', 'const_0', 'v2', 'v8'), ('//', 'v3', 'const_1', 'v9')]","(0, 1, 0, 0, 0, 0, 0, 1, 0, 0)",261
105,"[('+', 'const_0', 'x9', 'v0'), ('//', 'x4', 'x3', 'v1'), ('+', 'x0', 'const_1', 'v2'), ('*', 'x1', 'const_0', 'v3'), ('//', 'const_0', 'x6', 'v4'), ('//', 'v4', 'x0', 'v5'), ('*', 'x8', 'x1', 'v6'), ('//', 'x3', 'x1', 'v7'), ('+', 'x6', 'v0', 'v8'), ('//', 'x5', 'x4', 'v9')]","(0, 0, 0, 0, 1, 1, 0, 0, 0, 0)",49
106,"[('+', 'x2', 'x1', 'v0'), ('//', 'const_1', 'x4', 'v1'), ('*', 'x1', 'x4', 'v2'), ('//', 'x0', 'const_1', 'v3'), ('//', 'x2', 'x2', 'v4'), ('+', 'x8', 'x8', 'v5'), ('*', 'x5', 'v0', 'v6'), ('//', 'x6', 'v0', 'v7'), ('*', 'v1', 'v6', 'v8'), ('*', 'x6', 'x6', 'v9')]","(0, 0, 0, 0, 0, 0, 1, 0, 0, 0)",9
107,"[('//', 'x3', 'x5', 'v0'), ('//', 'x6', 'const_1', 'v1'), ('//', 'x9', 'v1', 'v2'), ('//', 'x9', 'const_1', 'v3'), ('*', 'x4', 'x8', 'v4'), ('+', 'v4', 'v0', 'v5'), ('*', 'const_1', 'x4', 'v6'), ('*', 'x4', 'v5', 'v7'), ('//', 'x0', 'v3', 'v8'), ('//', 'const_0', 'const_1', 'v9')]",None,1024
108,"[('+', 'const_1', 'x7', 'v0'), ('//', 'x4', 'x3', 'v1'), ('//', 'v0', 'x5', 'v2'), ('*', 'v2', 'x9', 'v3'), ('+', 'x3', 'x1', 'v4'), ('+', 'x7', 'v4', 'v5'), ('+', 'const_1', 'v0', 'v6'), ('+', 'x5', 'x8', 'v7'), ('+', 'v0', 'v1', 'v8'), ('+', 'v1', 'v8', 'v9')]","(0, 0, 0, 0, 0, 0, 0, 0, 0, 0)",1
109,"[('*', 'x0', 'x7', 'v0'), ('*', 'const_1', 'v0', 'v1'), ('//', 'x1', 'x3', 'v2'), ('//', 'x1', 'v2', 'v3'), ('//', 'x6', 'x6', 'v4'), ('*', 'const_1', 'x1', 'v5'), ('+', 'x5', 'x7', 'v6'), ('+', 'x6', 'v6', 'v7'), ('*', 'const_1', 'x0', 'v8'), ('+', 'v1', 'v1', 'v9')]","(1, 0, 0, 0, 0, 0, 0, 1, 0, 0)",517
110,"[('//', 'const_1', 'const_1', 'v0'), ('//', 'x6', 'x7', 'v1'), ('*', 'x6', 'x5', 'v2'), ('//', 'const_0', 'const_1', 'v3'), ('*', 'x5', 'x9', 'v4'), ('+', 'x8', 'const_1', 'v5'), ('+', 'x0', 'const_0', 'v6'), ('+', 'v2', 'const_0', 'v7'), ('*', 'v5', 'const_0', 'v8'), ('*', 'x9', 'x3', 'v9')]","(0, 0, 0, 1, 0, 0, 0, 0, 0, 1)",66
111,"[('//', 'x8', 'const_1', 'v0'), ('*', 'x7', 'x8', 'v1'), ('*', 'x8', 'v1', 'v2'), ('+', 'v0', 'x3', 'v3'), ('+', 'v3', 'x5', 'v4'), ('+', 'x3', 'x2', 'v5'), ('+', 'x7', 'x0', 'v6'), ('//', 'x3', 'v6', 'v7'), ('+', 'x2', 'x4', 'v8'), ('*', 'v6', 'v7', 'v9')]","(0, 0, 0, 1, 0, 0, 0, 1, 0, 0)",69
112,"[('//', 'x4', 'x3', 'v0'), ('*', 'const_1', 'x3', 'v1'), ('//', 'x8', 'x0', 'v2'), ('+', 'x5', 'const_1', 'v3'), ('//', 'x2', 'x4', 'v4'), ('//', 'x9', 'x9', 'v5'), ('//', 'x1', 'x5', 'v6'), ('*', 'v0', 'x3', 'v7'), ('*', 'x1', 'v2', 'v8'), ('+', 'const_0', 'v5', 'v9')]","(0, 0, 0, 0, 0, 0, 0, 0, 0, 1)",2
113,"[('//', 'x9', 'const_1', 'v0'), ('*', 'const_0', 'x4', 'v1'), ('//', 'const_1', 'x5', 'v2'), ('*', 'v0', 'v0', 'v3'), ('//', 'x9', 'v2', 'v4'), ('//', 'v4', 'x8', 'v5'), ('*', 'x8', 'x2', 'v6'), ('//', 'const_1', 'x3', 'v7'), ('//', 'v6', 'v6', 'v8'), ('//', 'x7', 'x1', 'v9')]","(0, 1, 0, 0, 0, 0, 0, 1, 0, 0)",261
114,"[('//', 'x1', 'const_1', 'v0'), ('//', 'const_1', 'x9', 'v1'), ('+', 'x7', 'x1', 'v2'), ('+', 'x4', 'x3', 'v3'), ('+', 'v1', 'x3', 'v4'), ('//', 'v3', 'v0', 'v5'), ('*', 'x4', 'x0', 'v6'), ('*', 'x5', 'v3', 'v7'), ('*', 'v4', 'v0', 'v8'), ('//', 'x2', 'x3', 'v9')]","(0, 0, 1, 1, 0, 0, 0, 0, 0, 0)",193
115,"[('+', 'x6', 'x2', 'v0'), ('*', 'x8', 'x0', 'v1'), ('+', 'v0', 'x3', 'v2'), ('//', 'x2', 'x6', 'v3'), ('//', 'x7', 'v0', 'v4'), ('+', 'x5', 'x0', 'v5'), ('//', 'x1', 'const_1', 'v6'), ('*', 'v4', 'const_1', 'v7'), ('+', 'v3', 'v5', 'v8'), ('//', 'v0', 'x1', 'v9')]","(0, 1, 0, 0, 0, 0, 1, 0, 0, 0)",265
116,"[('//', 'const_1', 'x1', 'v0'), ('+', 'const_0', 'x1', 'v1'), ('*', 'x6', 'x5', 'v2'), ('+', 'x3', 'const_1', 'v3'), ('+', 'x9', 'x4', 'v4'), ('*', 'x9', 'x1', 'v5'), ('//', 'v3', 'x8', 'v6'), ('+', 'v6', 'v3', 'v7'), ('//', 'v3', 'v0', 'v8'), ('*', 'x9', 'x8', 'v9')]","(0, 0, 0, 0, 0, 0, 0, 0, 1, 1)",4
117,"[('+', 'const_1', 'x3', 'v0'), ('+', 'const_0', 'v0', 'v1'), ('+', 'const_1', 'const_1', 'v2'), ('//', 'v0', 'x5', 'v3'), ('*', 'v2', 'const_1', 'v4'), ('*', 'x1', 'x1', 'v5'), ('//', 'v4', 'x6', 'v6'), ('//', 'v5', 'v1', 'v7'), ('+', 'v3', 'v6', 'v8'), ('*', 'v3', 'v3', 'v9')]","(0, 0, 0, 0, 0, 1, 0, 0, 0, 0)",17
118,"[('+', 'const_0', 'x0', 'v0'), ('+', 'x8', 'v0', 'v1'), ('//', 'const_1', 'v0', 'v2'), ('+', 'x0', 'x6', 'v3'), ('*', 'x8', 'x7', 'v4'), ('*', 'x0', 'v1', 'v5'), ('//', 'x6', 'x7', 'v6'), ('*', 'x6', 'v1', 'v7'), ('//', 'x7', 'x8', 'v8'), ('+', 'v2', 'x3', 'v9')]","(0, 0, 0, 1, 0, 0, 0, 0, 0, 0)",65
119,"[('+', 'x9', 'x3', 'v0'), ('//', 'x2', 'x5', 'v1'), ('+', 'x7', 'const_0', 'v2'), ('*', 'x0', 'x0', 'v3'), ('+', 'v2', 'x2', 'v4'), ('*', 'v1', 'x8', 'v5'), ('*', 'const_1', 'v5', 'v6'), ('*', 'x8', 'x8', 'v7'), ('*', 'x7', 'v7', 'v8'), ('*', 'x5', 'x7', 'v9')]","(0, 0, 0, 0, 0, 1, 0, 1, 0, 0)",21
120,"[('*', 'x1', 'x9', 'v0'), ('+', 'x4', 'x3', 'v1'), ('*', 'x4', 'x9', 'v2'), ('+', 'v2', 'v1', 'v3'), ('//', 'v2', 'x7', 'v4'), ('+', 'v4', 'x2', 'v5'), ('+', 'x6', 'x2', 'v6'), ('//', 'x8', 'x2', 'v7'), ('+', 'v0', 'v2', 'v8'), ('+', 'v1', 'v6', 'v9')]","(0, 0, 0, 0, 0, 0, 1, 0, 0, 0)",9
121,"[('*', 'x1', 'const_0', 'v0'), ('+', 'x6', 'x3', 'v1'), ('//', 'x1', 'x9', 'v2'), ('*', 'x2', 'x8', 'v3'), ('//', 'x2', 'x2', 'v4'), ('+', 'v2', 'v2', 'v5'), ('//', 'x4', 'v1', 'v6'), ('*', 'v2', 'v0', 'v7'), ('//', 'v6', 'v0', 'v8'), ('*', 'x2', 'v7', 'v9')]",None,1024
122,"[('*', 'x1', 'x2', 'v0'), ('+', 'x7', 'x7', 'v1'), ('//', 'x3', 'const_1', 'v2'), ('+', 'x1', 'const_1', 'v3'), ('*', 'x8', 'x5', 'v4'), ('//', 'const_0', 'v3', 'v5'), ('*', 'v0', 'v0', 'v6'), ('//', 'x8', 'v2', 'v7'), ('+', 'const_1', 'x4', 'v8'), ('*', 'v3', 'x9', 'v9')]","(0, 0, 0, 0, 0, 0, 0, 0, 0, 1)",2
123,"[('+', 'x0', 'const_0', 'v0'), ('//', 'v0', 'x9', 'v1'), ('*', 'x8', 'x6', 'v2'), ('+', 'x5', 'x2', 'v3'), ('//', 'x7', 'v3', 'v4'), ('//', 'x3', 'x3', 'v5'), ('//', 'x0', 'const_1', 'v6'), ('*', 'const_1', 'x0', 'v7'), ('+', 'v2', 'v4', 'v8'), ('//', 'const_1', 'x8', 'v9')]","(0, 0, 0, 0, 0, 0, 0, 0, 1, 0)",3
124,"[('*', 'x8', 'x4', 'v0'), ('//', 'const_0', 'x7', 'v1'), ('+', 'x4', 'x3', 'v2'), ('//', 'x5', 'v1', 'v3'), ('+', 'const_1', 'v2', 'v4'), ('*', 'x0', 'v1', 'v5'), ('+', 'v3', 'x0', 'v6'), ('*', 'v6', 'x7', 'v7'), ('*', 'x9', 'x3', 'v8'), ('//', 'v5', 'v3', 'v9')]",None,1024
125,"[('//', 'x3', 'x3', 'v0'), ('*', 'x1', 'const_1', 'v1'), ('*', 'const_1', 'x1', 'v2'), ('//', 'x1', 'x9', 'v3'), ('*', 'const_1', 'x4', 'v4'), ('//', 'v2', 'x8', 'v5'), ('//', 'x8', 'x8', 'v6'), ('+', 'x3', 'x9', 'v7'), ('//', 'x6', 'x3', 'v8'), ('//', 'x2', 'x4', 'v9')]","(0, 0, 1, 0, 1, 0, 0, 0, 0, 0)",161
126,"[('*', 'x6', 'x9', 'v0'), ('*', 'x1', 'x6', 'v1'), ('//', 'x1', 'x7', 'v2'), ('+', 'v2', 'const_1', 'v3'), ('+', 'x7', 'const_0', 'v4'), ('+', 'x4', 'v2', 'v5'), ('+', 'x2', 'x4', 'v6'), ('//', 'v4', 'const_1', 'v7'), ('*', 'v4', 'const_1', 'v8'), ('//', 'v8', 'const_1', 'v9')]","(0, 0, 0, 0, 0, 0, 0, 1, 0, 0)",5
127,"[('//', 'const_0', 'const_1', 'v0'), ('*', 'x8', 'x4', 'v1'), ('//', 'x6', 'x2', 'v2'), ('+', 'x3', 'x4', 'v3'), ('*', 'x4', 'x3', 'v4'), ('*', 'x6', 'x6', 'v5'), ('+', 'x5', 'v4', 'v6'), ('//', 'x5', 'x7', 'v7'), ('//', 'x6', 'x9', 'v8'), ('*', 'x2', 'x6', 'v9')]","(0, 0, 1, 0, 0, 0, 1, 0, 0, 0)",137
128,"[('+', 'x8', 'x1', 'v0'), ('//', 'x0', 'x2', 'v1'), ('+', 'v1', 'x0', 'v2'), ('//', 'x2', 'const_1', 'v3'), ('*', 'const_1', 'x7', 'v4'), ('*', 'x5', 'v3', 'v5'), ('+', 'v4', 'x5', 'v6'), ('//', 'v5', 'v1', 'v7'), ('*', 'x0', 'x6', 'v8'), ('//', 'x1', 'x7', 'v9')]","(0, 1, 0, 0, 0, 0, 0, 1, 0, 0)",261
129,"[('*', 'x1', 'x3', 'v0'), ('+', 'x0', 'const_1', 'v1'), ('*', 'x1', 'v1', 'v2'), ('//', 'v0', 'x6', 'v3'), ('//', 'x3', 'x1', 'v4'), ('*', 'v4', 'x8', 'v5'), ('*', 'x2', 'x6', 'v6'), ('*', 'const_0', 'x5', 'v7'), ('+', 'v2', 'x3', 'v8'), ('+', 'v1', 'x9', 'v9')]","(0, 0, 0, 0, 0, 0, 0, 0, 0, 0)",1
130,"[('+', 'x6', 'const_0', 'v0'), ('+', 'v0', 'x8', 'v1'), ('+', 'const_0', 'const_0', 'v2'), ('+', 'x3', 'v0', 'v3'), ('*', 'x2', 'x5', 'v4'), ('*', 'v0', 'const_0', 'v5'), ('+', 'x7', 'x1', 'v6'), ('//', 'x4', 'const_1', 'v7'), ('*', 'x3', 'v4', 'v8'), ('*', 'x7', 'v1', 'v9')]","(0, 0, 0, 0, 0, 0, 0, 1, 1, 0)",7
131,"[('+', 'x9', 'x9', 'v0'), ('//', 'const_1', 'x1', 'v1'), ('*', 'x3', 'x0', 'v2'), ('+', 'x3', 'x8', 'v3'), ('*', 'v2', 'x0', 'v4'), ('*', 'const_1', 'x4', 'v5'), ('+', 'x4', 'x4', 'v6'), ('+', 'x8', 'x3', 'v7'), ('//', 'x0', 'const_1', 'v8'), ('*', 'const_0', 'x2', 'v9')]",None,1024
132,"[('+', 'x4', 'x7', 'v0'), ('*', 'v0', 'const_0', 'v1'), ('//', 'x2', 'x8', 'v2'), ('//', 'x1', 'x4', 'v3'), ('//', 'x5', 'x6', 'v4'), ('*', 'x8', 'x0', 'v5'), ('//', 'x1', 'x0', 'v6'), ('*', 'x5', 'x5', 'v7'), ('+', 'x8', 'x9', 'v8'), ('*', 'v2', 'v8', 'v9')]","(0, 0, 1, 0, 0, 0, 0, 0, 1, 0)",131
133,"[('//', 'const_0', 'x1', 'v0'), ('+', 'x3', 'x0', 'v1'), ('*', 'x4', 'x4', 'v2'), ('//', 'x4', 'x9', 'v3'), ('//', 'const_1', 'x5', 'v4'), ('*', 'x9', 'v1', 'v5'), ('*', 'v1', 'x9', 'v6'), ('//', 'v6', 'v1', 'v7'), ('//', 'v0', 'v7', 'v8'), ('//', 'v6', 'const_1', 'v9')]","(0, 0, 0, 1, 0, 0, 0, 0, 0, 1)",66
134,"[('//', 'const_0', 'const_1', 'v0'), ('//', 'x6', 'const_1', 'v1'), ('//', 'x1', 'v0', 'v2'), ('*', 'x5', 'x8', 'v3'), ('+', 'x7', 'x1', 'v4'), ('*', 'const_1', 'v2', 'v5'), ('*', 'v2', 'x3', 'v6'), ('+', 'v4', 'v4', 'v7'), ('//', 'x6', 'v3', 'v8'), ('*', 'const_1', 'v7', 'v9')]","(0, 0, 0, 0, 0, 0, 0, 1, 0, 0)",5
135,"[('+', 'x1', 'const_1', 'v0'), ('+', 'v0', 'const_1', 'v1'), ('+', 'x9', 'v0', 'v2'), ('*', 'const_1', 'v2', 'v3'), ('*', 'x1', 'v3', 'v4'), ('*', 'x0', 'v4', 'v5'), ('*', 'v3', 'const_1', 'v6'), ('*', 'v5', 'v0', 'v7'), ('*', 'v3', 'x4', 'v8'), ('//', 'x3', 'v8', 'v9')]","(0, 0, 0, 1, 1, 0, 0, 0, 0, 0)",97
136,"[('*', 'x2', 'x0', 'v0'), ('//', 'x4', 'x5', 'v1'), ('*', 'x8', 'v0', 'v2'), ('*', 'x8', 'x2', 'v3'), ('*', 'x8', 'x7', 'v4'), ('//', 'x7', 'x1', 'v5'), ('+', 'v2', 'x1', 'v6'), ('//', 'x3', 'v0', 'v7'), ('+', 'x8', 'x3', 'v8'), ('*', 'v5', 'v8', 'v9')]","(0, 1, 0, 0, 0, 0, 0, 1, 1, 0)",263
137,"[('//', 'x7', 'x6', 'v0'), ('*', 'x6', 'x8', 'v1'), ('*', 'x3', 'x1', 'v2'), ('*', 'x9', 'x5', 'v3'), ('//', 'x9', 'x8', 'v4'), ('+', 'x6', 'x7', 'v5'), ('*', 'v2', 'x9', 'v6'), ('*', 'x4', 'x4', 'v7'), ('*', 'v0', 'x5', 'v8'), ('+', 'const_1', 'v3', 'v9')]","(0, 0, 0, 0, 0, 0, 0, 0, 0, 0)",1
138,"[('//', 'x2', 'x4', 'v0'), ('//', 'x3', 'v0', 'v1'), ('*', 'x0', 'x8', 'v2'), ('//', 'x2', 'const_1', 'v3'), ('*', 'x9', 'const_0', 'v4'), ('+', 'x4', 'x0', 'v5'), ('+', 'x6', 'x3', 'v6'), ('//', 'v3', 'x9', 'v7'), ('*', 'x0', 'v5', 'v8'), ('+', 'v7', 'v6', 'v9')]","(0, 0, 0, 0, 0, 0, 1, 0, 0, 0)",9
139,"[('//', 'x7', 'x5', 'v0'), ('+', 'x9', 'x5', 'v1'), ('//', 'x8', 'x8', 'v2'), ('+', 'x8', 'x1', 'v3'), ('+', 'v1', 'x8', 'v4'), ('+', 'x2', 'x2', 'v5'), ('*', 'x6', 'v5', 'v6'), ('*', 'v6', 'v5', 'v7'), ('//', 'x6', 'x5', 'v8'), ('*', 'const_0', 'x9', 'v9')]",None,1024
140,"[('*', 'const_1', 'x6', 'v0'), ('//', 'const_0', 'x7', 'v1'), ('*', 'v0', 'v0', 'v2'), ('*', 'x6', 'x2', 'v3'), ('*', 'const_0', 'x9', 'v4'), ('+', 'x9', 'v1', 'v5'), ('+', 'v0', 'x2', 'v6'), ('*', 'x8', 'x4', 'v7'), ('*', 'x7', 'v6', 'v8'), ('*', 'x4', 'x0', 'v9')]","(1, 0, 0, 0, 1, 0, 0, 0, 0, 0)",545
141,"[('*', 'x3', 'x2', 'v0'), ('+', 'x2', 'x1', 'v1'), ('*', 'x4', 'x9', 'v2'), ('+', 'x2', 'x8', 'v3'), ('+', 'const_0', 'v0', 'v4'), ('//', 'v3', 'v1', 'v5'), ('//', 'x5', 'x1', 'v6'), ('//', 'v1', 'const_1', 'v7'), ('+', 'v6', 'v3', 'v8'), ('*', 'const_0', 'v2', 'v9')]",None,1024
142,"[('+', 'x1', 'x0', 'v0'), ('//', 'x1', 'v0', 'v1'), ('*', 'const_1', 'x9', 'v2'), ('+', 'x2', 'x8', 'v3'), ('*', 'const_0', 'x7', 'v4'), ('*', 'v4', 'x2', 'v5'), ('//', 'v1', 'const_1', 'v6'), ('//', 'x2', 'v4', 'v7'), ('+', 'v5', 'const_1', 'v8'), ('+', 'v2', 'v6', 'v9')]","(0, 0, 0, 0, 0, 0, 0, 0, 0, 1)",2
143,"[('*', 'x8', 'x4', 'v0'), ('+', 'x9', 'x7', 'v1'), ('+', 'const_1', 'const_0', 'v2'), ('*', 'x2', 'x1', 'v3'), ('*', 'x4', 'x1', 'v4'), ('*', 'x3', 'x6', 'v5'), ('+', 'x4', 'x8', 'v6'), ('*', 'x9', 'x7', 'v7'), ('//', 'x1', 'x4', 'v8'), ('*', 'v7', 'v0', 'v9')]","(0, 0, 0, 0, 1, 0, 0, 1, 1, 1)",40
144,"[('//', 'x7', 'x3', 'v0'), ('//', 'const_1', 'v0', 'v1'), ('+', 'x4', 'x7', 'v2'), ('*', 'v1', 'x2', 'v3'), ('//', 'x1', 'v2', 'v4'), ('*', 'x0', 'x5', 'v5'), ('+', 'x0', 'const_1', 'v6'), ('//', 'v5', 'x5', 'v7'), ('//', 'x6', 'v5', 'v8'), ('//', 'x9', 'x3', 'v9')]","(0, 0, 0, 1, 0, 0, 0, 0, 0, 1)",66
145,"[('+', 'const_0', 'x3', 'v0'), ('+', 'x1', 'const_1', 'v1'), ('//', 'v0', 'const_1', 'v2'), ('//', 'x5', 'x7', 'v3'), ('//', 'x0', 'v3', 'v4'), ('*', 'x3', 'const_1', 'v5'), ('//', 'x3', 'x8', 'v6'), ('+', 'x6', 'v5', 'v7'), ('//', 'x6', 'x2', 'v8'), ('*', 'x7', 'v4', 'v9')]","(1, 0, 0, 0, 0, 1, 0, 1, 0, 0)",533
146,"[('//', 'x4', 'x6', 'v0'), ('*', 'x4', 'x6', 'v1'), ('//', 'x3', 'const_1', 'v2'), ('+', 'x4', 'x5', 'v3'), ('+', 'x3', 'x0', 'v4'), ('//', 'v0', 'v2', 'v5'), ('*', 'x4', 'v5', 'v6'), ('//', 'const_1', 'v5', 'v7'), ('+', 'const_1', 'v4', 'v8'), ('+', 'x8', 'x3', 'v9')]","(0, 0, 0, 0, 0, 0, 0, 0, 1, 0)",3
147,"[('+', 'const_0', 'x0', 'v0'), ('*', 'x7', 'x0', 'v1'), ('//', 'x6', 'x3', 'v2'), ('+', 'x8', 'x3', 'v3'), ('*', 'x7', 'x3', 'v4'), ('+', 'x2', 'x2', 'v5'), ('*', 'x8', 'x3', 'v6'), ('//', 'x4', 'x0', 'v7'), ('*', 'x6', 'const_1', 'v8'), ('+', 'const_0', 'x5', 'v9')]","(0, 0, 0, 0, 0, 1, 0, 0, 0, 0)",17
148,"[('//', 'x9', 'const_1', 'v0'), ('//', 'x0', 'x0', 'v1'), ('*', 'v0', 'x6', 'v2'), ('+', 'v0', 'x3', 'v3'), ('+', 'x4', 'x2', 'v4'), ('//', 'v1', 'const_1', 'v5'), ('*', 'v4', 'x7', 'v6'), ('+', 'x3', 'v1', 'v7'), ('//', 'x6', 'v5', 'v8'), ('+', 'v2', 'x7', 'v9')]","(0, 0, 0, 0, 0, 0, 0, 1, 0, 0)",5
149,"[('+', 'const_0', 'x5', 'v0'), ('*', 'x5', 'x1', 'v1'), ('//', 'x1', 'v1', 'v2'), ('+', 'v2', 'x0', 'v3'), ('*', 'v1', 'x5', 'v4'), ('+', 'x9', 'x3', 'v5'), ('+', 'x5', 'x7', 'v6'), ('//', 'x1', 'x5', 'v7'), ('*', 'x9', 'v2', 'v8'), ('//', 'const_1', 'const_1', 'v9')]","(0, 0, 0, 0, 0, 0, 0, 0, 0, 0)",1
150,"[('//', 'x4', 'x0', 'v0'), ('*', 'x3', 'x7', 'v1'), ('//', 'v1', 'v0', 'v2'), ('+', 'const_1', 'x8', 'v3'), ('*', 'const_1', 'x4', 'v4'), ('*', 'v4', 'v0', 'v5'), ('//', 'v2', 'x3', 'v6'), ('*', 'x7', 'x1', 'v7'), ('*', 'x4', 'v1', 'v8'), ('*', 'x2', 'x9', 'v9')]","(0, 0, 1, 0, 0, 0, 0, 0, 0, 1)",130
151,"[('+', 'x8', 'x1', 'v0'), ('*', 'x5', 'x8', 'v1'), ('*', 'const_1', 'x7', 'v2'), ('+', 'v2', 'x7', 'v3'), ('*', 'x2', 'x6', 'v4'), ('*', 'v4', 'x4', 'v5'), ('//', 'x2', 'x2', 'v6'), ('+', 'x6', 'v3', 'v7'), ('*', 'v7', 'x5', 'v8'), ('+', 'v0', 'v6', 'v9')]","(0, 0, 0, 0, 0, 0, 0, 0, 1, 0)",3
152,"[('*', 'x6', 'x9', 'v0'), ('+', 'x4', 'v0', 'v1'), ('+', 'x8', 'x2', 'v2'), ('*', 'v0', 'v2', 'v3'), ('*', 'v0', 'x2', 'v4'), ('//', 'x8', 'v2', 'v5'), ('*', 'x2', 'x0', 'v6'), ('//', 'v1', 'v4', 'v7'), ('+', 'v1', 'x3', 'v8'), ('+', 'const_0', 'x8', 'v9')]","(0, 0, 0, 0, 0, 0, 0, 0, 1, 0)",3
153,"[('+', 'x5', 'const_0', 'v0'), ('//', 'x7', 'x4', 'v1'), ('//', 'v1', 'x0', 'v2'), ('//', 'x1', 'x1', 'v3'), ('+', 'const_0', 'x4', 'v4'), ('//', 'v0', 'v4', 'v5'), ('*', 'x8', 'x4', 'v6'), ('*', 'v5', 'const_1', 'v7'), ('*', 'v7', 'x8', 'v8'), ('//', 'v5', 'x4', 'v9')]","(0, 0, 0, 0, 1, 1, 0, 0, 0, 0)",49
154,"[('+', 'x5', 'x2', 'v0'), ('+', 'x9', 'x7', 'v1'), ('+', 'v0', 'const_0', 'v2'), ('//', 'x5', 'x9', 'v3'), ('*', 'x9', 'x5', 'v4'), ('*', 'x0', 'v3', 'v5'), ('+', 'x4', 'x7', 'v6'), ('//', 'const_0', 'v3', 'v7'), ('+', 'v0', 'x7', 'v8'), ('*', 'v3', 'v3', 'v9')]","(0, 0, 0, 0, 0, 1, 0, 0, 0, 1)",18
155,"[('*', 'x1', 'const_0', 'v0'), ('*', 'x2', 'const_0', 'v1'), ('+', 'const_0', 'const_0', 'v2'), ('*', 'const_0', 'x7', 'v3'), ('//', 'x4', 'x4', 'v4'), ('//', 'x6', 'x6', 'v5'), ('+', 'v3', 'x1', 'v6'), ('*', 'v0', 'v6', 'v7'), ('//', 'x2', 'x6', 'v8'), ('*', 'x2', 'v6', 'v9')]","(0, 1, 1, 0, 0, 0, 0, 0, 0, 0)",385
156,"[('//', 'x6', 'x9', 'v0'), ('+', 'x5', 'x4', 'v1'), ('*', 'const_0', 'x2', 'v2'), ('//', 'const_1', 'x1', 'v3'), ('*', 'v3', 'x1', 'v4'), ('+', 'const_0', 'x0', 'v5'), ('+', 'v2', 'x9', 'v6'), ('*', 'v2', 'const_1', 'v7'), ('*', 'x3', 'v3', 'v8'), ('+', 'x7', 'v1', 'v9')]","(0, 0, 0, 0, 0, 0, 0, 1, 0, 0)",5
157,"[('*', 'const_0', 'x2', 'v0'), ('+', 'x6', 'x7', 'v1'), ('//', 'x0', 'const_1', 'v2'), ('//', 'x8', 'x0', 'v3'), ('*', 'x1', 'v3', 'v4'), ('*', 'x6', 'v2', 'v5'), ('//', 'v0', 'v0', 'v6'), ('*', 'v2', 'v2', 'v7'), ('*', 'x0', 'v7', 'v8'), ('*', 'v1', 'x0', 'v9')]","(1, 0, 0, 0, 0, 0, 0, 1, 0, 0)",517
158,"[('+', 'x3', 'const_0', 'v0'), ('//', 'x9', 'v0', 'v1'), ('//', 'x4', 'v1', 'v2'), ('//', 'x2', 'v2', 'v3'), ('//', 'const_1', 'x2', 'v4'), ('*', 'x7', 'x7', 'v5'), ('//', 'v5', 'const_1', 'v6'), ('//', 'x7', 'v0', 'v7'), ('//', 'v5', 'x3', 'v8'), ('+', 'x4', 'v2', 'v9')]","(0, 0, 0, 0, 1, 0, 0, 0, 0, 0)",33
159,"[('+', 'x2', 'x2', 'v0'), ('//', 'x3', 'x7', 'v1'), ('*', 'const_1', 'const_0', 'v2'), ('*', 'const_0', 'const_1', 'v3'), ('+', 'v2', 'x7', 'v4'), ('*', 'x5', 'x8', 'v5'), ('*', 'x3', 'x2', 'v6'), ('*', 'x7', 'v3', 'v7'), ('+', 'x1', 'v1', 'v8'), ('//', 'x4', 'x5', 'v9')]","(0, 0, 0, 0, 1, 1, 0, 0, 0, 0)",49
160,"[('*', 'x7', 'x0', 'v0'), ('*', 'x7', 'x9', 'v1'), ('+', 'x6', 'x3', 'v2'), ('//', 'const_0', 'x4', 'v3'), ('+', 'v1', 'x7', 'v4'), ('+', 'v0', 'x4', 'v5'), ('+', 'v1', 'x3', 'v6'), ('//', 'x4', 'v4', 'v7'), ('+', 'x7', 'v4', 'v8'), ('+', 'x2', 'v1', 'v9')]","(0, 0, 0, 0, 0, 0, 0, 1, 0, 1)",6
161,"[('*', 'x6', 'x6', 'v0'), ('+', 'x9', 'x5', 'v1'), ('*', 'x6', 'x0', 'v2'), ('+', 'x9', 'x6', 'v3'), ('*', 'x3', 'x9', 'v4'), ('+', 'x0', 'x1', 'v5'), ('*', 'v3', 'x8', 'v6'), ('+', 'const_0', 'v4', 'v7'), ('*', 'x7', 'v6', 'v8'), ('*', 'x1', 'x6', 'v9')]","(0, 1, 0, 0, 0, 0, 1, 0, 0, 0)",265
162,"[('*', 'x5', 'x7', 'v0'), ('*', 'x6', 'x6', 'v1'), ('//', 'x7', 'x1', 'v2'), ('*', 'x6', 'x9', 'v3'), ('//', 'x0', 'x8', 'v4'), ('//', 'x7', 'v2', 'v5'), ('+', 'x5', 'x6', 'v6'), ('+', 'x4', 'x7', 'v7'), ('//', 'v3', 'v3', 'v8'), ('//', 'x9', 'x2', 'v9')]","(0, 0, 1, 0, 0, 0, 0, 0, 0, 1)",130
163,"[('*', 'x2', 'x2', 'v0'), ('+', 'x2', 'x1', 'v1'), ('+', 'v0', 'const_1', 'v2'), ('*', 'v0', 'v1', 'v3'), ('*', 'x3', 'const_1', 'v4'), ('+', 'x0', 'x1', 'v5'), ('+', 'const_0', 'v5', 'v6'), ('+', 'x7', 'x3', 'v7'), ('//', 'x2', 'x5', 'v8'), ('+', 'x5', 'v6', 'v9')]","(0, 0, 0, 0, 0, 1, 0, 0, 0, 0)",17
164,"[('+', 'const_1', 'x9', 'v0'), ('//', 'x6', 'x4', 'v1'), ('//', 'x2', 'v1', 'v2'), ('//', 'x6', 'x8', 'v3'), ('*', 'x3', 'x5', 'v4'), ('//', 'x1', 'v0', 'v5'), ('*', 'x8', 'x7', 'v6'), ('+', 'x7', 'x4', 'v7'), ('*', 'x2', 'x5', 'v8'), ('*', 'x1', 'v1', 'v9')]","(0, 1, 0, 0, 1, 0, 1, 0, 0, 0)",297
165,"[('+', 'x9', 'const_0', 'v0'), ('+', 'x3', 'x4', 'v1'), ('+', 'x1', 'x0', 'v2'), ('*', 'x0', 'x2', 'v3'), ('//', 'x6', 'const_1', 'v4'), ('*', 'x0', 'v1', 'v5'), ('+', 'v4', 'v3', 'v6'), ('+', 'v6', 'x2', 'v7'), ('*', 'x8', 'x3', 'v8'), ('//', 'v5', 'x7', 'v9')]","(1, 0, 0, 0, 1, 0, 0, 1, 0, 0)",549
166,"[('*', 'x8', 'x4', 'v0'), ('//', 'x0', 'x7', 'v1'), ('*', 'x9', 'x9', 'v2'), ('//', 'x1', 'v1', 'v3'), ('*', 'x7', 'x4', 'v4'), ('//', 'v3', 'v4', 'v5'), ('+', 'v1', 'v2', 'v6'), ('*', 'v1', 'x9', 'v7'), ('*', 'const_0', 'const_0', 'v8'), ('//', 'x3', 'x0', 'v9')]","(1, 0, 0, 1, 0, 0, 0, 0, 0, 0)",577
167,"[('//', 'x3', 'x0', 'v0'), ('*', 'v0', 'x6', 'v1'), ('+', 'x6', 'x8', 'v2'), ('+', 'x3', 'v0', 'v3'), ('*', 'x8', 'v2', 'v4'), ('+', 'x1', 'x9', 'v5'), ('+', 'x6', 'x7', 'v6'), ('//', 'const_0', 'const_1', 'v7'), ('//', 'x9', 'x5', 'v8'), ('*', 'v8', 'x6', 'v9')]","(0, 0, 0, 0, 0, 1, 1, 0, 0, 1)",26
168,"[('//', 'x8', 'x0', 'v0'), ('//', 'x0', 'x8', 'v1'), ('//', 'x0', 'x8', 'v2'), ('+', 'x4', 'x7', 'v3'), ('+', 'x1', 'v0', 'v4'), ('//', 'v2', 'x7', 'v5'), ('//', 'x5', 'v1', 'v6'), ('+', 'x4', 'v2', 'v7'), ('//', 'x7', 'x5', 'v8'), ('//', 'const_1', 'const_1', 'v9')]","(0, 0, 0, 0, 0, 0, 0, 0, 0, 0)",1
169,"[('//', 'x1', 'const_1', 'v0'), ('+', 'x6', 'x2', 'v1'), ('*', 'x0', 'x3', 'v2'), ('*', 'v2', 'x3', 'v3'), ('*', 'x3', 'x7', 'v4'), ('//', 'x7', 'v0', 'v5'), ('*', 'x0', 'x3', 'v6'), ('*', 'x5', 'x7', 'v7'), ('//', 'x6', 'x5', 'v8'), ('+', 'v6', 'v6', 'v9')]","(1, 0, 0, 1, 0, 0, 0, 0, 0, 0)",577
170,"[('+', 'x0', 'x3', 'v0'), ('*', 'x1', 'x3', 'v1'), ('//', 'x9', 'x9', 'v2'), ('*', 'x6', 'x7', 'v3'), ('//', 'x2', 'v0', 'v4'), ('+', 'x5', 'v3', 'v5'), ('*', 'const_0', 'v2', 'v6'), ('//', 'x0', 'const_1', 'v7'), ('//', 'v7', 'x7', 'v8'), ('//', 'v1', 'v8', 'v9')]","(1, 1, 0, 1, 0, 0, 0, 1, 0, 0)",837
171,"[('//', 'x6', 'x4', 'v0'), ('//', 'const_0', 'v0', 'v1'), ('//', 'x7', 'x7', 'v2'), ('+', 'x4', 'x2', 'v3'), ('*', 'x7', 'v0', 'v4'), ('//', 'x3', 'x9', 'v5'), ('+', 'x9', 'const_1', 'v6'), ('//', 'x8', 'x1', 'v7'), ('//', 'v5', 'v2', 'v8'), ('*', 'v6', 'const_1', 'v9')]","(0, 0, 0, 0, 0, 0, 0, 0, 0, 0)",1
172,"[('*', 'x0', 'const_0', 'v0'), ('*', 'x3', 'v0', 'v1'), ('*', 'v0', 'x9', 'v2'), ('//', 'x2', 'v2', 'v3'), ('//', 'x1', 'x9', 'v4'), ('*', 'x1', 'v0', 'v5'), ('*', 'x7', 'x6', 'v6'), ('+', 'v5', 'x6', 'v7'), ('//', 'const_0', 'x6', 'v8'), ('*', 'x3', 'v1', 'v9')]",None,1024
173,"[('+', 'x4', 'x3', 'v0'), ('+', 'x0', 'const_0', 'v1'), ('//', 'x3', 'x9', 'v2'), ('//', 'x9', 'x9', 'v3'), ('*', 'v2', 'v1', 'v4'), ('//', 'x5', 'x8', 'v5'), ('*', 'x9', 'v0', 'v6'), ('+', 'x9', 'const_0', 'v7'), ('*', 'v1', 'v3', 'v8'), ('*', 'x0', 'x3', 'v9')]","(1, 0, 0, 1, 0, 0, 0, 0, 0, 0)",577
174,"[('//', 'x5', 'x4', 'v0'), ('//', 'x1', 'x7', 'v1'), ('*', 'const_0', 'x2', 'v2'), ('*', 'x9', 'x6', 'v3'), ('//', 'x2', 'v2', 'v4'), ('+', 'x1', 'v4', 'v5'), ('//', 'const_1', 'x1', 'v6'), ('+', 'v0', 'x3', 'v7'), ('+', 'x4', 'x2', 'v8'), ('+', 'v5', 'x8', 'v9')]","(0, 0, 0, 0, 0, 0, 0, 0, 1, 0)",3
175,"[('*', 'x4', 'x1', 'v0'), ('*', 'x5', 'x9', 'v1'), ('*', 'x7', 'x5', 'v2'), ('*', 'x3', 'x2', 'v3'), ('*', 'x9', 'const_0', 'v4'), ('*', 'const_1', 'x9', 'v5'), ('//', 'const_1', 'v0', 'v6'), ('//', 'x7', 'x8', 'v7'), ('*', 'x2', 'v7', 'v8'), ('*', 'x8', 'v8', 'v9')]","(0, 0, 1, 0, 0, 0, 0, 1, 1, 0)",135
176,"[('//', 'x8', 'x7', 'v0'), ('*', 'x7', 'x7', 'v1'), ('*', 'x6', 'x8', 'v2'), ('+', 'x5', 'x7', 'v3'), ('*', 'x0', 'x6', 'v4'), ('*', 'v4', 'v4', 'v5'), ('+', 'x3', 'const_0', 'v6'), ('*', 'x7', 'x5', 'v7'), ('+', 'const_0', 'v5', 'v8'), ('*', 'x1', 'v6', 'v9')]","(0, 1, 0, 1, 0, 0, 0, 0, 0, 0)",321
177,"[('*', 'x9', 'x7', 'v0'), ('+', 'x2', 'x6', 'v1'), ('+', 'v0', 'x4', 'v2'), ('*', 'x2', 'v1', 'v3'), ('+', 'x2', 'x8', 'v4'), ('*', 'x0', 'v4', 'v5'), ('//', 'v3', 'const_1', 'v6'), ('+', 'v2', 'v4', 'v7'), ('*', 'const_0', 'x2', 'v8'), ('//', 'v1', 'v8', 'v9')]",None,1024
178,"[('*', 'x3', 'x3', 'v0'), ('//', 'x8', 'x4', 'v1'), ('*', 'x3', 'x3', 'v2'), ('+', 'x2', 'x3', 'v3'), ('//', 'v1', 'x0', 'v4'), ('+', 'v0', 'x6', 'v5'), ('*', 'x6', 'x0', 'v6'), ('*', 'x4', 'const_0', 'v7'), ('*', 'x4', 'v6', 'v8'), ('+', 'v1', 'v3', 'v9')]","(0, 0, 0, 0, 1, 0, 0, 0, 1, 0)",35
179,"[('*', 'x6', 'x8', 'v0'), ('+', 'x3', 'x1', 'v1'), ('*', 'const_0', 'x7', 'v2'), ('+', 'x5', 'v0', 'v3'), ('+', 'const_0', 'const_0', 'v4'), ('//', 'x8', 'const_1', 'v5'), ('+', 'x7', 'x4', 'v6'), ('*', 'v3', 'v0', 'v7'), ('//', 'x7', 'v2', 'v8'), ('*', 'v5', 'v2', 'v9')]",None,1024
180,"[('+', 'x5', 'x7', 'v0'), ('*', 'x6', 'x7', 'v1'), ('+', 'x4', 'x6', 'v2'), ('*', 'x7', 'x3', 'v3'), ('//', 'const_0', 'v0', 'v4'), ('//', 'x4', 'v4', 'v5'), ('*', 'v5', 'v3', 'v6'), ('//', 'v4', 'x1', 'v7'), ('+', 'x5', 'x7', 'v8'), ('//', 'v4', 'x3', 'v9')]",None,1024
181,"[('*', 'const_1', 'x9', 'v0'), ('//', 'x2', 'const_1', 'v1'), ('*', 'x7', 'x7', 'v2'), ('+', 'x3', 'x8', 'v3'), ('+', 'x6', 'v1', 'v4'), ('+', 'v4', 'x4', 'v5'), ('//', 'x1', 'const_1', 'v6'), ('*', 'x9', 'x0', 'v7'), ('//', 'v3', 'v6', 'v8'), ('+', 'x8', 'x7', 'v9')]","(0, 0, 0, 0, 0, 0, 0, 0, 1, 0)",3
182,"[('*', 'x5', 'x8', 'v0'), ('*', 'const_1', 'x6', 'v1'), ('+', 'x5', 'x4', 'v2'), ('//', 'v1', 'x4', 'v3'), ('*', 'x4', 'x5', 'v4'), ('*', 'x8', 'v1', 'v5'), ('+', 'x0', 'v0', 'v6'), ('//', 'v5', 'x0', 'v7'), ('//', 'v3', 'v0', 'v8'), ('*', 'x6', 'v1', 'v9')]","(0, 0, 0, 0, 0, 0, 1, 0, 0, 0)",9
183,"[('//', 'x0', 'x3', 'v0'), ('*', 'x2', 'const_0', 'v1'), ('*', 'x5', 'x9', 'v2'), ('//', 'x3', 'const_1', 'v3'), ('+', 'x0', 'x4', 'v4'), ('+', 'x4', 'v3', 'v5'), ('//', 'x6', 'x8', 'v6'), ('*', 'x2', 'x6', 'v7'), ('+', 'x9', 'v1', 'v8'), ('*', 'const_0', 'x0', 'v9')]",None,1024
184,"[('*', 'x8', 'x3', 'v0'), ('+', 'x2', 'const_0', 'v1'), ('//', 'v0', 'x1', 'v2'), ('*', 'v0', 'v1', 'v3'), ('//', 'x8', 'v1', 'v4'), ('*', 'x3', 'v3', 'v5'), ('+', 'x3', 'v1', 'v6'), ('+', 'x9', 'x7', 'v7'), ('+', 'const_0', 'const_1', 'v8'), ('*', 'v4', 'v5', 'v9')]","(0, 0, 1, 1, 0, 0, 0, 0, 1, 0)",195
185,"[('+', 'x3', 'const_0', 'v0'), ('*', 'x9', 'x2', 'v1'), ('+', 'x1', 'const_1', 'v2'), ('*', 'x6', 'v2', 'v3'), ('+', 'x1', 'const_1', 'v4'), ('+', 'v4', 'const_1', 'v5'), ('*', 'v3', 'v4', 'v6'), ('*', 'v1', 'x7', 'v7'), ('+', 'v5', 'v6', 'v8'), ('//', 'const_1', 'v3', 'v9')]","(0, 0, 0, 0, 0, 0, 1, 0, 0, 0)",9
186,"[('*', 'const_1', 'x9', 'v0'), ('+', 'x3', 'x5', 'v1'), ('*', 'x1', 'x6', 'v2'), ('+', 'x7', 'x1', 'v3'), ('//', 'x3', 'x9', 'v4'), ('//', 'x2', 'const_1', 'v5'), ('+', 'x1', 'v5', 'v6'), ('//', 'x7', 'v1', 'v7'), ('+', 'x2', 'const_1', 'v8'), ('//', 'x7', 'v6', 'v9')]","(0, 0, 1, 0, 0, 0, 0, 1, 0, 0)",133
187,"[('//', 'x5', 'x4', 'v0'), ('+', 'x7', 'x3', 'v1'), ('*', 'const_0', 'const_1', 'v2'), ('//', 'x5', 'x5', 'v3'), ('+', 'x2', 'v2', 'v4'), ('*', 'x8', 'v4', 'v5'), ('*', 'v1', 'x5', 'v6'), ('*', 'v1', 'x7', 'v7'), ('*', 'x1', 'const_1', 'v8'), ('+', 'v4', 'v1', 'v9')]","(0, 0, 0, 0, 0, 0, 0, 1, 0, 0)",5
188,"[('+', 'x6', 'x2', 'v0'), ('+', 'v0', 'x1', 'v1'), ('*', 'x3', 'x6', 'v2'), ('+', 'v0', 'x7', 'v3'), ('+', 'x2', 'v1', 'v4'), ('//', 'x4', 'x4', 'v5'), ('//', 'x2', 'x5', 'v6'), ('*', 'v1', 'v4', 'v7'), ('+', 'x1', 'x4', 'v8'), ('+', 'v3', 'x2', 'v9')]","(0, 0, 0, 0, 0, 0, 0, 1, 0, 0)",5
189,"[('+', 'x4', 'x5', 'v0'), ('*', 'x3', 'x9', 'v1'), ('+', 'x3', 'const_1', 'v2'), ('//', 'x7', 'x3', 'v3'), ('//', 'x4', 'v3', 'v4'), ('+', 'x5', 'x3', 'v5'), ('*', 'x4', 'x4', 'v6'), ('+', 'const_1', 'v2', 'v7'), ('//', 'x0', 'x8', 'v8'), ('//', 'v6', 'x0', 'v9')]","(1, 0, 0, 0, 1, 0, 0, 0, 0, 0)",545
190,"[('*', 'const_1', 'const_1', 'v0'), ('*', 'x1', 'v0', 'v1'), ('+', 'x6', 'x4', 'v2'), ('*', 'x8', 'x6', 'v3'), ('+', 'x3', 'x9', 'v4'), ('//', 'v1', 'x0', 'v5'), ('*', 'const_0', 'x3', 'v6'), ('*', 'x5', 'x9', 'v7'), ('//', 'x1', 'const_1', 'v8'), ('*', 'x4', 'x8', 'v9')]","(0, 0, 0, 0, 1, 0, 0, 0, 1, 0)",35
191,"[('*', 'const_0', 'x7', 'v0'), ('*', 'x3', 'const_0', 'v1'), ('//', 'x9', 'const_1', 'v2'), ('*', 'v0', 'x3', 'v3'), ('+', 'x6', 'x9', 'v4'), ('+', 'x4', 'v2', 'v5'), ('+', 'x9', 'v5', 'v6'), ('*', 'v5', 'x3', 'v7'), ('+', 'v3', 'x8', 'v8'), ('//', 'x2', 'v7', 'v9')]","(0, 0, 1, 1, 0, 0, 0, 0, 0, 1)",194
192,"[('//', 'x6', 'x7', 'v0'), ('*', 'x9', 'x2', 'v1'), ('//', 'x1', 'const_1', 'v2'), ('+', 'x2', 'x2', 'v3'), ('//', 'x3', 'x1', 'v4'), ('//', 'v3', 'x5', 'v5'), ('//', 'x4', 'x7', 'v6'), ('//', 'x5', 'x3', 'v7'), ('+', 'x2', 'x4', 'v8'), ('+', 'x9', 'const_0', 'v9')]","(0, 0, 0, 0, 0, 0, 0, 0, 0, 1)",2
193,"[('+', 'x6', 'x6', 'v0'), ('//', 'x4', 'x0', 'v1'), ('*', 'x7', 'x4', 'v2'), ('+', 'x6', 'x3', 'v3'), ('//', 'v1', 'x0', 'v4'), ('+', 'x4', 'v2', 'v5'), ('//', 'x1', 'v1', 'v6'), ('//', 'x9', 'x0', 'v7'), ('*', 'x9', 'x0', 'v8'), ('*', 'x9', 'x0', 'v9')]","(1, 0, 0, 0, 0, 0, 0, 0, 0, 1)",514
194,"[('+', 'const_1', 'x6', 'v0'), ('//', 'v0', 'x3', 'v1'), ('+', 'v0', 'x7', 'v2'), ('*', 'x6', 'x4', 'v3'), ('*', 'v1', 'const_0', 'v4'), ('+', 'const_0', 'v2', 'v5'), ('*', 'x0', 'v0', 'v6'), ('+', 'x7', 'v2', 'v7'), ('//', 'v0', 'x7', 'v8'), ('+', 'x2', 'v4', 'v9')]","(0, 0, 1, 0, 0, 0, 0, 0, 0, 0)",129
195,"[('*', 'x1', 'x9', 'v0'), ('*', 'x1', 'x7', 'v1'), ('+', 'x7', 'x4', 'v2'), ('+', 'x6', 'x8', 'v3'), ('*', 'x4', 'x0', 'v4'), ('//', 'v0', 'x9', 'v5'), ('//', 'v3', 'x9', 'v6'), ('+', 'v3', 'x9', 'v7'), ('+', 'x6', 'x3', 'v8'), ('+', 'v6', 'const_1', 'v9')]","(0, 0, 0, 0, 0, 0, 0, 0, 0, 0)",1
196,"[('//', 'x7', 'x3', 'v0'), ('//', 'v0', 'x6', 'v1'), ('*', 'v1', 'x6', 'v2'), ('//', 'x0', 'x7', 'v3'), ('*', 'x1', 'x0', 'v4'), ('//', 'x3', 'const_1', 'v5'), ('*', 'x5', 'v5', 'v6'), ('*', 'v4', 'x1', 'v7'), ('+', 'x5', 'x3', 'v8'), ('+', 'x8', 'x3', 'v9')]","(0, 0, 0, 0, 0, 0, 0, 0, 1, 0)",3
197,"[('//', 'x0', 'x1', 'v0'), ('//', 'const_1', 'x9', 'v1'), ('*', 'v0', 'x2', 'v2'), ('//', 'x3', 'x9', 'v3'), ('*', 'x5', 'x8', 'v4'), ('+', 'x4', 'x0', 'v5'), ('//', 'x2', 'x8', 'v6'), ('//', 'const_0', 'v5', 'v7'), ('+', 'x8', 'x0', 'v8'), ('//', 'v5', 'x3', 'v9')]","(0, 0, 0, 1, 1, 0, 0, 0, 0, 0)",97
198,"[('+', 'x8', 'x9', 'v0'), ('//', 'x4', 'x8', 'v1'), ('+', 'x9', 'x1', 'v2'), ('+', 'const_1', 'const_0', 'v3'), ('*', 'x1', 'x8', 'v4'), ('+', 'const_1', 'x0', 'v5'), ('//', 'x3', 'v3', 'v6'), ('//', 'const_1', 'x9', 'v7'), ('//', 'v3', 'x3', 'v8'), ('*', 'v7', 'v1', 'v9')]","(0, 0, 0, 0, 1, 0, 0, 0, 1, 1)",36
199,"[('*', 'const_0', 'x0', 'v0'), ('+', 'x0', 'x0', 'v1'), ('+', 'x4', 'x8', 'v2'), ('//', 'const_0', 'v2', 'v3'), ('*', 'x8', 'x4', 'v4'), ('*', 'v1', 'x3', 'v5'), ('*', 'x2', 'v0', 'v6'), ('//', 'x2', 'x7', 'v7'), ('//', 'x3', 'v4', 'v8'), ('//', 'const_1', 'x4', 'v9')]","(0, 0, 0, 0, 1, 0, 0, 0, 0, 0)",33
200,"[('//', 'x8', 'x7', 'v0'), ('*', 'x6', 'x7', 'v1'), ('//', 'x9', 'const_1', 'v2'), ('*', 'x9', 'const_1', 'v3'), ('+', 'x6', 'v2', 'v4'), ('+', 'x8', 'x7', 'v5'), ('+', 'v3', 'const_1', 'v6'), ('*', 'v3', 'v2', 'v7'), ('+', 'x9', 'x7', 'v8'), ('//', 'v4', 'v4', 'v9')]","(0, 0, 0, 0, 0, 0, 0, 0, 0, 1)",2
201,"[('//', 'x1', 'x6', 'v0'), ('//', 'const_0', 'x6', 'v1'), ('//', 'x2', 'x7', 'v2'), ('//', 'x4', 'x7', 'v3'), ('+', 'v1', 'x2', 'v4'), ('+', 'x2', 'x2', 'v5'), ('+', 'x2', 'v1', 'v6'), ('+', 'x0', 'v2', 'v7'), ('+', 'const_0', 'x8', 'v8'), ('//', 'x2', 'v6', 'v9')]","(0, 0, 1, 0, 0, 0, 0, 0, 0, 0)",129
202,"[('//', 'x9', 'x0', 'v0'), ('*', 'const_1', 'x9', 'v1'), ('*', 'x6', 'x8', 'v2'), ('*', 'v0', 'x2', 'v3'), ('//', 'x6', 'x4', 'v4'), ('+', 'x7', 'x5', 'v5'), ('*', 'const_1', 'v3', 'v6'), ('*', 'v0', 'x1', 'v7'), ('//', 'x2', 'x7', 'v8'), ('+', 'x2', 'x1', 'v9')]","(0, 0, 1, 0, 0, 0, 0, 0, 0, 0)",129
203,"[('*', 'x2', 'const_1', 'v0'), ('+', 'x6', 'x2', 'v1'), ('//', 'x7', 'x7', 'v2'), ('*', 'x5', 'x2', 'v3'), ('*', 'x8', 'v2', 'v4'), ('+', 'v4', 'x5', 'v5'), ('//', 'x7', 'const_1', 'v6'), ('+', 'x4', 'v5', 'v7'), ('//', 'const_0', 'v6', 'v8'), ('+', 'x1', 'v0', 'v9')]","(0, 0, 1, 0, 0, 0, 0, 0, 0, 0)",129
204,"[('//', 'x2', 'const_1', 'v0'), ('+', 'x5', 'x0', 'v1'), ('+', 'x2', 'x3', 'v2'), ('*', 'x3', 'x5', 'v3'), ('+', 'x3', 'x9', 'v4'), ('//', 'x2', 'x1', 'v5'), ('+', 'v5', 'x1', 'v6'), ('*', 'x0', 'x8', 'v7'), ('//', 'v2', 'v3', 'v8'), ('+', 'x0', 'v7', 'v9')]","(1, 0, 0, 0, 0, 0, 0, 0, 0, 0)",513
205,"[('*', 'x1', 'const_1', 'v0'), ('+', 'v0', 'x1', 'v1'), ('+', 'x1', 'const_0', 'v2'), ('//', 'x7', 'x4', 'v3'), ('*', 'v1', 'v2', 'v4'), ('//', 'const_1', 'v4', 'v5'), ('//', 'x0', 'x8', 'v6'), ('*', 'x4', 'x5', 'v7'), ('+', 'v3', 'x5', 'v8'), ('*', 'v6', 'x6', 'v9')]","(1, 0, 0, 0, 0, 0, 1, 0, 1, 0)",523
206,"[('*', 'const_0', 'x6', 'v0'), ('+', 'x3', 'x9', 'v1'), ('//', 'x9', 'x9', 'v2'), ('//', 'x3', 'x7', 'v3'), ('+', 'x2', 'x3', 'v4'), ('*', 'x8', 'x3', 'v5'), ('+', 'v1', 'x7', 'v6'), ('*', 'v6', 'x7', 'v7'), ('*', 'v7', 'const_0', 'v8'), ('*', 'v1', 'x8', 'v9')]","(0, 0, 0, 0, 0, 0, 0, 0, 1, 1)",4
207,"[('*', 'x8', 'x9', 'v0'), ('+', 'x6', 'v0', 'v1'), ('*', 'x6', 'x6', 'v2'), ('//', 'x0', 'x8', 'v3'), ('//', 'x8', 'v3', 'v4'), ('*', 'const_1', 'x8', 'v5'), ('*', 'const_0', 'v1', 'v6'), ('*', 'v2', 'const_1', 'v7'), ('//', 'x3', 'x4', 'v8'), ('+', 'x2', 'x8', 'v9')]","(0, 0, 0, 0, 0, 0, 0, 0, 1, 0)",3
208,"[('//', 'x8', 'x6', 'v0'), ('+', 'x5', 'x3', 'v1'), ('+', 'x2', 'v0', 'v2'), ('//', 'const_1', 'v1', 'v3'), ('+', 'const_0', 'x9', 'v4'), ('*', 'x9', 'x6', 'v5'), ('//', 'const_1', 'x0', 'v6'), ('*', 'v4', 'x9', 'v7'), ('//', 'x6', 'x2', 'v8'), ('//', 'x4', 'x9', 'v9')]","(0, 0, 0, 0, 1, 0, 0, 0, 0, 1)",34
209,"[('//', 'x5', 'x7', 'v0'), ('+', 'x1', 'x2', 'v1'), ('//', 'x4', 'x0', 'v2'), ('*', 'x7', 'v0', 'v3'), ('//', 'const_0', 'v0', 'v4'), ('+', 'v4', 'x0', 'v5'), ('+', 'x5', 'const_0', 'v6'), ('+', 'x4', 'x2', 'v7'), ('//', 'x3', 'const_1', 'v8'), ('+', 'x2', 'v5', 'v9')]","(0, 0, 1, 0, 0, 0, 0, 0, 0, 0)",129
210,"[('*', 'x9', 'x2', 'v0'), ('//', 'const_0', 'x9', 'v1'), ('*', 'x8', 'x0', 'v2'), ('//', 'v0', 'x6', 'v3'), ('+', 'x1', 'x2', 'v4'), ('*', 'x2', 'const_0', 'v5'), ('+', 'const_0', 'x2', 'v6'), ('+', 'v3', 'v6', 'v7'), ('+', 'x2', 'x8', 'v8'), ('+', 'x1', 'const_0', 'v9')]","(0, 1, 0, 0, 0, 0, 0, 0, 0, 0)",257
211,"[('+', 'x5', 'x6', 'v0'), ('*', 'v0', 'x6', 'v1'), ('//', 'x4', 'x2', 'v2'), ('+', 'x7', 'x4', 'v3'), ('+', 'v1', 'x0', 'v4'), ('*', 'x9', 'x3', 'v5'), ('*', 'x4', 'v0', 'v6'), ('*', 'x4', 'x3', 'v7'), ('+', 'x1', 'v1', 'v8'), ('//', 'v6', 'x7', 'v9')]","(0, 0, 0, 0, 1, 0, 1, 1, 0, 0)",45
212,"[('*', 'x9', 'const_0', 'v0'), ('+', 'x7', 'x0', 'v1'), ('+', 'x1', 'x1', 'v2'), ('*', 'v1', 'x7', 'v3'), ('//', 'x9', 'x2', 'v4'), ('*', 'x7', 'v3', 'v5'), ('//', 'v2', 'x5', 'v6'), ('//', 'v2', 'x8', 'v7'), ('*', 'const_1', 'x8', 'v8'), ('+', 'x9', 'x6', 'v9')]","(0, 0, 0, 0, 0, 0, 0, 0, 0, 1)",2
213,"[('+', 'x8', 'x2', 'v0'), ('*', 'const_0', 'x2', 'v1'), ('+', 'x3', 'const_0', 'v2'), ('+', 'x5', 'x8', 'v3'), ('*', 'v0', 'x0', 'v4'), ('+', 'x6', 'const_1', 'v5'), ('+', 'v4', 'x1', 'v6'), ('*', 'x3', 'v0', 'v7'), ('+', 'x9', 'x3', 'v8'), ('+', 'x8', 'x3', 'v9')]","(0, 0, 0, 0, 0, 0, 0, 0, 1, 0)",3
214,"[('+', 'const_1', 'x4', 'v0'), ('+', 'x3', 'x0', 'v1'), ('*', 'const_0', 'x8', 'v2'), ('//', 'v1', 'x9', 'v3'), ('+', 'x5', 'x7', 'v4'), ('+', 'x0', 'x3', 'v5'), ('*', 'x0', 'x5', 'v6'), ('//', 'const_0', 'x0', 'v7'), ('+', 'x1', 'const_1', 'v8'), ('+', 'v2', 'x6', 'v9')]","(0, 0, 0, 0, 0, 0, 1, 0, 0, 0)",9
215,"[('//', 'x0', 'x3', 'v0'), ('+', 'x4', 'v0', 'v1'), ('*', 'v0', 'const_0', 'v2'), ('*', 'x1', 'v0', 'v3'), ('//', 'x9', 'v2', 'v4'), ('//', 'x9', 'x2', 'v5'), ('+', 'x8', 'x9', 'v6'), ('//', 'x9', 'x6', 'v7'), ('//', 'x7', 'x5', 'v8'), ('+', 'x2', 'v6', 'v9')]","(0, 0, 0, 0, 0, 0, 0, 0, 0, 1)",2
216,"[('//', 'x1', 'x0', 'v0'), ('*', 'x4', 'x5', 'v1'), ('+', 'x8', 'x0', 'v2'), ('//', 'x8', 'v0', 'v3'), ('//', 'x9', 'const_1', 'v4'), ('//', 'x4', 'v2', 'v5'), ('+', 'const_1', 'x1', 'v6'), ('//', 'x6', 'const_1', 'v7'), ('*', 'const_1', 'x1', 'v8'), ('+', 'x5', 'x6', 'v9')]","(0, 0, 0, 0, 0, 0, 1, 0, 0, 0)",9
217,"[('*', 'x6', 'x0', 'v0'), ('+', 'v0', 'v0', 'v1'), ('*', 'x1', 'v1', 'v2'), ('//', 'const_0', 'v1', 'v3'), ('*', 'const_0', 'x9', 'v4'), ('+', 'x6', 'v1', 'v5'), ('+', 'x0', 'x2', 'v6'), ('+', 'x0', 'const_1', 'v7'), ('+', 'x1', 'const_0', 'v8'), ('//', 'const_1', 'v0', 'v9')]","(1, 0, 0, 0, 0, 0, 1, 0, 0, 0)",521
218,"[('//', 'x2', 'x4', 'v0'), ('//', 'x8', 'x0', 'v1'), ('//', 'x3', 'x4', 'v2'), ('+', 'x8', 'x6', 'v3'), ('*', 'v1', 'x4', 'v4'), ('*', 'v4', 'x8', 'v5'), ('//', 'v5', 'v2', 'v6'), ('//', 'x3', 'x8', 'v7'), ('//', 'const_1', 'v0', 'v8'), ('//', 'x3', 'x7', 'v9')]","(0, 0, 0, 1, 0, 0, 0, 1, 0, 0)",69
219,"[('+', 'const_0', 'x0', 'v0'), ('//', 'x2', 'x7', 'v1'), ('+', 'const_1', 'x7', 'v2'), ('+', 'v0', 'x5', 'v3'), ('+', 'x6', 'v3', 'v4'), ('*', 'v3', 'x8', 'v5'), ('//', 'v4', 'const_1', 'v6'), ('//', 'const_1', 'v6', 'v7'), ('+', 'v1', 'v3', 'v8'), ('+', 'v1', 'x9', 'v9')]","(0, 0, 0, 0, 0, 0, 0, 0, 0, 1)",2
220,"[('+', 'const_1', 'x8', 'v0'), ('//', 'x1', 'x0', 'v1'), ('+', 'x0', 'x6', 'v2'), ('+', 'x5', 'const_1', 'v3'), ('+', 'x6', 'v3', 'v4'), ('*', 'v3', 'const_0', 'v5'), ('+', 'const_0', 'v0', 'v6'), ('//', 'const_0', 'v0', 'v7'), ('*', 'v3', 'x3', 'v8'), ('+', 'const_0', 'const_0', 'v9')]",None,1024
221,"[('*', 'const_0', 'x4', 'v0'), ('//', 'x8', 'x3', 'v1'), ('+', 'x9', 'const_1', 'v2'), ('+', 'x4', 'v2', 'v3'), ('//', 'x9', 'v2', 'v4'), ('//', 'x9', 'v4', 'v5'), ('*', 'x5', 'v1', 'v6'), ('*', 'x0', 'x7', 'v7'), ('//', 'v5', 'v7', 'v8'), ('//', 'v0', 'x1', 'v9')]",None,1024
222,"[('*', 'x3', 'x5', 'v0'), ('//', 'x9', 'x4', 'v1'), ('//', 'const_0', 'x8', 'v2'), ('+', 'x5', 'const_0', 'v3'), ('+', 'x9', 'x9', 'v4'), ('+', 'x3', 'v4', 'v5'), ('+', 'x3', 'v1', 'v6'), ('//', 'v1', 'v6', 'v7'), ('//', 'v2', 'x3', 'v8'), ('//', 'x3', 'x3', 'v9')]","(0, 0, 0, 1, 0, 0, 0, 0, 0, 0)",65
223,"[('//', 'x1', 'x1', 'v0'), ('//', 'x3', 'x2', 'v1'), ('*', 'const_0', 'x8', 'v2'), ('*', 'v2', 'x1', 'v3'), ('+', 'x0', 'x7', 'v4'), ('*', 'v0', 'v3', 'v5'), ('+', 'x2', 'v1', 'v6'), ('*', 'x5', 'x4', 'v7'), ('//', 'x7', 'v0', 'v8'), ('//', 'x3', 'x7', 'v9')]","(0, 0, 0, 1, 0, 0, 0, 1, 0, 0)",69
224,"[('+', 'x7', 'x2', 'v0'), ('*', 'x6', 'const_1', 'v1'), ('//', 'x1', 'const_1', 'v2'), ('+', 'v0', 'x3', 'v3'), ('+', 'x3', 'x5', 'v4'), ('//', 'const_0', 'const_1', 'v5'), ('*', 'const_0', 'v3', 'v6'), ('+', 'v3', 'v3', 'v7'), ('//', 'v5', 'x4', 'v8'), ('//', 'v7', 'v2', 'v9')]","(0, 1, 0, 0, 0, 0, 0, 1, 0, 0)",261
225,"[('*', 'x8', 'x7', 'v0'), ('//', 'x4', 'const_1', 'v1'), ('//', 'x2', 'x4', 'v2'), ('//', 'x8', 'x1', 'v3'), ('+', 'x7', 'x9', 'v4'), ('//', 'x9', 'const_1', 'v5'), ('*', 'x8', 'x6', 'v6'), ('*', 'v5', 'x6', 'v7'), ('//', 'x6', 'v7', 'v8'), ('//', 'x2', 'x2', 'v9')]","(0, 0, 1, 0, 0, 0, 0, 0, 0, 0)",129
226,"[('//', 'x4', 'x7', 'v0'), ('//', 'x4', 'x2', 'v1'), ('+', 'x3', 'v0', 'v2'), ('//', 'x8', 'x6', 'v3'), ('+', 'x9', 'v2', 'v4'), ('//', 'v0', 'const_1', 'v5'), ('+', 'v0', 'x1', 'v6'), ('+', 'const_1', 'x7', 'v7'), ('*', 'const_0', 'v2', 'v8'), ('+', 'x2', 'v0', 'v9')]","(0, 0, 0, 0, 1, 0, 0, 1, 0, 0)",37
227,"[('+', 'x7', 'const_0', 'v0'), ('+', 'const_0', 'x7', 'v1'), ('//', 'x2', 'x7', 'v2'), ('*', 'x2', 'x6', 'v3'), ('*', 'v2', 'x2', 'v4'), ('//', 'v1', 'v1', 'v5'), ('//', 'x6', 'x8', 'v6'), ('*', 'v2', 'x9', 'v7'), ('+', 'x6', 'x9', 'v8'), ('*', 'v6', 'const_0', 'v9')]",None,1024
228,"[('//', 'const_0', 'x9', 'v0'), ('//', 'x9', 'const_1', 'v1'), ('//', 'x0', 'x0', 'v2'), ('+', 'x7', 'x7', 'v3'), ('*', 'v1', 'const_0', 'v4'), ('+', 'v0', 'x0', 'v5'), ('*', 'v2', 'v0', 'v6'), ('*', 'v6', 'v6', 'v7'), ('//', 'x1', 'x4', 'v8'), ('*', 'v0', 'v6', 'v9')]",None,1024
229,"[('+', 'x8', 'const_0', 'v0'), ('+', 'const_1', 'x7', 'v1'), ('*', 'v1', 'x1', 'v2'), ('//', 'x9', 'v0', 'v3'), ('//', 'v3', 'x8', 'v4'), ('+', 'x2', 'x9', 'v5'), ('+', 'x5', 'x5', 'v6'), ('+', 'x8', 'x1', 'v7'), ('+', 'v4', 'x9', 'v8'), ('*', 'x8', 'const_1', 'v9')]","(0, 0, 0, 0, 0, 0, 0, 0, 1, 0)",3
230,"[('*', 'x2', 'const_0', 'v0'), ('//', 'x6', 'x1', 'v1'), ('//', 'x0', 'const_1', 'v2'), ('//', 'x1', 'v2', 'v3'), ('+', 'x1', 'x1', 'v4'), ('//', 'const_0', 'v3', 'v5'), ('+', 'x3', 'x9', 'v6'), ('*', 'v3', 'x1', 'v7'), ('+', 'const_0', 'v0', 'v8'), ('+', 'x4', 'x6', 'v9')]","(0, 0, 0, 0, 0, 0, 1, 0, 0, 0)",9
231,"[('+', 'x7', 'x0', 'v0'), ('+', 'x8', 'const_1', 'v1'), ('*', 'x8', 'x9', 'v2'), ('//', 'x5', 'x2', 'v3'), ('*', 'x3', 'v0', 'v4'), ('+', 'x3', 'v4', 'v5'), ('*', 'v5', 'x6', 'v6'), ('+', 'x4', 'v5', 'v7'), ('+', 'x1', 'x3', 'v8'), ('+', 'x9', 'x2', 'v9')]","(0, 0, 0, 0, 0, 0, 0, 0, 0, 1)",2
232,"[('//', 'x8', 'x7', 'v0'), ('//', 'v0', 'x2', 'v1'), ('+', 'x5', 'x8', 'v2'), ('//', 'x0', 'x6', 'v3'), ('*', 'v2', 'x9', 'v4'), ('+', 'v4', 'x5', 'v5'), ('+', 'v1', 'v0', 'v6'), ('//', 'x9', 'x6', 'v7'), ('//', 'x5', 'x2', 'v8'), ('+', 'v1', 'x9', 'v9')]","(0, 0, 0, 0, 0, 0, 0, 0, 0, 1)",2
233,"[('*', 'x1', 'x6', 'v0'), ('+', 'x6', 'x2', 'v1'), ('//', 'x7', 'x4', 'v2'), ('*', 'x0', 'v2', 'v3'), ('+', 'const_0', 'v3', 'v4'), ('//', 'x6', 'const_1', 'v5'), ('+', 'v1', 'v4', 'v6'), ('//', 'x1', 'x2', 'v7'), ('*', 'v2', 'v7', 'v8'), ('+', 'v4', 'v0', 'v9')]","(0, 1, 0, 0, 0, 0, 1, 0, 0, 0)",265
234,"[('//', 'const_1', 'x6', 'v0'), ('//', 'x2', 'x8', 'v1'), ('*', 'x2', 'x9', 'v2'), ('+', 'x2', 'x5', 'v3'), ('*', 'const_1', 'x8', 'v4'), ('*', 'v1', 'x8', 'v5'), ('*', 'const_1', 'x6', 'v6'), ('//', 'x3', 'x9', 'v7'), ('//', 'v2', 'x1', 'v8'), ('*', 'x7', 'x4', 'v9')]","(0, 0, 0, 0, 1, 0, 0, 1, 0, 0)",37
235,"[('//', 'x6', 'x4', 'v0'), ('*', 'x9', 'const_1', 'v1'), ('+', 'x7', 'v0', 'v2'), ('+', 'x9', 'v2', 'v3'), ('//', 'x6', 'const_1', 'v4'), ('//', 'const_0', 'v2', 'v5'), ('*', 'v4', 'const_0', 'v6'), ('*', 'v6', 'x6', 'v7'), ('*', 'v3', 'const_0', 'v8'), ('//', 'v8', 'x9', 'v9')]",None,1024
236,"[('//', 'x2', 'const_1', 'v0'), ('//', 'v0', 'x4', 'v1'), ('*', 'x5', 'const_0', 'v2'), ('+', 'x4', 'x3', 'v3'), ('//', 'x0', 'x8', 'v4'), ('//', 'x2', 'x0', 'v5'), ('+', 'const_1', 'x1', 'v6'), ('//', 'v0', 'v4', 'v7'), ('//', 'v0', 'x6', 'v8'), ('*', 'v0', 'v2', 'v9')]",None,1024
237,"[('*', 'x8', 'x3', 'v0'), ('*', 'x1', 'x5', 'v1'), ('//', 'x8', 'x0', 'v2'), ('*', 'x0', 'x1', 'v3'), ('*', 'x7', 'x7', 'v4'), ('+', 'x2', 'v4', 'v5'), ('*', 'x4', 'v5', 'v6'), ('//', 'v2', 'v4', 'v7'), ('+', 'x6', 'v5', 'v8'), ('+', 'const_1', 'v7', 'v9')]","(0, 0, 0, 0, 0, 0, 0, 0, 0, 0)",1
238,"[('//', 'x8', 'x8', 'v0'), ('+', 'v0', 'x5', 'v1'), ('+', 'v0', 'x9', 'v2'), ('*', 'x1', 'const_1', 'v3'), ('//', 'x6', 'v0', 'v4'), ('+', 'const_0', 'x0', 'v5'), ('//', 'x7', 'x6', 'v6'), ('+', 'const_1', 'v1', 'v7'), ('*', 'v3', 'v7', 'v8'), ('//', 'x4', 'x4', 'v9')]","(0, 0, 0, 0, 1, 0, 0, 0, 0, 0)",33
239,"[('+', 'x4', 'const_1', 'v0'), ('+', 'v0', 'x1', 'v1'), ('+', 'x0', 'x0', 'v2'), ('+', 'x5', 'x0', 'v3'), ('+', 'x5', 'x3', 'v4'), ('+', 'v2', 'x6', 'v5'), ('*', 'const_1', 'x6', 'v6'), ('*', 'v4', 'x2', 'v7'), ('*', 'v7', 'x3', 'v8'), ('//', 'v7', 'v1', 'v9')]","(0, 0, 1, 0, 0, 1, 0, 0, 0, 0)",145
240,"[('*', 'const_1', 'x6', 'v0'), ('*', 'x6', 'const_1', 'v1'), ('*', 'x9', 'v1', 'v2'), ('//', 'const_0', 'x7', 'v3'), ('+', 'x3', 'x4', 'v4'), ('*', 'x7', 'x2', 'v5'), ('*', 'x6', 'x2', 'v6'), ('+', 'v2', 'x5', 'v7'), ('+', 'v6', 'v7', 'v8'), ('//', 'x6', 'x6', 'v9')]","(0, 0, 0, 0, 0, 0, 1, 0, 0, 0)",9
241,"[('+', 'const_1', 'x5', 'v0'), ('+', 'x6', 'const_1', 'v1'), ('+', 'x9', 'x5', 'v2'), ('+', 'x8', 'v2', 'v3'), ('*', 'v1', 'x7', 'v4'), ('*', 'x2', 'x1', 'v5'), ('//', 'v3', 'v0', 'v6'), ('*', 'v2', 'v4', 'v7'), ('+', 'v7', 'const_1', 'v8'), ('//', 'v6', 'x8', 'v9')]","(0, 0, 0, 0, 0, 0, 0, 0, 1, 0)",3
242,"[('+', 'x5', 'const_1', 'v0'), ('*', 'x5', 'x8', 'v1'), ('//', 'x8', 'x0', 'v2'), ('//', 'x7', 'x3', 'v3'), ('*', 'x3', 'v0', 'v4'), ('//', 'v2', 'x0', 'v5'), ('//', 'const_1', 'x9', 'v6'), ('+', 'v3', 'x2', 'v7'), ('//', 'v4', 'v3', 'v8'), ('+', 'v4', 'const_1', 'v9')]","(0, 0, 0, 0, 0, 0, 0, 0, 0, 0)",1
243,"[('+', 'x2', 'x2', 'v0'), ('+', 'x3', 'x3', 'v1'), ('+', 'v0', 'x9', 'v2'), ('//', 'x5', 'x0', 'v3'), ('//', 'v2', 'const_1', 'v4'), ('//', 'x7', 'x1', 'v5'), ('*', 'v4', 'v3', 'v6'), ('*', 'v5', 'v2', 'v7'), ('*', 'const_0', 'x5', 'v8'), ('+', 'x5', 'x7', 'v9')]","(0, 0, 0, 0, 0, 0, 0, 1, 0, 0)",5
244,"[('+', 'x4', 'x3', 'v0'), ('+', 'x3', 'v0', 'v1'), ('*', 'x5', 'const_0', 'v2'), ('*', 'v1', 'x3', 'v3'), ('//', 'x3', 'v1', 'v4'), ('+', 'x4', 'v2', 'v5'), ('+', 'x8', 'v0', 'v6'), ('*', 'x4', 'x5', 'v7'), ('//', 'x0', 'v4', 'v8'), ('//', 'x6', 'v1', 'v9')]","(0, 0, 0, 0, 1, 0, 1, 0, 0, 0)",41
245,"[('*', 'const_0', 'const_0', 'v0'), ('+', 'const_1', 'x9', 'v1'), ('+', 'x4', 'const_0', 'v2'), ('+', 'x0', 'const_1', 'v3'), ('+', 'v2', 'x1', 'v4'), ('+', 'x6', 'x9', 'v5'), ('//', 'x9', 'x8', 'v6'), ('*', 'x3', 'v5', 'v7'), ('*', 'v7', 'x0', 'v8'), ('//', 'v3', 'x2', 'v9')]","(0, 0, 1, 0, 0, 0, 0, 0, 0, 0)",129
246,"[('*', 'x9', 'x7', 'v0'), ('+', 'v0', 'x8', 'v1'), ('+', 'x7', 'x9', 'v2'), ('+', 'x0', 'x2', 'v3'), ('*', 'const_1', 'v2', 'v4'), ('//', 'x9', 'x6', 'v5'), ('+', 'x5', 'x4', 'v6'), ('+', 'v2', 'const_0', 'v7'), ('+', 'const_1', 'v4', 'v8'), ('//', 'const_1', 'x9', 'v9')]","(0, 0, 0, 0, 0, 0, 0, 0, 0, 1)",2
247,"[('//', 'x7', 'const_1', 'v0'), ('*', 'x8', 'x4', 'v1'), ('+', 'const_1', 'x0', 'v2'), ('*', 'x6', 'const_1', 'v3'), ('+', 'x3', 'x9', 'v4'), ('*', 'x1', 'const_0', 'v5'), ('*', 'x5', 'x3', 'v6'), ('//', 'v0', 'x2', 'v7'), ('+', 'v7', 'x1', 'v8'), ('//', 'x5', 'x4', 'v9')]","(0, 0, 0, 0, 1, 1, 0, 0, 0, 0)",49
248,"[('*', 'x1', 'const_0', 'v0'), ('*', 'x8', 'x3', 'v1'), ('//', 'x7', 'x1', 'v2'), ('+', 'x3', 'x0', 'v3'), ('//', 'x8', 'x2', 'v4'), ('*', 'x2', 'x1', 'v5'), ('//', 'v1', 'v2', 'v6'), ('+', 'const_1', 'v6', 'v7'), ('//', 'x9', 'x6', 'v8'), ('+', 'v5', 'x1', 'v9')]","(0, 1, 0, 0, 0, 0, 0, 0, 0, 0)",257
249,"[('//', 'x6', 'x3', 'v0'), ('+', 'x8', 'x2', 'v1'), ('//', 'x8', 'const_1', 'v2'), ('//', 'x3', 'x1', 'v3'), ('+', 'v2', 'x8', 'v4'), ('//', 'v2', 'x3', 'v5'), ('*', 'v5', 'x7', 'v6'), ('*', 'v5', 'const_1', 'v7'), ('*', 'v2', 'v5', 'v8'), ('//', 'v6', 'x4', 'v9')]","(0, 0, 0, 1, 1, 0, 0, 1, 1, 0)",103
250,"[('//', 'const_1', 'x8', 'v0'), ('//', 'x8', 'x0', 'v1'), ('*', 'const_0', 'x3', 'v2'), ('*', 'x6', 'x9', 'v3'), ('*', 'x7', 'v1', 'v4'), ('+', 'x3', 'v1', 'v5'), ('//', 'v1', 'v3', 'v6'), ('+', 'v6', 'v3', 'v7'), ('*', 'x5', 'x4', 'v8'), ('//', 'v5', 'v8', 'v9')]","(0, 0, 0, 1, 1, 1, 0, 0, 0, 0)",113
251,"[('//', 'x1', 'x1', 'v0'), ('//', 'x9', 'x5', 'v1'), ('*', 'x1', 'x2', 'v2'), ('//', 'v0', 'x9', 'v3'), ('+', 'v2', 'x7', 'v4'), ('+', 'x8', 'v3', 'v5'), ('*', 'const_0', 'v0', 'v6'), ('+', 'v4', 'const_1', 'v7'), ('//', 'v5', 'x7', 'v8'), ('*', 'v7', 'x0', 'v9')]","(1, 0, 0, 0, 0, 0, 0, 0, 0, 0)",513
252,"[('//', 'x0', 'x2', 'v0'), ('+', 'x0', 'const_0', 'v1'), ('//', 'const_1', 'x9', 'v2'), ('+', 'const_1', 'v2', 'v3'), ('+', 'const_1', 'x8', 'v4'), ('+', 'x3', 'x1', 'v5'), ('*', 'v1', 'x6', 'v6'), ('*', 'x4', 'x2', 'v7'), ('+', 'x5', 'v7', 'v8'), ('*', 'v5', 'v4', 'v9')]","(0, 0, 0, 1, 0, 0, 0, 0, 0, 0)",65
253,"[('+', 'x0', 'const_0', 'v0'), ('*', 'x3', 'x3', 'v1'), ('+', 'v1', 'x5', 'v2'), ('//', 'const_0', 'x0', 'v3'), ('+', 'x8', 'v1', 'v4'), ('//', 'x0', 'v4', 'v5'), ('*', 'v1', 'x3', 'v6'), ('*', 'x7', 'x3', 'v7'), ('//', 'v6', 'x6', 'v8'), ('//', 'x4', 'x7', 'v9')]","(0, 0, 0, 0, 1, 0, 0, 1, 0, 0)",37
254,"[('//', 'x7', 'x1', 'v0'), ('+', 'x5', 'const_1', 'v1'), ('//', 'x7', 'x0', 'v2'), ('*', 'v1', 'x9', 'v3'), ('+', 'x2', 'v2', 'v4'), ('*', 'x0', 'const_0', 'v5'), ('*', 'x3', 'const_1', 'v6'), ('+', 'v1', 'x2', 'v7'), ('*', 'x1', 'const_0', 'v8'), ('*', 'x8', 'x9', 'v9')]","(0, 0, 0, 0, 0, 0, 0, 0, 1, 1)",4
255,"[('*', 'const_0', 'x8', 'v0'), ('*', 'x3', 'x7', 'v1'), ('*', 'x0', 'v1', 'v2'), ('*', 'x5', 'x3', 'v3'), ('//', 'x7', 'x3', 'v4'), ('+', 'const_1', 'v3', 'v5'), ('//', 'x0', 'x5', 'v6'), ('*', 'x7', 'v5', 'v7'), ('*', 'v2', 'v0', 'v8'), ('+', 'v5', 'v5', 'v9')]","(0, 0, 0, 0, 0, 0, 0, 0, 0, 0)",1
256,"[('//', 'x3', 'x9', 'v0'), ('+', 'x6', 'x9', 'v1'), ('//', 'v1', 'x6', 'v2'), ('+', 'const_1', 'x3', 'v3'), ('//', 'const_0', 'x8', 'v4'), ('//', 'x3', 'v1', 'v5'), ('+', 'x8', 'x5', 'v6'), ('*', 'x7', 'x7', 'v7'), ('+', 'v3', 'v4', 'v8'), ('*', 'x8', 'v2', 'v9')]","(0, 0, 0, 0, 0, 0, 1, 0, 1, 0)",11
257,"[('*', 'const_0', 'const_1', 'v0'), ('+', 'x0', 'const_0', 'v1'), ('//', 'x7', 'x1', 'v2'), ('*', 'const_0', 'x3', 'v3'), ('*', 'x6', 'x2', 'v4'), ('//', 'x9', 'const_1', 'v5'), ('+', 'v2', 'x2', 'v6'), ('+', 'const_1', 'x3', 'v7'), ('+', 'x6', 'x7', 'v8'), ('*', 'const_1', 'v5', 'v9')]","(0, 0, 0, 0, 0, 0, 0, 0, 0, 1)",2
258,"[('*', 'x3', 'x3', 'v0'), ('+', 'const_1', 'v0', 'v1'), ('*', 'x0', 'const_1', 'v2'), ('+', 'x6', 'x0', 'v3'), ('*', 'x2', 'x6', 'v4'), ('*', 'x1', 'x6', 'v5'), ('*', 'x3', 'x2', 'v6'), ('//', 'v1', 'const_1', 'v7'), ('*', 'x5', 'v5', 'v8'), ('//', 'x2', 'v0', 'v9')]","(0, 0, 1, 1, 0, 0, 0, 0, 0, 0)",193
259,"[('//', 'x6', 'x2', 'v0'), ('+', 'x6', 'x6', 'v1'), ('//', 'v0', 'x7', 'v2'), ('//', 'const_1', 'v1', 'v3'), ('+', 'x8', 'v3', 'v4'), ('//', 'v4', 'const_1', 'v5'), ('*', 'x9', 'x2', 'v6'), ('+', 'x8', 'x6', 'v7'), ('+', 'x1', 'const_0', 'v8'), ('*', 'v7', 'x8', 'v9')]","(0, 0, 0, 0, 0, 0, 0, 0, 1, 0)",3
260,"[('//', 'const_0', 'x2', 'v0'), ('//', 'x9', 'x7', 'v1'), ('*', 'x1', 'x3', 'v2'), ('//', 'v0', 'x1', 'v3'), ('*', 'x8', 'x8', 'v4'), ('+', 'v0', 'x1', 'v5'), ('*', 'x1', 'x3', 'v6'), ('*', 'const_1', 'x1', 'v7'), ('//', 'v0', 'v0', 'v8'), ('*', 'x2', 'x7', 'v9')]","(0, 0, 1, 0, 0, 0, 0, 1, 0, 0)",133
261,"[('*', 'const_0', 'x5', 'v0'), ('+', 'x0', 'x9', 'v1'), ('*', 'const_0', 'x3', 'v2'), ('+', 'x2', 'x0', 'v3'), ('//', 'x9', 'const_1', 'v4'), ('//', 'const_1', 'x2', 'v5'), ('//', 'x9', 'x0', 'v6'), ('*', 'x4', 'v6', 'v7'), ('//', 'x3', 'v7', 'v8'), ('//', 'v8', 'const_1', 'v9')]","(1, 0, 0, 1, 1, 0, 0, 0, 0, 1)",610
262,"[('//', 'x9', 'x4', 'v0'), ('//', 'x9', 'x9', 'v1'), ('//', 'v0', 'const_1', 'v2'), ('+', 'x8', 'x7', 'v3'), ('//', 'const_1', 'x8', 'v4'), ('//', 'v3', 'const_1', 'v5'), ('//', 'x2', 'const_1', 'v6'), ('*', 'v3', 'v6', 'v7'), ('+', 'x5', 'x0', 'v8'), ('+', 'x1', 'v3', 'v9')]","(0, 0, 0, 0, 0, 0, 0, 0, 1, 0)",3
263,"[('*', 'x3', 'x2', 'v0'), ('//', 'const_0', 'x6', 'v1'), ('//', 'x6', 'const_1', 'v2'), ('*', 'x3', 'x6', 'v3'), ('*', 'x5', 'const_0', 'v4'), ('+', 'x0', 'x5', 'v5'), ('//', 'v0', 'v3', 'v6'), ('*', 'x7', 'x9', 'v7'), ('//', 'v5', 'x5', 'v8'), ('//', 'x6', 'x1', 'v9')]","(0, 1, 0, 0, 0, 0, 1, 0, 0, 0)",265
264,"[('+', 'const_1', 'x2', 'v0'), ('*', 'x0', 'x0', 'v1'), ('//', 'v0', 'x0', 'v2'), ('+', 'v1', 'v2', 'v3'), ('*', 'x5', 'v1', 'v4'), ('*', 'x8', 'x5', 'v5'), ('*', 'const_0', 'v3', 'v6'), ('*', 'const_0', 'v2', 'v7'), ('+', 'v4', 'x2', 'v8'), ('+', 'x2', 'x4', 'v9')]","(0, 0, 0, 0, 1, 0, 0, 0, 0, 0)",33
265,"[('*', 'x9', 'x4', 'v0'), ('+', 'const_0', 'x6', 'v1'), ('*', 'v0', 'x7', 'v2'), ('//', 'x4', 'x2', 'v3'), ('*', 'v0', 'v2', 'v4'), ('//', 'v3', 'x4', 'v5'), ('+', 'x8', 'x5', 'v6'), ('//', 'v5', 'x0', 'v7'), ('+', 'x3', 'v1', 'v8'), ('+', 'v3', 'x5', 'v9')]","(0, 0, 0, 0, 0, 1, 0, 0, 0, 0)",17
266,"[('*', 'x7', 'x5', 'v0'), ('//', 'x1', 'v0', 'v1'), ('//', 'x3', 'v1', 'v2'), ('//', 'x3', 'x8', 'v3'), ('+', 'v2', 'x9', 'v4'), ('+', 'x8', 'x2', 'v5'), ('//', 'x7', 'v2', 'v6'), ('//', 'x4', 'x6', 'v7'), ('+', 'x9', 'x5', 'v8'), ('//', 'v4', 'v8', 'v9')]","(0, 0, 0, 0, 0, 0, 0, 0, 0, 1)",2
267,"[('+', 'x6', 'x8', 'v0'), ('//', 'x6', 'x8', 'v1'), ('*', 'x6', 'x5', 'v2'), ('//', 'const_0', 'x9', 'v3'), ('//', 'x1', 'v3', 'v4'), ('+', 'const_1', 'v1', 'v5'), ('*', 'x4', 'x5', 'v6'), ('//', 'v1', 'x3', 'v7'), ('//', 'x2', 'x8', 'v8'), ('*', 'v4', 'v3', 'v9')]",None,1024
268,"[('//', 'x3', 'x3', 'v0'), ('+', 'x4', 'x7', 'v1'), ('+', 'v1', 'const_1', 'v2'), ('+', 'const_1', 'x2', 'v3'), ('+', 'const_0', 'x4', 'v4'), ('*', 'v4', 'x2', 'v5'), ('//', 'v3', 'v2', 'v6'), ('//', 'x9', 'v3', 'v7'), ('*', 'v7', 'const_1', 'v8'), ('+', 'x0', 'v3', 'v9')]","(0, 0, 0, 0, 0, 0, 0, 0, 0, 0)",1
269,"[('*', 'x8', 'x1', 'v0'), ('//', 'x1', 'x7', 'v1'), ('+', 'const_1', 'x4', 'v2'), ('+', 'x0', 'v1', 'v3'), ('//', 'v1', 'v1', 'v4'), ('*', 'x3', 'v1', 'v5'), ('//', 'x8', 'x0', 'v6'), ('+', 'x0', 'x7', 'v7'), ('//', 'x9', 'const_1', 'v8'), ('*', 'x8', 'v7', 'v9')]","(0, 0, 0, 0, 0, 0, 0, 1, 1, 0)",7
270,"[('+', 'const_0', 'x1', 'v0'), ('*', 'x0', 'x0', 'v1'), ('*', 'x7', 'x8', 'v2'), ('*', 'x1', 'v1', 'v3'), ('//', 'x0', 'v0', 'v4'), ('*', 'x6', 'x0', 'v5'), ('*', 'v4', 'x1', 'v6'), ('//', 'x0', 'v5', 'v7'), ('*', 'v4', 'x4', 'v8'), ('*', 'x1', 'v5', 'v9')]","(1, 1, 0, 0, 0, 0, 1, 0, 0, 0)",777
271,"[('*', 'x1', 'x2', 'v0'), ('+', 'x6', 'v0', 'v1'), ('//', 'v1', 'x0', 'v2'), ('+', 'x2', 'x7', 'v3'), ('//', 'x3', 'x2', 'v4'), ('//', 'x0', 'x6', 'v5'), ('//', 'x5', 'v3', 'v6'), ('//', 'x6', 'x3', 'v7'), ('+', 'x3', 'const_0', 'v8'), ('*', 'v4', 'v8', 'v9')]","(0, 0, 1, 1, 0, 0, 0, 0, 0, 0)",193
272,"[('*', 'x8', 'x5', 'v0'), ('//', 'const_1', 'x0', 'v1'), ('+', 'const_0', 'x6', 'v2'), ('//', 'x9', 'v0', 'v3'), ('//', 'x2', 'x1', 'v4'), ('//', 'x2', 'x8', 'v5'), ('+', 'const_1', 'x5', 'v6'), ('*', 'v4', 'const_0', 'v7'), ('*', 'v5', 'x8', 'v8'), ('//', 'x8', 'x9', 'v9')]","(0, 0, 0, 0, 0, 0, 0, 0, 1, 1)",4
273,"[('+', 'x2', 'x8', 'v0'), ('+', 'x6', 'x3', 'v1'), ('//', 'const_0', 'v0', 'v2'), ('*', 'x6', 'x4', 'v3'), ('*', 'x1', 'const_1', 'v4'), ('//', 'x6', 'x1', 'v5'), ('+', 'v0', 'x6', 'v6'), ('*', 'x0', 'x4', 'v7'), ('+', 'v5', 'v2', 'v8'), ('*', 'x9', 'v7', 'v9')]","(1, 0, 0, 0, 1, 0, 0, 0, 0, 1)",546
274,"[('//', 'x3', 'x3', 'v0'), ('*', 'x1', 'x9', 'v1'), ('*', 'x6', 'x8', 'v2'), ('//', 'const_1', 'x8', 'v3'), ('*', 'v1', 'x7', 'v4'), ('*', 'x5', 'x6', 'v5'), ('*', 'x2', 'x2', 'v6'), ('+', 'x4', 'x7', 'v7'), ('//', 'x0', 'const_1', 'v8'), ('+', 'x5', 'x8', 'v9')]","(0, 0, 0, 0, 0, 0, 0, 0, 1, 0)",3
275,"[('//', 'const_1', 'x3', 'v0'), ('//', 'x5', 'x4', 'v1'), ('*', 'x8', 'v1', 'v2'), ('*', 'x8', 'x5', 'v3'), ('*', 'const_0', 'x7', 'v4'), ('*', 'const_0', 'const_0', 'v5'), ('//', 'v5', 'v1', 'v6'), ('+', 'v0', 'x0', 'v7'), ('+', 'const_1', 'v0', 'v8'), ('//', 'x3', 'x6', 'v9')]","(0, 0, 0, 1, 0, 0, 1, 0, 0, 0)",73
276,"[('*', 'x4', 'x7', 'v0'), ('*', 'x4', 'x2', 'v1'), ('*', 'x5', 'x8', 'v2'), ('*', 'x2', 'v0', 'v3'), ('//', 'x3', 'v1', 'v4'), ('//', 'const_1', 'const_1', 'v5'), ('//', 'x2', 'v2', 'v6'), ('+', 'x9', 'x6', 'v7'), ('+', 'v3', 'x5', 'v8'), ('+', 'v1', 'x2', 'v9')]","(0, 0, 1, 0, 0, 0, 0, 0, 0, 0)",129
277,"[('+', 'x6', 'x2', 'v0'), ('//', 'x3', 'x5', 'v1'), ('+', 'x1', 'x8', 'v2'), ('//', 'v1', 'x1', 'v3'), ('+', 'x6', 'x1', 'v4'), ('+', 'v3', 'x3', 'v5'), ('*', 'x0', 'x8', 'v6'), ('+', 'x9', 'x5', 'v7'), ('//', 'v6', 'x3', 'v8'), ('*', 'const_0', 'x0', 'v9')]",None,1024
278,"[('*', 'x2', 'x5', 'v0'), ('+', 'const_1', 'x1', 'v1'), ('+', 'x6', 'x7', 'v2'), ('+', 'x4', 'const_1', 'v3'), ('//', 'x5', 'x9', 'v4'), ('*', 'const_1', 'x2', 'v5'), ('*', 'x2', 'v1', 'v6'), ('//', 'v4', 'x0', 'v7'), ('+', 'x8', 'x3', 'v8'), ('+', 'x8', 'v1', 'v9')]","(0, 0, 0, 0, 0, 0, 0, 0, 0, 0)",1
279,"[('//', 'x3', 'x9', 'v0'), ('*', 'const_1', 'x9', 'v1'), ('//', 'x8', 'x8', 'v2'), ('+', 'x8', 'x6', 'v3'), ('//', 'x5', 'x5', 'v4'), ('+', 'v1', 'v0', 'v5'), ('*', 'x7', 'const_0', 'v6'), ('+', 'x4', 'const_0', 'v7'), ('+', 'x1', 'v6', 'v8'), ('*', 'v7', 'x0', 'v9')]","(1, 0, 0, 0, 1, 0, 0, 0, 0, 0)",545
280,"[('//', 'x9', 'x4', 'v0'), ('//', 'x3', 'const_1', 'v1'), ('+', 'const_1', 'x7', 'v2'), ('//', 'x2', 'v1', 'v3'), ('//', 'x1', 'x9', 'v4'), ('+', 'v4', 'x1', 'v5'), ('+', 'v2', 'x4', 'v6'), ('+', 'x7', 'x4', 'v7'), ('+', 'const_1', 'x2', 'v8'), ('+', 'x3', 'v7', 'v9')]","(0, 0, 0, 0, 0, 0, 0, 1, 0, 0)",5
281,"[('+', 'x6', 'x6', 'v0'), ('+', 'x7', 'const_1', 'v1'), ('+', 'v0', 'x1', 'v2'), ('*', 'const_1', 'const_1', 'v3'), ('*', 'v0', 'const_0', 'v4'), ('*', 'v2', 'x8', 'v5'), ('*', 'v2', 'x2', 'v6'), ('+', 'x5', 'x8', 'v7'), ('//', 'v0', 'v2', 'v8'), ('*', 'x8', 'x7', 'v9')]","(0, 0, 0, 0, 0, 0, 0, 1, 1, 0)",7
282,"[('*', 'x9', 'x8', 'v0'), ('*', 'x0', 'v0', 'v1'), ('*', 'const_0', 'const_0', 'v2'), ('+', 'x1', 'x6', 'v3'), ('*', 'v0', 'x3', 'v4'), ('+', 'const_1', 'v2', 'v5'), ('//', 'x2', 'v3', 'v6'), ('+', 'v1', 'v3', 'v7'), ('+', 'v7', 'v7', 'v8'), ('//', 'v2', 'v7', 'v9')]",None,1024
283,"[('//', 'x5', 'x9', 'v0'), ('*', 'x3', 'x1', 'v1'), ('*', 'x9', 'x8', 'v2'), ('*', 'x9', 'x7', 'v3'), ('+', 'x9', 'const_1', 'v4'), ('//', 'x0', 'x9', 'v5'), ('*', 'x9', 'x8', 'v6'), ('//', 'x6', 'x4', 'v7'), ('+', 'v6', 'x9', 'v8'), ('+', 'v3', 'x5', 'v9')]","(0, 0, 0, 0, 0, 0, 0, 1, 0, 1)",6
284,"[('//', 'x3', 'x9', 'v0'), ('+', 'x7', 'x3', 'v1'), ('*', 'x5', 'x1', 'v2'), ('*', 'x3', 'x8', 'v3'), ('+', 'x4', 'v3', 'v4'), ('//', 'v1', 'const_1', 'v5'), ('+', 'x8', 'v3', 'v6'), ('+', 'v0', 'x6', 'v7'), ('+', 'v3', 'v0', 'v8'), ('*', 'x4', 'v4', 'v9')]","(0, 0, 0, 0, 1, 0, 0, 0, 0, 0)",33
285,"[('*', 'x9', 'x2', 'v0'), ('//', 'x2', 'v0', 'v1'), ('+', 'x4', 'x5', 'v2'), ('//', 'const_0', 'const_1', 'v3'), ('*', 'x8', 'v0', 'v4'), ('//', 'v4', 'v4', 'v5'), ('*', 'v1', 'x8', 'v6'), ('*', 'x2', 'x3', 'v7'), ('+', 'const_1', 'x9', 'v8'), ('//', 'const_1', 'x6', 'v9')]","(0, 0, 0, 0, 0, 0, 1, 0, 0, 0)",9
286,"[('//', 'x3', 'x9', 'v0'), ('+', 'x9', 'x3', 'v1'), ('*', 'x3', 'x9', 'v2'), ('*', 'x8', 'const_1', 'v3'), ('*', 'x5', 'x5', 'v4'), ('+', 'x2', 'v0', 'v5'), ('*', 'const_0', 'const_1', 'v6'), ('*', 'x6', 'x4', 'v7'), ('//', 'v3', 'x6', 'v8'), ('*', 'x4', 'x6', 'v9')]","(0, 0, 0, 0, 1, 0, 1, 0, 0, 0)",41
287,"[('+', 'x1', 'const_1', 'v0'), ('+', 'x1', 'x5', 'v1'), ('*', 'x1', 'v0', 'v2'), ('*', 'const_0', 'x6', 'v3'), ('+', 'x6', 'x4', 'v4'), ('+', 'x3', 'v1', 'v5'), ('//', 'v0', 'x2', 'v6'), ('*', 'x8', 'v1', 'v7'), ('*', 'x1', 'x4', 'v8'), ('+', 'x6', 'v8', 'v9')]","(0, 0, 0, 0, 0, 0, 1, 0, 0, 0)",9
288,"[('//', 'x6', 'x3', 'v0'), ('*', 'x8', 'x0', 'v1'), ('*', 'const_1', 'x6', 'v2'), ('*', 'x4', 'x2', 'v3'), ('*', 'x1', 'x8', 'v4'), ('+', 'const_0', 'v0', 'v5'), ('+', 'v3', 'x5', 'v6'), ('//', 'x7', 'x7', 'v7'), ('//', 'v6', 'x7', 'v8'), ('+', 'const_0', 'x9', 'v9')]","(0, 0, 0, 0, 0, 0, 0, 0, 0, 1)",2
289,"[('*', 'x3', 'x0', 'v0'), ('//', 'x3', 'v0', 'v1'), ('+', 'v1', 'x8', 'v2'), ('+', 'const_0', 'v2', 'v3'), ('+', 'x9', 'x4', 'v4'), ('*', 'x0', 'x6', 'v5'), ('*', 'x2', 'v0', 'v6'), ('//', 'x6', 'x3', 'v7'), ('//', 'const_1', 'v7', 'v8'), ('+', 'x6', 'x3', 'v9')]","(0, 0, 0, 0, 0, 0, 1, 0, 0, 0)",9
290,"[('+', 'x4', 'const_1', 'v0'), ('//', 'const_0', 'x7', 'v1'), ('//', 'x6', 'x6', 'v2'), ('*', 'x3', 'v1', 'v3'), ('*', 'x2', 'x0', 'v4'), ('*', 'const_0', 'x6', 'v5'), ('+', 'x7', 'v5', 'v6'), ('+', 'x0', 'x9', 'v7'), ('*', 'x0', 'v0', 'v8'), ('*', 'v2', 'x2', 'v9')]","(0, 0, 1, 0, 0, 0, 1, 0, 0, 0)",137
291,"[('//', 'x8', 'const_1', 'v0'), ('*', 'x3', 'x0', 'v1'), ('//', 'x6', 'x4', 'v2'), ('//', 'x9', 'x1', 'v3'), ('+', 'v3', 'v3', 'v4'), ('*', 'x5', 'x6', 'v5'), ('+', 'v4', 'x4', 'v6'), ('//', 'x5', 'x3', 'v7'), ('*', 'v2', 'x4', 'v8'), ('+', 'x3', 'v0', 'v9')]","(0, 0, 0, 0, 0, 0, 0, 0, 1, 0)",3
292,"[('*', 'const_1', 'const_1', 'v0'), ('//', 'x2', 'x7', 'v1'), ('+', 'x6', 'x0', 'v2'), ('+', 'x8', 'x4', 'v3'), ('*', 'v0', 'x0', 'v4'), ('//', 'x5', 'x2', 'v5'), ('//', 'const_0', 'v4', 'v6'), ('+', 'const_0', 'x9', 'v7'), ('//', 'v7', 'v4', 'v8'), ('*', 'x4', 'v0', 'v9')]","(0, 0, 0, 0, 1, 0, 0, 0, 0, 0)",33
293,"[('+', 'const_1', 'x0', 'v0'), ('//', 'x0', 'v0', 'v1'), ('+', 'x5', 'x2', 'v2'), ('+', 'const_1', 'x9', 'v3'), ('*', 'x3', 'x0', 'v4'), ('//', 'x9', 'x8', 'v5'), ('+', 'x6', 'v2', 'v6'), ('*', 'v5', 'v2', 'v7'), ('//', 'x7', 'x4', 'v8'), ('*', 'v2', 'v8', 'v9')]","(0, 0, 0, 0, 1, 1, 0, 1, 0, 0)",53
294,"[('*', 'x5', 'x1', 'v0'), ('+', 'x4', 'x8', 'v1'), ('//', 'x1', 'v0', 'v2'), ('*', 'x6', 'x6', 'v3'), ('*', 'const_0', 'x6', 'v4'), ('*', 'x8', 'x4', 'v5'), ('*', 'x4', 'v1', 'v6'), ('+', 'x2', 'x0', 'v7'), ('+', 'x2', 'x3', 'v8'), ('+', 'v5', 'v2', 'v9')]","(0, 0, 0, 0, 1, 0, 0, 0, 1, 0)",35
295,"[('+', 'x2', 'x6', 'v0'), ('//', 'const_1', 'v0', 'v1'), ('//', 'x7', 'x6', 'v2'), ('//', 'v1', 'x8', 'v3'), ('//', 'v1', 'x9', 'v4'), ('*', 'x0', 'x0', 'v5'), ('//', 'x2', 'v5', 'v6'), ('//', 'v3', 'v5', 'v7'), ('*', 'const_1', 'x5', 'v8'), ('+', 'x9', 'x3', 'v9')]","(0, 0, 0, 0, 0, 0, 0, 0, 0, 1)",2
296,"[('*', 'x5', 'x1', 'v0'), ('+', 'x4', 'x2', 'v1'), ('+', 'x0', 'x3', 'v2'), ('*', 'x3', 'x6', 'v3'), ('//', 'v3', 'x0', 'v4'), ('*', 'const_0', 'const_1', 'v5'), ('//', 'const_0', 'x0', 'v6'), ('+', 'x9', 'v0', 'v7'), ('*', 'x1', 'v6', 'v8'), ('+', 'v4', 'v3', 'v9')]","(0, 0, 0, 1, 0, 0, 1, 0, 0, 0)",73
297,"[('//', 'x2', 'const_1', 'v0'), ('+', 'x8', 'x9', 'v1'), ('//', 'const_0', 'x6', 'v2'), ('+', 'x5', 'x2', 'v3'), ('+', 'const_0', 'x5', 'v4'), ('//', 'x1', 'v4', 'v5'), ('//', 'x4', 'x9', 'v6'), ('*', 'x2', 'x9', 'v7'), ('+', 'x7', 'const_0', 'v8'), ('*', 'v1', 'x2', 'v9')]","(0, 0, 1, 0, 0, 0, 0, 0, 0, 1)",130
298,"[('*', 'x4', 'x7', 'v0'), ('*', 'x6', 'const_0', 'v1'), ('*', 'const_1', 'x8', 'v2'), ('//', 'x0', 'x4', 'v3'), ('+', 'x3', 'const_0', 'v4'), ('//', 'x3', 'x8', 'v5'), ('//', 'x5', 'x2', 'v6'), ('+', 'const_0', 'v2', 'v7'), ('//', 'x2', 'x9', 'v8'), ('*', 'x5', 'v7', 'v9')]","(0, 0, 0, 0, 0, 1, 0, 0, 1, 0)",19
299,"[('+', 'x4', 'x3', 'v0'), ('*', 'x3', 'x2', 'v1'), ('*', 'const_0', 'x3', 'v2'), ('*', 'x6', 'x2', 'v3'), ('+', 'v2', 'x0', 'v4'), ('*', 'x7', 'x0', 'v5'), ('*', 'v5', 'x5', 'v6'), ('+', 'const_1', 'v5', 'v7'), ('//', 'x1', 'x5', 'v8'), ('*', 'x8', 'v2', 'v9')]",None,1024
300,"[('*', 'x5', 'const_1', 'v0'), ('//', 'x5', 'x3', 'v1'), ('+', 'x7', 'x5', 'v2'), ('*', 'x4', 'x8', 'v3'), ('//', 'const_0', 'x6', 'v4'), ('//', 'x9', 'const_1', 'v5'), ('+', 'x1', 'x8', 'v6'), ('*', 'const_0', 'x9', 'v7'), ('*', 'const_1', 'x7', 'v8'), ('+', 'const_1', 'v0', 'v9')]","(0, 0, 0, 0, 0, 0, 0, 0, 0, 0)",1
301,"[('+', 'x7', 'x7', 'v0'), ('//', 'x2', 'const_1', 'v1'), ('*', 'const_0', 'x7', 'v2'), ('+', 'const_1', 'v0', 'v3'), ('*', 'const_1', 'x7', 'v4'), ('+', 'x0', 'x8', 'v5'), ('+', 'x1', 'x4', 'v6'), ('+', 'v1', 'const_0', 'v7'), ('//', 'const_1', 'x3', 'v8'), ('*', 'x0', 'v4', 'v9')]","(1, 0, 0, 0, 0, 0, 0, 1, 0, 0)",517
302,"[('//', 'x5', 'x7', 'v0'), ('*', 'x6', 'v0', 'v1'), ('*', 'x2', 'x0', 'v2'), ('+', 'x1', 'x4', 'v3'), ('*', 'const_1', 'v2', 'v4'), ('+', 'x3', 'x5', 'v5'), ('*', 'x4', 'v1', 'v6'), ('+', 'v6', 'v2', 'v7'), ('*', 'x4', 'x0', 'v8'), ('//', 'x4', 'x8', 'v9')]","(0, 0, 0, 0, 1, 0, 0, 0, 1, 0)",35
303,"[('+', 'x1', 'x6', 'v0'), ('*', 'const_0', 'v0', 'v1'), ('//', 'x0', 'v1', 'v2'), ('+', 'const_0', 'x1', 'v3'), ('*', 'v0', 'v1', 'v4'), ('+', 'x1', 'const_0', 'v5'), ('+', 'const_1', 'v3', 'v6'), ('*', 'x6', 'x0', 'v7'), ('+', 'v5', 'v2', 'v8'), ('+', 'x0', 'x1', 'v9')]","(0, 1, 0, 0, 0, 0, 0, 0, 0, 0)",257
304,"[('*', 'x6', 'x4', 'v0'), ('*', 'v0', 'x9', 'v1'), ('*', 'x5', 'const_1', 'v2'), ('//', 'v1', 'x8', 'v3'), ('+', 'x3', 'v0', 'v4'), ('//', 'x2', 'v1', 'v5'), ('//', 'x0', 'const_1', 'v6'), ('//', 'x7', 'x5', 'v7'), ('+', 'const_0', 'v0', 'v8'), ('*', 'v0', 'v5', 'v9')]","(0, 0, 1, 0, 1, 0, 1, 0, 0, 1)",170
305,"[('//', 'x7', 'x7', 'v0'), ('//', 'v0', 'const_1', 'v1'), ('*', 'x5', 'x5', 'v2'), ('//', 'const_0', 'v1', 'v3'), ('+', 'x6', 'x0', 'v4'), ('//', 'const_0', 'x4', 'v5'), ('*', 'x5', 'x4', 'v6'), ('//', 'x0', 'const_1', 'v7'), ('+', 'v5', 'x0', 'v8'), ('+', 'x8', 'x0', 'v9')]","(0, 0, 0, 0, 0, 0, 0, 0, 1, 0)",3
306,"[('//', 'const_1', 'x5', 'v0'), ('*', 'x4', 'x3', 'v1'), ('//', 'v1', 'x2', 'v2'), ('//', 'x9', 'x7', 'v3'), ('//', 'v2', 'x1', 'v4'), ('+', 'x7', 'x6', 'v5'), ('*', 'x3', 'x2', 'v6'), ('+', 'v4', 'v2', 'v7'), ('//', 'v5', 'x5', 'v8'), ('+', 'x2', 'x4', 'v9')]","(0, 0, 0, 0, 1, 0, 0, 0, 0, 0)",33
307,"[('//', 'x0', 'x6', 'v0'), ('//', 'x5', 'x5', 'v1'), ('//', 'x7', 'x8', 'v2'), ('//', 'v1', 'v1', 'v3'), ('//', 'const_1', 'const_1', 'v4'), ('//', 'x8', 'x8', 'v5'), ('//', 'v2', 'x6', 'v6'), ('//', 'x5', 'x0', 'v7'), ('//', 'v5', 'x9', 'v8'), ('//', 'x8', 'x9', 'v9')]","(0, 0, 0, 0, 0, 0, 0, 0, 1, 1)",4
308,"[('//', 'x9', 'x7', 'v0'), ('+', 'x4', 'const_0', 'v1'), ('+', 'x7', 'v1', 'v2'), ('//', 'x4', 'x2', 'v3'), ('*', 'x6', 'x1', 'v4'), ('+', 'x1', 'x5', 'v5'), ('+', 'v0', 'x7', 'v6'), ('+', 'x3', 'v1', 'v7'), ('//', 'x0', 'v6', 'v8'), ('+', 'const_1', 'x5', 'v9')]","(0, 0, 0, 0, 0, 0, 0, 0, 0, 0)",1
309,"[('*', 'x1', 'x3', 'v0'), ('+', 'x4', 'x7', 'v1'), ('*', 'x1', 'const_1', 'v2'), ('+', 'x9', 'x3', 'v3'), ('+', 'x4', 'v2', 'v4'), ('*', 'const_1', 'x4', 'v5'), ('//', 'x9', 'v0', 'v6'), ('*', 'v4', 'v6', 'v7'), ('//', 'x4', 'v7', 'v8'), ('+', 'const_0', 'v5', 'v9')]","(0, 0, 0, 0, 1, 0, 0, 0, 0, 0)",33
310,"[('//', 'x5', 'x6', 'v0'), ('*', 'v0', 'x8', 'v1'), ('+', 'x3', 'x6', 'v2'), ('+', 'x7', 'x4', 'v3'), ('+', 'x8', 'const_0', 'v4'), ('*', 'x1', 'v1', 'v5'), ('+', 'x6', 'const_1', 'v6'), ('+', 'x8', 'v0', 'v7'), ('+', 'v1', 'v5', 'v8'), ('+', 'x3', 'v2', 'v9')]","(0, 0, 0, 0, 0, 0, 1, 0, 0, 0)",9
311,"[('//', 'x3', 'const_1', 'v0'), ('*', 'x6', 'x6', 'v1'), ('+', 'x0', 'x0', 'v2'), ('*', 'v2', 'x9', 'v3'), ('*', 'x8', 'x0', 'v4'), ('//', 'x9', 'v4', 'v5'), ('//', 'x2', 'x4', 'v6'), ('+', 'x7', 'const_0', 'v7'), ('*', 'x0', 'v0', 'v8'), ('//', 'const_1', 'v1', 'v9')]","(0, 0, 0, 0, 0, 0, 1, 0, 0, 0)",9
312,"[('*', 'const_0', 'x6', 'v0'), ('//', 'x2', 'x5', 'v1'), ('+', 'x9', 'x3', 'v2'), ('*', 'const_0', 'x5', 'v3'), ('//', 'v0', 'x9', 'v4'), ('*', 'x5', 'v3', 'v5'), ('//', 'x1', 'x8', 'v6'), ('*', 'x5', 'v6', 'v7'), ('+', 'x5', 'v2', 'v8'), ('//', 'x5', 'const_1', 'v9')]","(0, 0, 0, 0, 0, 1, 0, 0, 0, 0)",17
313,"[('*', 'x6', 'x9', 'v0'), ('+', 'v0', 'x8', 'v1'), ('+', 'x1', 'x4', 'v2'), ('+', 'x9', 'const_1', 'v3'), ('*', 'x4', 'x2', 'v4'), ('*', 'x3', 'x6', 'v5'), ('+', 'v1', 'x0', 'v6'), ('+', 'x9', 'x4', 'v7'), ('*', 'v7', 'x8', 'v8'), ('//', 'v4', 'v7', 'v9')]","(0, 0, 1, 0, 1, 0, 0, 0, 0, 0)",161
314,"[('//', 'x1', 'x4', 'v0'), ('*', 'x5', 'x8', 'v1'), ('*', 'x6', 'x3', 'v2'), ('//', 'x3', 'const_1', 'v3'), ('//', 'x5', 'v2', 'v4'), ('*', 'v4', 'x6', 'v5'), ('//', 'v5', 'x2', 'v6'), ('//', 'v5', 'x5', 'v7'), ('*', 'x9', 'x8', 'v8'), ('//', 'x8', 'x1', 'v9')]","(0, 1, 0, 0, 0, 0, 0, 0, 1, 0)",259
315,"[('//', 'x1', 'x0', 'v0'), ('//', 'x7', 'x1', 'v1'), ('//', 'x0', 'x8', 'v2'), ('+', 'const_0', 'v0', 'v3'), ('+', 'x4', 'x0', 'v4'), ('//', 'x1', 'v1', 'v5'), ('+', 'v5', 'x2', 'v6'), ('*', 'v1', 'x8', 'v7'), ('*', 'v1', 'x8', 'v8'), ('//', 'x0', 'x7', 'v9')]","(1, 0, 0, 0, 0, 0, 0, 1, 0, 0)",517
316,"[('//', 'x1', 'x5', 'v0'), ('//', 'x7', 'x7', 'v1'), ('//', 'x1', 'x1', 'v2'), ('*', 'x6', 'v0', 'v3'), ('+', 'x8', 'x1', 'v4'), ('*', 'x1', 'x3', 'v5'), ('+', 'v2', 'x1', 'v6'), ('+', 'x3', 'const_0', 'v7'), ('+', 'x3', 'x6', 'v8'), ('//', 'x6', 'x1', 'v9')]","(0, 1, 0, 0, 0, 0, 1, 0, 0, 0)",265
317,"[('*', 'x3', 'x4', 'v0'), ('*', 'const_1', 'x9', 'v1'), ('//', 'v1', 'x7', 'v2'), ('//', 'x1', 'x0', 'v3'), ('*', 'x6', 'v1', 'v4'), ('//', 'x8', 'const_1', 'v5'), ('*', 'v5', 'x7', 'v6'), ('+', 'const_1', 'v4', 'v7'), ('+', 'x6', 'x5', 'v8'), ('*', 'x0', 'v6', 'v9')]","(1, 0, 0, 0, 0, 0, 0, 1, 1, 0)",519
318,"[('//', 'x3', 'x0', 'v0'), ('//', 'x6', 'x4', 'v1'), ('+', 'x6', 'const_1', 'v2'), ('*', 'x6', 'x2', 'v3'), ('//', 'x9', 'x1', 'v4'), ('*', 'const_0', 'x7', 'v5'), ('+', 'x7', 'x7', 'v6'), ('+', 'x1', 'x0', 'v7'), ('*', 'v1', 'v1', 'v8'), ('+', 'x0', 'const_0', 'v9')]","(1, 0, 0, 0, 0, 0, 0, 0, 0, 0)",513
319,"[('*', 'x8', 'x9', 'v0'), ('*', 'const_1', 'x6', 'v1'), ('//', 'x3', 'x1', 'v2'), ('//', 'x5', 'x7', 'v3'), ('*', 'const_0', 'x5', 'v4'), ('//', 'x5', 'v4', 'v5'), ('//', 'x1', 'v3', 'v6'), ('//', 'x3', 'x0', 'v7'), ('+', 'x3', 'v6', 'v8'), ('*', 'x2', 'x5', 'v9')]","(0, 0, 1, 0, 0, 1, 0, 0, 0, 0)",145
320,"[('+', 'x3', 'x0', 'v0'), ('*', 'x6', 'v0', 'v1'), ('+', 'v0', 'x0', 'v2'), ('+', 'x9', 'x1', 'v3'), ('*', 'x4', 'x5', 'v4'), ('//', 'const_1', 'v0', 'v5'), ('*', 'const_1', 'x5', 'v6'), ('*', 'x5', 'x0', 'v7'), ('//', 'x4', 'x2', 'v8'), ('//', 'v4', 'x3', 'v9')]","(0, 0, 0, 1, 1, 1, 0, 0, 0, 0)",113
321,"[('*', 'x7', 'x9', 'v0'), ('*', 'x6', 'x5', 'v1'), ('*', 'x9', 'x6', 'v2'), ('+', 'x7', 'const_0', 'v3'), ('*', 'x6', 'x9', 'v4'), ('*', 'v4', 'x5', 'v5'), ('//', 'x3', 'v3', 'v6'), ('//', 'x1', 'x2', 'v7'), ('+', 'x0', 'x4', 'v8'), ('+', 'x7', 'x3', 'v9')]","(0, 0, 0, 0, 0, 0, 0, 1, 0, 0)",5
322,"[('+', 'x6', 'x1', 'v0'), ('//', 'x2', 'x8', 'v1'), ('+', 'x8', 'v1', 'v2'), ('+', 'const_1', 'const_1', 'v3'), ('*', 'v0', 'x0', 'v4'), ('+', 'x5', 'x3', 'v5'), ('//', 'v4', 'x1', 'v6'), ('*', 'v2', 'x0', 'v7'), ('*', 'v5', 'x2', 'v8'), ('*', 'x3', 'v8', 'v9')]","(0, 0, 1, 1, 0, 0, 0, 0, 0, 0)",193
323,"[('//', 'x3', 'const_1', 'v0'), ('//', 'x7', 'x0', 'v1'), ('*', 'x2', 'x6', 'v2'), ('+', 'v2', 'x6', 'v3'), ('*', 'x9', 'v2', 'v4'), ('*', 'const_0', 'v0', 'v5'), ('+', 'v2', 'v4', 'v6'), ('*', 'v5', 'v3', 'v7'), ('*', 'x3', 'x0', 'v8'), ('*', 'x1', 'const_0', 'v9')]",None,1024
324,"[('//', 'const_1', 'x4', 'v0'), ('//', 'x3', 'x8', 'v1'), ('+', 'x7', 'x5', 'v2'), ('+', 'x8', 'const_1', 'v3'), ('*', 'x7', 'x8', 'v4'), ('//', 'v2', 'x0', 'v5'), ('*', 'const_0', 'v0', 'v6'), ('//', 'v4', 'x6', 'v7'), ('+', 'v3', 'const_0', 'v8'), ('+', 'v8', 'x5', 'v9')]","(0, 0, 0, 0, 0, 0, 0, 0, 0, 0)",1
325,"[('//', 'x8', 'x5', 'v0'), ('+', 'const_0', 'x5', 'v1'), ('+', 'v1', 'x8', 'v2'), ('*', 'x6', 'x7', 'v3'), ('*', 'x6', 'x2', 'v4'), ('+', 'x2', 'x9', 'v5'), ('*', 'v1', 'v4', 'v6'), ('*', 'v4', 'x5', 'v7'), ('*', 'v6', 'x7', 'v8'), ('//', 'const_0', 'x9', 'v9')]",None,1024
326,"[('//', 'x5', 'x0', 'v0'), ('//', 'const_1', 'x4', 'v1'), ('+', 'v0', 'x6', 'v2'), ('*', 'x4', 'x1', 'v3'), ('+', 'x3', 'v2', 'v4'), ('*', 'x5', 'const_0', 'v5'), ('+', 'v2', 'x0', 'v6'), ('+', 'x6', 'x6', 'v7'), ('//', 'x7', 'x0', 'v8'), ('*', 'x3', 'x0', 'v9')]","(1, 0, 0, 1, 0, 0, 0, 0, 0, 0)",577
327,"[('//', 'x1', 'x7', 'v0'), ('*', 'x3', 'x8', 'v1'), ('//', 'x6', 'const_1', 'v2'), ('//', 'x0', 'const_1', 'v3'), ('+', 'v0', 'x0', 'v4'), ('*', 'const_1', 'x4', 'v5'), ('*', 'const_0', 'x8', 'v6'), ('+', 'x0', 'v4', 'v7'), ('*', 'v7', 'const_1', 'v8'), ('+', 'x5', 'v0', 'v9')]","(0, 0, 0, 0, 0, 1, 0, 0, 0, 0)",17
328,"[('//', 'x8', 'x3', 'v0'), ('*', 'x3', 'x4', 'v1'), ('*', 'x6', 'x1', 'v2'), ('//', 'x3', 'x5', 'v3'), ('+', 'const_1', 'v2', 'v4'), ('//', 'x6', 'const_1', 'v5'), ('//', 'x0', 'x2', 'v6'), ('+', 'v6', 'x7', 'v7'), ('+', 'const_0', 'x0', 'v8'), ('*', 'const_0', 'v7', 'v9')]",None,1024
329,"[('*', 'x1', 'x9', 'v0'), ('*', 'x9', 'x3', 'v1'), ('+', 'x2', 'x5', 'v2'), ('*', 'x9', 'v1', 'v3'), ('+', 'x1', 'const_0', 'v4'), ('+', 'x0', 'v0', 'v5'), ('*', 'x5', 'x1', 'v6'), ('*', 'v3', 'x2', 'v7'), ('*', 'x9', 'x8', 'v8'), ('+', 'x2', 'x2', 'v9')]","(0, 0, 1, 0, 0, 0, 0, 0, 0, 0)",129
330,"[('+', 'x2', 'x6', 'v0'), ('*', 'const_1', 'x3', 'v1'), ('*', 'x0', 'x3', 'v2'), ('*', 'x0', 'x2', 'v3'), ('+', 'x7', 'v1', 'v4'), ('*', 'x8', 'v3', 'v5'), ('//', 'v5', 'v5', 'v6'), ('//', 'x5', 'x5', 'v7'), ('+', 'const_0', 'v3', 'v8'), ('*', 'v6', 'v4', 'v9')]","(1, 0, 1, 0, 0, 0, 0, 1, 1, 0)",647
331,"[('//', 'x3', 'const_1', 'v0'), ('*', 'const_1', 'x4', 'v1'), ('//', 'x9', 'const_1', 'v2'), ('//', 'v1', 'v2', 'v3'), ('+', 'x8', 'x2', 'v4'), ('*', 'x6', 'x5', 'v5'), ('+', 'v1', 'x4', 'v6'), ('+', 'const_0', 'x0', 'v7'), ('//', 'v2', 'v2', 'v8'), ('//', 'x5', 'x8', 'v9')]","(0, 0, 0, 0, 0, 1, 0, 0, 1, 0)",19
332,"[('//', 'x5', 'x8', 'v0'), ('*', 'x0', 'x1', 'v1'), ('+', 'v1', 'const_1', 'v2'), ('+', 'x3', 'x2', 'v3'), ('//', 'x1', 'x7', 'v4'), ('*', 'x0', 'x9', 'v5'), ('//', 'const_1', 'v1', 'v6'), ('//', 'x2', 'x1', 'v7'), ('+', 'x2', 'x3', 'v8'), ('*', 'x2', 'v1', 'v9')]","(1, 1, 1, 0, 0, 0, 0, 0, 0, 0)",897
333,"[('//', 'x4', 'x8', 'v0'), ('//', 'v0', 'x2', 'v1'), ('//', 'x5', 'x7', 'v2'), ('//', 'x1', 'x8', 'v3'), ('*', 'v3', 'v2', 'v4'), ('*', 'v3', 'x3', 'v5'), ('//', 'x3', 'v5', 'v6'), ('//', 'const_1', 'v6', 'v7'), ('*', 'v4', 'v7', 'v8'), ('//', 'v5', 'x2', 'v9')]","(0, 1, 1, 1, 0, 0, 0, 0, 1, 0)",451
334,"[('+', 'x2', 'x6', 'v0'), ('+', 'const_1', 'x4', 'v1'), ('+', 'x2', 'x3', 'v2'), ('//', 'x6', 'v1', 'v3'), ('//', 'v2', 'x4', 'v4'), ('+', 'x4', 'x6', 'v5'), ('//', 'const_1', 'x3', 'v6'), ('*', 'v3', 'x2', 'v7'), ('*', 'x3', 'v0', 'v8'), ('+', 'v7', 'v5', 'v9')]","(0, 0, 0, 0, 0, 0, 1, 0, 0, 0)",9
335,"[('+', 'x1', 'const_1', 'v0'), ('*', 'x6', 'x5', 'v1'), ('//', 'x5', 'v0', 'v2'), ('//', 'x8', 'v2', 'v3'), ('*', 'v2', 'v3', 'v4'), ('+', 'v0', 'x2', 'v5'), ('+', 'v1', 'x2', 'v6'), ('+', 'x3', 'v5', 'v7'), ('*', 'x2', 'v5', 'v8'), ('+', 'v3', 'v8', 'v9')]","(0, 0, 0, 0, 0, 1, 0, 0, 1, 0)",19
336,"[('+', 'x7', 'x7', 'v0'), ('+', 'x8', 'x2', 'v1'), ('+', 'x0', 'x5', 'v2'), ('*', 'x7', 'x0', 'v3'), ('*', 'x6', 'v2', 'v4'), ('//', 'x3', 'const_1', 'v5'), ('*', 'v1', 'x7', 'v6'), ('//', 'x9', 'v3', 'v7'), ('+', 'v4', 'v4', 'v8'), ('*', 'const_1', 'x2', 'v9')]","(0, 0, 1, 0, 0, 0, 0, 0, 0, 0)",129
337,"[('+', 'x0', 'x6', 'v0'), ('*', 'x5', 'x9', 'v1'), ('//', 'x5', 'x6', 'v2'), ('*', 'v2', 'x5', 'v3'), ('+', 'v3', 'x7', 'v4'), ('//', 'x6', 'x9', 'v5'), ('*', 'x0', 'x4', 'v6'), ('*', 'x4', 'x7', 'v7'), ('*', 'x5', 'v6', 'v8'), ('+', 'v3', 'x8', 'v9')]","(0, 0, 0, 0, 0, 0, 0, 0, 1, 0)",3
338,"[('+', 'const_0', 'x9', 'v0'), ('//', 'x9', 'x8', 'v1'), ('*', 'x6', 'x5', 'v2'), ('*', 'x3', 'x9', 'v3'), ('//', 'x6', 'const_1', 'v4'), ('//', 'v0', 'v3', 'v5'), ('//', 'x8', 'v0', 'v6'), ('//', 'x4', 'v3', 'v7'), ('+', 'v6', 'v1', 'v8'), ('//', 'x9', 'x8', 'v9')]","(0, 0, 0, 0, 0, 0, 0, 0, 1, 1)",4
339,"[('+', 'const_1', 'x3', 'v0'), ('+', 'const_0', 'x6', 'v1'), ('//', 'x5', 'x9', 'v2'), ('//', 'x0', 'v1', 'v3'), ('*', 'x5', 'const_0', 'v4'), ('//', 'v2', 'x9', 'v5'), ('//', 'const_1', 'const_1', 'v6'), ('+', 'x3', 'x5', 'v7'), ('*', 'v1', 'x3', 'v8'), ('//', 'x1', 'v2', 'v9')]","(0, 1, 0, 0, 0, 1, 0, 0, 0, 1)",274
340,"[('*', 'x4', 'const_0', 'v0'), ('+', 'x1', 'const_1', 'v1'), ('+', 'v1', 'x3', 'v2'), ('*', 'x5', 'x0', 'v3'), ('+', 'x2', 'x6', 'v4'), ('+', 'v1', 'x9', 'v5'), ('//', 'x3', 'v4', 'v6'), ('//', 'const_0', 'x7', 'v7'), ('+', 'const_0', 'v1', 'v8'), ('+', 'x8', 'x8', 'v9')]","(0, 0, 0, 0, 0, 0, 0, 0, 1, 0)",3
341,"[('+', 'x0', 'x3', 'v0'), ('//', 'x4', 'x8', 'v1'), ('+', 'v1', 'const_1', 'v2'), ('//', 'x8', 'x2', 'v3'), ('+', 'x0', 'const_0', 'v4'), ('//', 'v3', 'x3', 'v5'), ('*', 'x0', 'x2', 'v6'), ('//', 'x6', 'v6', 'v7'), ('//', 'x6', 'const_1', 'v8'), ('+', 'const_1', 'x8', 'v9')]","(0, 0, 0, 0, 0, 0, 0, 0, 0, 0)",1
342,"[('//', 'const_0', 'x1', 'v0'), ('//', 'x4', 'x8', 'v1'), ('+', 'x6', 'x2', 'v2'), ('+', 'x9', 'x6', 'v3'), ('*', 'x8', 'x6', 'v4'), ('+', 'x2', 'const_0', 'v5'), ('*', 'x7', 'x4', 'v6'), ('*', 'x9', 'x0', 'v7'), ('//', 'x4', 'x2', 'v8'), ('//', 'v1', 'v5', 'v9')]","(0, 0, 1, 0, 1, 0, 0, 0, 1, 0)",163
343,"[('+', 'x1', 'x6', 'v0'), ('//', 'x1', 'x5', 'v1'), ('*', 'x8', 'x7', 'v2'), ('//', 'v2', 'x8', 'v3'), ('//', 'const_0', 'x7', 'v4'), ('*', 'x8', 'x1', 'v5'), ('+', 'x4', 'const_1', 'v6'), ('+', 'x0', 'v5', 'v7'), ('//', 'x8', 'x8', 'v8'), ('//', 'x4', 'v1', 'v9')]","(0, 1, 0, 0, 1, 1, 0, 0, 0, 0)",305
344,"[('+', 'x2', 'x9', 'v0'), ('*', 'const_0', 'x0', 'v1'), ('*', 'x1', 'x9', 'v2'), ('+', 'x3', 'x4', 'v3'), ('//', 'const_1', 'x3', 'v4'), ('+', 'x2', 'x8', 'v5'), ('*', 'x1', 'x5', 'v6'), ('*', 'x5', 'v0', 'v7'), ('//', 'v7', 'v0', 'v8'), ('*', 'v8', 'x7', 'v9')]","(0, 0, 0, 0, 0, 1, 0, 1, 0, 1)",22
345,"[('+', 'x6', 'const_1', 'v0'), ('//', 'x9', 'x2', 'v1'), ('//', 'x2', 'x5', 'v2'), ('//', 'x6', 'x1', 'v3'), ('//', 'v2', 'x1', 'v4'), ('//', 'x7', 'x1', 'v5'), ('+', 'v4', 'x4', 'v6'), ('//', 'x1', 'const_1', 'v7'), ('//', 'x5', 'x7', 'v8'), ('+', 'v7', 'x2', 'v9')]","(0, 0, 1, 0, 0, 0, 0, 0, 0, 0)",129
346,"[('+', 'x8', 'x3', 'v0'), ('//', 'v0', 'x1', 'v1'), ('//', 'v0', 'v0', 'v2'), ('+', 'const_0', 'x6', 'v3'), ('*', 'x1', 'x2', 'v4'), ('*', 'x9', 'v4', 'v5'), ('*', 'v4', 'x6', 'v6'), ('+', 'const_1', 'v6', 'v7'), ('//', 'x8', 'x0', 'v8'), ('//', 'x9', 'x2', 'v9')]","(0, 0, 1, 0, 0, 0, 0, 0, 0, 1)",130
347,"[('*', 'x1', 'x3', 'v0'), ('*', 'v0', 'x0', 'v1'), ('*', 'x6', 'x5', 'v2'), ('+', 'x2', 'v2', 'v3'), ('+', 'x8', 'x7', 'v4'), ('*', 'const_0', 'x0', 'v5'), ('//', 'v5', 'x3', 'v6'), ('*', 'x7', 'x1', 'v7'), ('+', 'v7', 'x2', 'v8'), ('//', 'x4', 'x9', 'v9')]","(0, 0, 0, 0, 1, 0, 0, 0, 0, 1)",34
348,"[('*', 'const_0', 'x3', 'v0'), ('*', 'x8', 'v0', 'v1'), ('//', 'x3', 'x7', 'v2'), ('+', 'const_1', 'const_1', 'v3'), ('//', 'x2', 'x1', 'v4'), ('+', 'v3', 'x3', 'v5'), ('//', 'v0', 'v1', 'v6'), ('*', 'x7', 'x7', 'v7'), ('*', 'x7', 'x9', 'v8'), ('//', 'x9', 'v2', 'v9')]","(0, 0, 0, 1, 0, 0, 0, 1, 0, 1)",70
349,"[('+', 'x9', 'const_0', 'v0'), ('*', 'x2', 'x6', 'v1'), ('+', 'x1', 'x2', 'v2'), ('+', 'const_0', 'x0', 'v3'), ('+', 'x6', 'x0', 'v4'), ('*', 'v3', 'x6', 'v5'), ('*', 'x7', 'x3', 'v6'), ('*', 'v4', 'x5', 'v7'), ('*', 'x6', 'x5', 'v8'), ('*', 'x4', 'x9', 'v9')]","(0, 0, 0, 0, 1, 0, 0, 0, 0, 1)",34
350,"[('//', 'x8', 'x1', 'v0'), ('//', 'x6', 'const_1', 'v1'), ('*', 'x7', 'const_0', 'v2'), ('+', 'x2', 'v0', 'v3'), ('//', 'x1', 'x6', 'v4'), ('*', 'x9', 'v2', 'v5'), ('//', 'x2', 'v3', 'v6'), ('//', 'x1', 'const_1', 'v7'), ('+', 'x2', 'x3', 'v8'), ('//', 'v5', 'v7', 'v9')]",None,1024
351,"[('+', 'x9', 'x3', 'v0'), ('*', 'x7', 'x0', 'v1'), ('+', 'x6', 'x5', 'v2'), ('+', 'x9', 'v2', 'v3'), ('+', 'x5', 'const_0', 'v4'), ('*', 'x9', 'x7', 'v5'), ('//', 'x0', 'x6', 'v6'), ('*', 'x1', 'v6', 'v7'), ('*', 'v4', 'const_1', 'v8'), ('*', 'v0', 'v1', 'v9')]","(1, 0, 0, 0, 0, 0, 0, 1, 0, 1)",518
352,"[('*', 'x6', 'x2', 'v0'), ('//', 'const_1', 'x0', 'v1'), ('*', 'x4', 'v1', 'v2'), ('*', 'x5', 'const_1', 'v3'), ('*', 'v1', 'x8', 'v4'), ('*', 'const_0', 'x6', 'v5'), ('//', 'const_1', 'x9', 'v6'), ('//', 'x3', 'v0', 'v7'), ('*', 'x2', 'x6', 'v8'), ('+', 'v8', 'v0', 'v9')]","(0, 0, 1, 0, 0, 0, 1, 0, 0, 0)",137
353,"[('//', 'x0', 'x5', 'v0'), ('//', 'x8', 'v0', 'v1'), ('+', 'v0', 'x9', 'v2'), ('//', 'x7', 'v0', 'v3'), ('+', 'const_1', 'const_1', 'v4'), ('//', 'x6', 'x1', 'v5'), ('//', 'x9', 'v2', 'v6'), ('*', 'v3', 'x5', 'v7'), ('+', 'const_1', 'v6', 'v8'), ('+', 'v3', 'v1', 'v9')]","(1, 0, 0, 0, 0, 1, 0, 0, 1, 0)",531
354,"[('+', 'x9', 'x5', 'v0'), ('*', 'x6', 'v0', 'v1'), ('*', 'x5', 'v0', 'v2'), ('*', 'x2', 'const_0', 'v3'), ('*', 'v2', 'x5', 'v4'), ('*', 'const_0', 'v3', 'v5'), ('*', 'x8', 'x6', 'v6'), ('+', 'x6', 'x4', 'v7'), ('//', 'x4', 'v7', 'v8'), ('//', 'x0', 'x3', 'v9')]","(1, 0, 0, 1, 0, 0, 0, 0, 0, 0)",577
355,"[('*', 'const_0', 'x7', 'v0'), ('+', 'x7', 'x3', 'v1'), ('//', 'x9', 'const_1', 'v2'), ('//', 'v1', 'x5', 'v3'), ('+', 'x2', 'x9', 'v4'), ('+', 'v4', 'x7', 'v5'), ('//', 'v1', 'x6', 'v6'), ('//', 'const_1', 'x3', 'v7'), ('+', 'v2', 'v5', 'v8'), ('//', 'x9', 'v6', 'v9')]","(0, 0, 0, 0, 0, 0, 1, 1, 0, 1)",14
356,"[('*', 'x6', 'x9', 'v0'), ('//', 'const_1', 'x8', 'v1'), ('*', 'x3', 'x7', 'v2'), ('//', 'x0', 'x3', 'v3'), ('*', 'x0', 'v2', 'v4'), ('+', 'x4', 'x7', 'v5'), ('*', 'v1', 'x9', 'v6'), ('*', 'x3', 'v0', 'v7'), ('*', 'v5', 'v3', 'v8'), ('//', 'v0', 'x5', 'v9')]","(0, 0, 0, 0, 0, 1, 1, 0, 0, 1)",26
357,"[('//', 'x8', 'x8', 'v0'), ('+', 'x9', 'x8', 'v1'), ('*', 'x5', 'x3', 'v2'), ('*', 'const_0', 'x0', 'v3'), ('//', 'x3', 'x7', 'v4'), ('*', 'v0', 'x8', 'v5'), ('*', 'x9', 'x0', 'v6'), ('*', 'x4', 'x7', 'v7'), ('+', 'v7', 'x2', 'v8'), ('+', 'v0', 'x2', 'v9')]","(0, 0, 0, 0, 0, 0, 0, 0, 1, 0)",3
358,"[('//', 'x3', 'x3', 'v0'), ('//', 'x7', 'x8', 'v1'), ('//', 'x1', 'const_1', 'v2'), ('//', 'x8', 'v0', 'v3'), ('*', 'x2', 'v3', 'v4'), ('//', 'x0', 'x3', 'v5'), ('+', 'x6', 'v5', 'v6'), ('//', 'x6', 'v4', 'v7'), ('+', 'x6', 'const_1', 'v8'), ('//', 'v3', 'x4', 'v9')]","(0, 0, 0, 1, 1, 0, 0, 0, 1, 0)",99
359,"[('*', 'x0', 'x9', 'v0'), ('//', 'x2', 'x8', 'v1'), ('+', 'const_0', 'x1', 'v2'), ('*', 'x5', 'v1', 'v3'), ('*', 'x2', 'v0', 'v4'), ('//', 'x1', 'v4', 'v5'), ('*', 'v3', 'x9', 'v6'), ('*', 'v3', 'x8', 'v7'), ('//', 'x1', 'v3', 'v8'), ('+', 'const_0', 'x5', 'v9')]","(0, 0, 0, 0, 0, 1, 0, 0, 0, 0)",17
360,"[('//', 'const_1', 'x2', 'v0'), ('+', 'const_1', 'x3', 'v1'), ('//', 'v0', 'x3', 'v2'), ('+', 'x1', 'x0', 'v3'), ('//', 'v1', 'x2', 'v4'), ('//', 'x0', 'x8', 'v5'), ('+', 'x0', 'const_0', 'v6'), ('*', 'x8', 'v4', 'v7'), ('*', 'x3', 'v0', 'v8'), ('+', 'x9', 'x2', 'v9')]","(0, 0, 0, 0, 0, 0, 0, 0, 0, 1)",2
361,"[('//', 'x6', 'x5', 'v0'), ('*', 'x3', 'v0', 'v1'), ('//', 'v1', 'x4', 'v2'), ('//', 'x3', 'x2', 'v3'), ('*', 'x4', 'x6', 'v4'), ('*', 'v4', 'const_1', 'v5'), ('+', 'x5', 'x4', 'v6'), ('*', 'x8', 'x3', 'v7'), ('*', 'v4', 'x3', 'v8'), ('*', 'const_1', 'x2', 'v9')]","(0, 0, 1, 0, 0, 0, 0, 0, 0, 0)",129
362,"[('//', 'x0', 'const_1', 'v0'), ('+', 'x8', 'x3', 'v1'), ('+', 'x5', 'x1', 'v2'), ('+', 'x6', 'x2', 'v3'), ('+', 'x4', 'x9', 'v4'), ('*', 'const_0', 'x3', 'v5'), ('//', 'const_0', 'x4', 'v6'), ('+', 'x3', 'v3', 'v7'), ('+', 'x7', 'x1', 'v8'), ('+', 'x8', 'v2', 'v9')]","(0, 0, 0, 0, 0, 0, 0, 0, 1, 0)",3
363,"[('//', 'const_0', 'x6', 'v0'), ('+', 'x0', 'x6', 'v1'), ('+', 'const_1', 'x5', 'v2'), ('*', 'x3', 'v2', 'v3'), ('*', 'x0', 'x2', 'v4'), ('//', 'x0', 'x5', 'v5'), ('//', 'const_0', 'x5', 'v6'), ('+', 'x8', 'x6', 'v7'), ('+', 'x1', 'v4', 'v8'), ('//', 'const_1', 'v2', 'v9')]","(0, 0, 0, 0, 0, 0, 0, 0, 0, 0)",1
364,"[('//', 'x8', 'x3', 'v0'), ('//', 'x7', 'x7', 'v1'), ('*', 'v1', 'x5', 'v2'), ('+', 'const_1', 'x3', 'v3'), ('+', 'v0', 'x8', 'v4'), ('+', 'x6', 'x6', 'v5'), ('+', 'x9', 'x6', 'v6'), ('+', 'v3', 'x3', 'v7'), ('+', 'x2', 'v1', 'v8'), ('+', 'x1', 'const_1', 'v9')]","(0, 0, 0, 0, 0, 0, 0, 0, 0, 0)",1
365,"[('//', 'x6', 'x3', 'v0'), ('*', 'const_1', 'x6', 'v1'), ('*', 'v1', 'x4', 'v2'), ('+', 'x7', 'v0', 'v3'), ('+', 'x7', 'x9', 'v4'), ('//', 'v2', 'v4', 'v5'), ('//', 'x6', 'v4', 'v6'), ('//', 'v2', 'x4', 'v7'), ('*', 'v4', 'const_0', 'v8'), ('+', 'x2', 'const_1', 'v9')]","(0, 0, 0, 0, 0, 0, 0, 0, 0, 0)",1
366,"[('*', 'x5', 'x9', 'v0'), ('*', 'x7', 'x9', 'v1'), ('//', 'x8', 'const_1', 'v2'), ('*', 'x2', 'const_0', 'v3'), ('//', 'const_0', 'v2', 'v4'), ('*', 'v3', 'x5', 'v5'), ('+', 'v4', 'const_1', 'v6'), ('//', 'v2', 'x5', 'v7'), ('*', 'x2', 'v1', 'v8'), ('*', 'const_1', 'x4', 'v9')]","(0, 0, 0, 0, 1, 0, 0, 0, 0, 0)",33
367,"[('*', 'x3', 'x4', 'v0'), ('*', 'x1', 'x0', 'v1'), ('+', 'v0', 'const_1', 'v2'), ('//', 'x3', 'x4', 'v3'), ('//', 'x4', 'x6', 'v4'), ('+', 'v0', 'x9', 'v5'), ('*', 'x4', 'const_1', 'v6'), ('*', 'v1', 'x8', 'v7'), ('+', 'v1', 'x1', 'v8'), ('+', 'x3', 'x4', 'v9')]","(0, 0, 0, 0, 1, 0, 0, 0, 0, 0)",33
368,"[('+', 'x0', 'x4', 'v0'), ('//', 'x9', 'x4', 'v1'), ('//', 'x7', 'v1', 'v2'), ('+', 'const_1', 'x3', 'v3'), ('+', 'x5', 'x9', 'v4'), ('*', 'const_0', 'x6', 'v5'), ('//', 'v5', 'v1', 'v6'), ('*', 'x3', 'x8', 'v7'), ('+', 'x6', 'const_0', 'v8'), ('+', 'v2', 'x0', 'v9')]","(0, 0, 0, 0, 1, 0, 0, 1, 0, 1)",38
369,"[('//', 'x1', 'x6', 'v0'), ('//', 'x2', 'v0', 'v1'), ('//', 'x5', 'x4', 'v2'), ('//', 'v2', 'x4', 'v3'), ('//', 'x5', 'x4', 'v4'), ('*', 'x1', 'x5', 'v5'), ('+', 'x4', 'x5', 'v6'), ('*', 'v0', 'x2', 'v7'), ('+', 'v1', 'x0', 'v8'), ('//', 'v2', 'v4', 'v9')]","(0, 0, 0, 0, 1, 1, 0, 0, 0, 0)",49
370,"[('//', 'x3', 'const_1', 'v0'), ('+', 'x2', 'x3', 'v1'), ('+', 'x6', 'const_1', 'v2'), ('+', 'x6', 'v0', 'v3'), ('//', 'x1', 'x8', 'v4'), ('+', 'x6', 'x1', 'v5'), ('*', 'x6', 'x6', 'v6'), ('//', 'v5', 'x2', 'v7'), ('*', 'v0', 'x7', 'v8'), ('+', 'x9', 'x5', 'v9')]","(0, 0, 0, 0, 0, 0, 0, 0, 0, 1)",2
371,"[('//', 'x1', 'x3', 'v0'), ('*', 'x6', 'x7', 'v1'), ('//', 'x3', 'const_1', 'v2'), ('+', 'x5', 'x5', 'v3'), ('*', 'x9', 'x4', 'v4'), ('*', 'x9', 'x6', 'v5'), ('//', 'v1', 'v1', 'v6'), ('//', 'x4', 'x7', 'v7'), ('*', 'const_1', 'const_0', 'v8'), ('//', 'v0', 'x7', 'v9')]","(0, 1, 0, 1, 0, 0, 0, 1, 0, 0)",325
372,"[('*', 'x2', 'x8', 'v0'), ('//', 'v0', 'x9', 'v1'), ('//', 'const_1', 'x4', 'v2'), ('*', 'x9', 'const_1', 'v3'), ('+', 'const_1', 'v3', 'v4'), ('*', 'x9', 'x6', 'v5'), ('//', 'x4', 'v5', 'v6'), ('*', 'v3', 'v1', 'v7'), ('+', 'x7', 'v3', 'v8'), ('//', 'x4', 'v1', 'v9')]","(0, 0, 1, 0, 1, 0, 0, 0, 1, 1)",164
373,"[('*', 'x2', 'x1', 'v0'), ('//', 'x0', 'x6', 'v1'), ('//', 'x0', 'x3', 'v2'), ('*', 'x8', 'x4', 'v3'), ('+', 'x8', 'x8', 'v4'), ('*', 'const_0', 'v2', 'v5'), ('+', 'v5', 'v1', 'v6'), ('//', 'x7', 'x2', 'v7'), ('+', 'x9', 'x5', 'v8'), ('//', 'v7', 'v5', 'v9')]",None,1024
374,"[('*', 'const_0', 'x4', 'v0'), ('*', 'x6', 'const_0', 'v1'), ('*', 'x6', 'const_0', 'v2'), ('*', 'v2', 'x1', 'v3'), ('*', 'x4', 'x2', 'v4'), ('*', 'x8', 'x4', 'v5'), ('+', 'v1', 'x2', 'v6'), ('//', 'v5', 'v0', 'v7'), ('//', 'x5', 'v4', 'v8'), ('+', 'v4', 'x1', 'v9')]","(0, 0, 1, 0, 1, 0, 0, 0, 0, 0)",161
375,"[('//', 'x2', 'x7', 'v0'), ('+', 'x5', 'x1', 'v1'), ('//', 'x9', 'x9', 'v2'), ('*', 'x9', 'const_0', 'v3'), ('//', 'v0', 'const_1', 'v4'), ('*', 'v1', 'x2', 'v5'), ('//', 'x2', 'v4', 'v6'), ('//', 'x0', 'x0', 'v7'), ('//', 'x1', 'v6', 'v8'), ('*', 'x6', 'x4', 'v9')]","(0, 0, 0, 0, 1, 0, 1, 0, 0, 0)",41
376,"[('//', 'x9', 'x4', 'v0'), ('//', 'const_0', 'x8', 'v1'), ('//', 'x9', 'x9', 'v2'), ('*', 'x8', 'const_1', 'v3'), ('+', 'x3', 'x7', 'v4'), ('//', 'v4', 'v2', 'v5'), ('*', 'x5', 'v1', 'v6'), ('+', 'x5', 'const_0', 'v7'), ('+', 'v5', 'v5', 'v8'), ('+', 'x4', 'x4', 'v9')]","(0, 0, 0, 0, 1, 0, 0, 0, 0, 0)",33
377,"[('*', 'x9', 'x7', 'v0'), ('+', 'const_0', 'v0', 'v1'), ('//', 'x7', 'x7', 'v2'), ('+', 'v1', 'v2', 'v3'), ('*', 'x0', 'v2', 'v4'), ('//', 'x4', 'const_1', 'v5'), ('*', 'const_1', 'x8', 'v6'), ('+', 'v0', 'v1', 'v7'), ('+', 'v0', 'x2', 'v8'), ('//', 'x9', 'v5', 'v9')]","(0, 0, 0, 0, 1, 0, 0, 0, 0, 1)",34
378,"[('*', 'x2', 'const_1', 'v0'), ('*', 'x8', 'x2', 'v1'), ('+', 'v1', 'x4', 'v2'), ('*', 'x4', 'x9', 'v3'), ('*', 'x4', 'v2', 'v4'), ('//', 'x5', 'x8', 'v5'), ('+', 'v1', 'v3', 'v6'), ('//', 'v5', 'v6', 'v7'), ('//', 'v1', 'v2', 'v8'), ('//', 'x8', 'const_1', 'v9')]","(0, 0, 0, 0, 0, 0, 0, 0, 1, 0)",3
379,"[('+', 'x4', 'x6', 'v0'), ('//', 'x1', 'x7', 'v1'), ('+', 'x9', 'x9', 'v2'), ('//', 'x5', 'x3', 'v3'), ('//', 'x9', 'x3', 'v4'), ('+', 'x1', 'v4', 'v5'), ('//', 'x9', 'v2', 'v6'), ('*', 'v5', 'v5', 'v7'), ('*', 'v2', 'x9', 'v8'), ('*', 'x3', 'v0', 'v9')]","(0, 0, 0, 1, 0, 0, 1, 0, 0, 0)",73
380,"[('+', 'const_0', 'x0', 'v0'), ('+', 'const_0', 'x8', 'v1'), ('*', 'v1', 'x6', 'v2'), ('//', 'x1', 'x4', 'v3'), ('+', 'x3', 'x4', 'v4'), ('+', 'x4', 'x3', 'v5'), ('//', 'x6', 'const_1', 'v6'), ('*', 'x0', 'v0', 'v7'), ('//', 'v1', 'x8', 'v8'), ('*', 'v2', 'v8', 'v9')]","(0, 0, 0, 0, 0, 0, 1, 0, 1, 0)",11
381,"[('*', 'x3', 'x1', 'v0'), ('*', 'x6', 'v0', 'v1'), ('+', 'v0', 'v1', 'v2'), ('//', 'x5', 'x7', 'v3'), ('//', 'x2', 'x6', 'v4'), ('+', 'v1', 'x4', 'v5'), ('//', 'x3', 'x4', 'v6'), ('*', 'x9', 'x4', 'v7'), ('+', 'v2', 'x1', 'v8'), ('+', 'x6', 'const_0', 'v9')]","(0, 0, 0, 0, 0, 0, 1, 0, 0, 0)",9
382,"[('//', 'x7', 'x9', 'v0'), ('*', 'x2', 'v0', 'v1'), ('//', 'x7', 'x2', 'v2'), ('*', 'x2', 'v2', 'v3'), ('*', 'x9', 'x7', 'v4'), ('//', 'x7', 'x2', 'v5'), ('*', 'v3', 'x0', 'v6'), ('+', 'const_0', 'v4', 'v7'), ('+', 'x6', 'x2', 'v8'), ('*', 'v0', 'const_1', 'v9')]","(0, 0, 0, 0, 0, 0, 0, 1, 0, 1)",6
383,"[('*', 'x4', 'const_1', 'v0'), ('//', 'v0', 'x1', 'v1'), ('//', 'x2', 'v1', 'v2'), ('+', 'x5', 'x5', 'v3'), ('+', 'const_0', 'x5', 'v4'), ('+', 'v1', 'v1', 'v5'), ('*', 'x4', 'const_0', 'v6'), ('*', 'v6', 'x0', 'v7'), ('+', 'x7', 'v2', 'v8'), ('//', 'v6', 'const_1', 'v9')]",None,1024
384,"[('+', 'const_0', 'x5', 'v0'), ('*', 'const_0', 'x6', 'v1'), ('//', 'x0', 'x5', 'v2'), ('//', 'const_1', 'x3', 'v3'), ('//', 'x3', 'const_1', 'v4'), ('*', 'v4', 'v3', 'v5'), ('+', 'const_1', 'const_1', 'v6'), ('*', 'v1', 'x2', 'v7'), ('*', 'v5', 'v6', 'v8'), ('*', 'x4', 'x9', 'v9')]","(0, 0, 0, 0, 1, 0, 0, 0, 0, 1)",34
385,"[('*', 'x3', 'x6', 'v0'), ('*', 'x0', 'x1', 'v1'), ('*', 'x1', 'x8', 'v2'), ('*', 'x7', 'x2', 'v3'), ('//', 'x9', 'const_1', 'v4'), ('+', 'x8', 'x0', 'v5'), ('+', 'v3', 'const_1', 'v6'), ('*', 'const_1', 'v3', 'v7'), ('//', 'v4', 'x4', 'v8'), ('*', 'v7', 'x6', 'v9')]","(0, 0, 1, 0, 0, 0, 1, 1, 0, 0)",141
386,"[('+', 'x9', 'x3', 'v0'), ('*', 'x8', 'const_1', 'v1'), ('+', 'x3', 'x2', 'v2'), ('*', 'const_1', 'x2', 'v3'), ('*', 'x0', 'x0', 'v4'), ('*', 'v0', 'const_1', 'v5'), ('//', 'const_1', 'x9', 'v6'), ('*', 'x7', 'x1', 'v7'), ('//', 'v2', 'v0', 'v8'), ('*', 'x9', 'x1', 'v9')]","(0, 1, 0, 0, 0, 0, 0, 0, 0, 1)",258
387,"[('*', 'const_1', 'x6', 'v0'), ('+', 'x5', 'x4', 'v1'), ('//', 'v1', 'x9', 'v2'), ('+', 'x1', 'x2', 'v3'), ('//', 'x3', 'v3', 'v4'), ('//', 'x7', 'v2', 'v5'), ('//', 'x5', 'x1', 'v6'), ('*', 'x7', 'v5', 'v7'), ('//', 'x2', 'x8', 'v8'), ('*', 'x9', 'x8', 'v9')]","(0, 0, 0, 0, 0, 0, 0, 0, 1, 1)",4
388,"[('*', 'x8', 'x7', 'v0'), ('*', 'x6', 'x7', 'v1'), ('+', 'x2', 'v1', 'v2'), ('*', 'x8', 'x4', 'v3'), ('+', 'x3', 'x6', 'v4'), ('//', 'v2', 'v0', 'v5'), ('*', 'const_1', 'x4', 'v6'), ('//', 'x6', 'x2', 'v7'), ('//', 'x8', 'x8', 'v8'), ('*', 'x9', 'v6', 'v9')]","(0, 0, 0, 0, 1, 0, 0, 0, 0, 1)",34
389,"[('*', 'x9', 'x0', 'v0'), ('//', 'x9', 'x2', 'v1'), ('*', 'x9', 'x1', 'v2'), ('//', 'v0', 'x9', 'v3'), ('*', 'x3', 'x4', 'v4'), ('*', 'x5', 'x4', 'v5'), ('+', 'x1', 'v4', 'v6'), ('//', 'x8', 'x3', 'v7'), ('+', 'x5', 'v5', 'v8'), ('+', 'v1', 'x1', 'v9')]","(0, 0, 1, 0, 0, 0, 0, 0, 0, 1)",130
390,"[('*', 'const_0', 'x9', 'v0'), ('+', 'x5', 'x2', 'v1'), ('+', 'x6', 'x9', 'v2'), ('*', 'x1', 'x8', 'v3'), ('*', 'x2', 'x0', 'v4'), ('+', 'x0', 'x3', 'v5'), ('//', 'x8', 'v2', 'v6'), ('*', 'v3', 'x8', 'v7'), ('//', 'x8', 'v7', 'v8'), ('*', 'x0', 'v7', 'v9')]","(1, 1, 0, 0, 0, 0, 0, 0, 1, 0)",771
391,"[('//', 'x7', 'x0', 'v0'), ('+', 'x5', 'x8', 'v1'), ('+', 'x5', 'const_0', 'v2'), ('//', 'x7', 'const_1', 'v3'), ('//', 'x9', 'x0', 'v4'), ('*', 'x6', 'x8', 'v5'), ('+', 'x0', 'const_0', 'v6'), ('*', 'x9', 'v5', 'v7'), ('//', 'const_0', 'x4', 'v8'), ('+', 'const_0', 'v5', 'v9')]","(0, 0, 0, 0, 0, 0, 1, 0, 1, 0)",11
392,"[('+', 'x3', 'x2', 'v0'), ('*', 'x6', 'x2', 'v1'), ('+', 'const_1', 'v1', 'v2'), ('+', 'v0', 'v2', 'v3'), ('//', 'v0', 'v0', 'v4'), ('+', 'x9', 'v4', 'v5'), ('+', 'const_0', 'x4', 'v6'), ('*', 'x9', 'v3', 'v7'), ('//', 'const_1', 'x8', 'v8'), ('+', 'v2', 'v6', 'v9')]","(0, 0, 0, 0, 0, 0, 0, 0, 0, 0)",1
393,"[('//', 'x2', 'const_1', 'v0'), ('+', 'x1', 'x0', 'v1'), ('*', 'x3', 'x5', 'v2'), ('+', 'const_0', 'x4', 'v3'), ('+', 'x0', 'x9', 'v4'), ('//', 'v4', 'x8', 'v5'), ('+', 'v4', 'v4', 'v6'), ('+', 'v5', 'x4', 'v7'), ('*', 'const_0', 'x3', 'v8'), ('//', 'v7', 'x8', 'v9')]","(0, 0, 0, 0, 0, 0, 0, 0, 1, 1)",4
394,"[('//', 'x4', 'x1', 'v0'), ('*', 'x5', 'x8', 'v1'), ('+', 'x9', 'x1', 'v2'), ('*', 'x5', 'x4', 'v3'), ('//', 'x4', 'x7', 'v4'), ('+', 'v2', 'x5', 'v5'), ('+', 'x5', 'v2', 'v6'), ('*', 'x8', 'v2', 'v7'), ('//', 'x6', 'x5', 'v8'), ('+', 'v6', 'v0', 'v9')]","(0, 0, 0, 0, 0, 0, 0, 0, 0, 1)",2
395,"[('//', 'x0', 'x4', 'v0'), ('*', 'x0', 'x6', 'v1'), ('+', 'x5', 'v0', 'v2'), ('//', 'x0', 'x9', 'v3'), ('//', 'x5', 'x6', 'v4'), ('//', 'const_1', 'v1', 'v5'), ('//', 'v0', 'x7', 'v6'), ('*', 'v3', 'v5', 'v7'), ('//', 'x1', 'v5', 'v8'), ('//', 'v8', 'v3', 'v9')]","(1, 1, 0, 0, 0, 0, 1, 0, 0, 1)",778
396,"[('+', 'x1', 'x7', 'v0'), ('+', 'x3', 'const_0', 'v1'), ('//', 'x5', 'x1', 'v2'), ('//', 'const_0', 'x0', 'v3'), ('*', 'const_0', 'v1', 'v4'), ('*', 'const_1', 'v0', 'v5'), ('*', 'const_0', 'const_0', 'v6'), ('*', 'x2', 'x7', 'v7'), ('//', 'v4', 'x0', 'v8'), ('//', 'const_1', 'x9', 'v9')]","(0, 0, 0, 0, 0, 0, 0, 0, 0, 1)",2
397,"[('*', 'x8', 'x3', 'v0'), ('*', 'const_0', 'x2', 'v1'), ('+', 'v1', 'x1', 'v2'), ('//', 'x6', 'x9', 'v3'), ('+', 'const_1', 'v3', 'v4'), ('//', 'v1', 'x3', 'v5'), ('//', 'x2', 'x6', 'v6'), ('*', 'v2', 'x0', 'v7'), ('+', 'x2', 'x2', 'v8'), ('+', 'v5', 'x4', 'v9')]","(0, 0, 0, 0, 1, 0, 0, 0, 0, 0)",33
398,"[('*', 'x0', 'x5', 'v0'), ('*', 'x5', 'x7', 'v1'), ('*', 'x1', 'x2', 'v2'), ('//', 'x4', 'x2', 'v3'), ('//', 'const_1', 'x2', 'v4'), ('+', 'x4', 'x9', 'v5'), ('*', 'x0', 'x8', 'v6'), ('//', 'const_0', 'x0', 'v7'), ('+', 'v0', 'x6', 'v8'), ('*', 'x5', 'v2', 'v9')]","(0, 1, 1, 0, 0, 1, 0, 0, 0, 0)",401
399,"[('*', 'x8', 'const_0', 'v0'), ('+', 'x0', 'x8', 'v1'), ('//', 'x8', 'x3', 'v2'), ('*', 'x9', 'v0', 'v3'), ('*', 'x3', 'x7', 'v4'), ('//', 'x6', 'x5', 'v5'), ('*', 'x6', 'v2', 'v6'), ('*', 'v4', 'x9', 'v7'), ('//', 'v0', 'v5', 'v8'), ('//', 'v5', 'v8', 'v9')]",None,1024
400,"[('//', 'x5', 'x6', 'v0'), ('+', 'const_0', 'x2', 'v1'), ('*', 'x7', 'x5', 'v2'), ('*', 'x4', 'x9', 'v3'), ('//', 'const_0', 'x6', 'v4'), ('*', 'x7', 'x2', 'v5'), ('+', 'x2', 'x0', 'v6'), ('//', 'v5', 'v1', 'v7'), ('*', 'x6', 'v1', 'v8'), ('*', 'const_1', 'v1', 'v9')]","(0, 0, 1, 0, 0, 0, 0, 0, 0, 0)",129
401,"[('//', 'x3', 'x8', 'v0'), ('*', 'x2', 'v0', 'v1'), ('*', 'x3', 'x5', 'v2'), ('*', 'x1', 'x5', 'v3'), ('*', 'x8', 'v0', 'v4'), ('//', 'v3', 'v3', 'v5'), ('+', 'x9', 'v5', 'v6'), ('*', 'x4', 'x1', 'v7'), ('*', 'v3', 'const_0', 'v8'), ('*', 'x0', 'x2', 'v9')]","(1, 0, 1, 0, 0, 0, 0, 0, 0, 0)",641
402,"[('//', 'const_0', 'x7', 'v0'), ('+', 'x4', 'const_1', 'v1'), ('*', 'x3', 'x0', 'v2'), ('//', 'x0', 'const_1', 'v3'), ('*', 'x5', 'x9', 'v4'), ('//', 'const_0', 'x2', 'v5'), ('+', 'x0', 'v1', 'v6'), ('*', 'x1', 'v2', 'v7'), ('+', 'v0', 'v1', 'v8'), ('*', 'x5', 'v2', 'v9')]","(1, 0, 0, 1, 0, 1, 0, 0, 0, 0)",593
403,"[('+', 'x0', 'x8', 'v0'), ('//', 'x1', 'x2', 'v1'), ('//', 'v0', 'x3', 'v2'), ('+', 'x3', 'x1', 'v3'), ('//', 'x1', 'x6', 'v4'), ('//', 'v1', 'v3', 'v5'), ('*', 'x7', 'v4', 'v6'), ('+', 'v3', 'x5', 'v7'), ('*', 'v0', 'v3', 'v8'), ('//', 'x3', 'x1', 'v9')]","(0, 1, 0, 1, 0, 0, 0, 0, 0, 0)",321
404,"[('//', 'const_0', 'x0', 'v0'), ('+', 'v0', 'x9', 'v1'), ('*', 'v0', 'v1', 'v2'), ('+', 'v0', 'x7', 'v3'), ('+', 'x0', 'const_1', 'v4'), ('//', 'x0', 'v0', 'v5'), ('//', 'v3', 'x1', 'v6'), ('*', 'v3', 'x7', 'v7'), ('+', 'const_1', 'x7', 'v8'), ('*', 'x2', 'v5', 'v9')]",None,1024
405,"[('//', 'x4', 'x2', 'v0'), ('*', 'x6', 'x6', 'v1'), ('+', 'const_1', 'const_0', 'v2'), ('+', 'x5', 'x9', 'v3'), ('*', 'x2', 'x2', 'v4'), ('+', 'x8', 'x9', 'v5'), ('*', 'x2', 'x0', 'v6'), ('*', 'v6', 'x4', 'v7'), ('//', 'x5', 'v0', 'v8'), ('+', 'x9', 'v8', 'v9')]","(0, 0, 0, 0, 0, 0, 0, 0, 0, 1)",2
406,"[('*', 'const_0', 'x4', 'v0'), ('//', 'x9', 'x6', 'v1'), ('*', 'v0', 'x2', 'v2'), ('*', 'x1', 'const_0', 'v3'), ('//', 'x6', 'v2', 'v4'), ('*', 'v1', 'x5', 'v5'), ('//', 'v4', 'const_1', 'v6'), ('//', 'v4', 'v4', 'v7'), ('//', 'x4', 'x4', 'v8'), ('*', 'x6', 'v7', 'v9')]",None,1024
407,"[('+', 'x3', 'x1', 'v0'), ('+', 'x5', 'x5', 'v1'), ('//', 'x1', 'x8', 'v2'), ('//', 'x7', 'const_1', 'v3'), ('//', 'v0', 'x9', 'v4'), ('//', 'x5', 'x3', 'v5'), ('+', 'x1', 'v1', 'v6'), ('*', 'x8', 'v3', 'v7'), ('*', 'x1', 'v7', 'v8'), ('*', 'v0', 'x3', 'v9')]","(0, 0, 0, 1, 0, 0, 0, 0, 0, 0)",65
408,"[('*', 'const_1', 'const_0', 'v0'), ('//', 'const_1', 'x8', 'v1'), ('+', 'x9', 'x5', 'v2'), ('*', 'x8', 'v0', 'v3'), ('*', 'v0', 'x8', 'v4'), ('+', 'x3', 'v0', 'v5'), ('//', 'x1', 'v3', 'v6'), ('+', 'x4', 'v0', 'v7'), ('+', 'x0', 'x5', 'v8'), ('*', 'x2', 'x4', 'v9')]","(0, 0, 1, 0, 1, 0, 0, 0, 0, 0)",161
409,"[('+', 'x0', 'const_1', 'v0'), ('*', 'x3', 'x4', 'v1'), ('//', 'x7', 'x9', 'v2'), ('*', 'x4', 'v0', 'v3'), ('+', 'const_0', 'x2', 'v4'), ('//', 'x1', 'x1', 'v5'), ('+', 'x0', 'const_1', 'v6'), ('+', 'v1', 'v1', 'v7'), ('//', 'v4', 'x4', 'v8'), ('*', 'x6', 'x7', 'v9')]","(0, 0, 0, 0, 0, 0, 1, 1, 0, 0)",13
410,"[('+', 'x0', 'x3', 'v0'), ('*', 'const_0', 'x9', 'v1'), ('*', 'v1', 'x0', 'v2'), ('//', 'x2', 'x6', 'v3'), ('+', 'x3', 'v1', 'v4'), ('//', 'const_1', 'v3', 'v5'), ('+', 'x1', 'const_0', 'v6'), ('+', 'x2', 'const_0', 'v7'), ('*', 'const_1', 'x7', 'v8'), ('//', 'v1', 'const_1', 'v9')]",None,1024
411,"[('+', 'x3', 'const_0', 'v0'), ('+', 'const_1', 'x0', 'v1'), ('//', 'x9', 'x8', 'v2'), ('*', 'v1', 'const_1', 'v3'), ('+', 'v0', 'x5', 'v4'), ('//', 'x2', 'v3', 'v5'), ('//', 'x6', 'x4', 'v6'), ('//', 'v0', 'x6', 'v7'), ('//', 'x2', 'v1', 'v8'), ('*', 'v2', 'v4', 'v9')]","(0, 0, 0, 0, 0, 1, 0, 0, 1, 1)",20
412,"[('+', 'x1', 'const_1', 'v0'), ('*', 'const_0', 'const_1', 'v1'), ('//', 'x3', 'x5', 'v2'), ('*', 'v2', 'x4', 'v3'), ('*', 'x9', 'x7', 'v4'), ('//', 'x6', 'const_1', 'v5'), ('//', 'x2', 'v4', 'v6'), ('*', 'x1', 'x0', 'v7'), ('+', 'const_0', 'v0', 'v8'), ('+', 'x5', 'x3', 'v9')]","(0, 0, 0, 0, 0, 1, 0, 0, 0, 0)",17
413,"[('*', 'x9', 'x2', 'v0'), ('*', 'const_1', 'x9', 'v1'), ('*', 'x0', 'x5', 'v2'), ('//', 'x3', 'const_1', 'v3'), ('*', 'x5', 'v3', 'v4'), ('*', 'x2', 'v3', 'v5'), ('//', 'x5', 'v3', 'v6'), ('//', 'v6', 'x8', 'v7'), ('//', 'v0', 'const_1', 'v8'), ('//', 'v6', 'const_1', 'v9')]","(0, 0, 0, 1, 0, 1, 0, 0, 0, 0)",81
414,"[('+', 'x6', 'const_0', 'v0'), ('+', 'x7', 'x8', 'v1'), ('*', 'v1', 'x0', 'v2'), ('//', 'x9', 'x5', 'v3'), ('+', 'x8', 'x7', 'v4'), ('*', 'x7', 'x4', 'v5'), ('//', 'x7', 'v0', 'v6'), ('//', 'v5', 'x5', 'v7'), ('*', 'x7', 'v6', 'v8'), ('//', 'v7', 'x7', 'v9')]","(0, 0, 0, 0, 1, 1, 0, 1, 0, 0)",53
415,"[('*', 'const_0', 'x8', 'v0'), ('+', 'const_1', 'x9', 'v1'), ('*', 'x0', 'x6', 'v2'), ('+', 'x8', 'x1', 'v3'), ('+', 'x7', 'x5', 'v4'), ('//', 'x8', 'v4', 'v5'), ('//', 'x7', 'x8', 'v6'), ('*', 'const_1', 'x8', 'v7'), ('*', 'v5', 'x7', 'v8'), ('+', 'x9', 'v0', 'v9')]","(0, 0, 0, 0, 0, 0, 0, 0, 0, 1)",2
416,"[('*', 'x4', 'const_0', 'v0'), ('+', 'const_0', 'v0', 'v1'), ('*', 'x6', 'x2', 'v2'), ('*', 'v1', 'x5', 'v3'), ('//', 'v3', 'const_1', 'v4'), ('+', 'x8', 'v2', 'v5'), ('//', 'x9', 'const_1', 'v6'), ('*', 'x2', 'const_0', 'v7'), ('//', 'const_0', 'v6', 'v8'), ('//', 'x3', 'v7', 'v9')]",None,1024
417,"[('//', 'x3', 'x3', 'v0'), ('+', 'x1', 'x6', 'v1'), ('//', 'x6', 'x0', 'v2'), ('*', 'x8', 'x3', 'v3'), ('+', 'v2', 'const_1', 'v4'), ('//', 'x4', 'x7', 'v5'), ('+', 'x8', 'x7', 'v6'), ('*', 'x4', 'v4', 'v7'), ('*', 'x7', 'x3', 'v8'), ('//', 'x2', 'v2', 'v9')]","(1, 0, 1, 0, 0, 0, 1, 0, 0, 0)",649
418,"[('+', 'x6', 'x8', 'v0'), ('*', 'v0', 'x7', 'v1'), ('*', 'x0', 'x4', 'v2'), ('+', 'x7', 'const_0', 'v3'), ('+', 'x8', 'v1', 'v4'), ('+', 'x5', 'x7', 'v5'), ('//', 'x2', 'const_1', 'v6'), ('+', 'x0', 'x7', 'v7'), ('+', 'v6', 'x7', 'v8'), ('*', 'const_0', 'x1', 'v9')]",None,1024
419,"[('+', 'x7', 'const_1', 'v0'), ('*', 'x1', 'x4', 'v1'), ('*', 'x9', 'x5', 'v2'), ('*', 'x8', 'x8', 'v3'), ('*', 'x3', 'x9', 'v4'), ('*', 'x0', 'v2', 'v5'), ('*', 'const_0', 'x5', 'v6'), ('*', 'x1', 'x1', 'v7'), ('//', 'x2', 'v1', 'v8'), ('+', 'x3', 'x3', 'v9')]","(0, 0, 0, 1, 0, 0, 0, 0, 0, 0)",65
420,"[('+', 'const_1', 'const_0', 'v0'), ('*', 'x5', 'const_0', 'v1'), ('+', 'x8', 'v0', 'v2'), ('//', 'x9', 'v2', 'v3'), ('//', 'const_1', 'const_1', 'v4'), ('//', 'v4', 'x8', 'v5'), ('*', 'v2', 'x8', 'v6'), ('*', 'v1', 'x1', 'v7'), ('+', 'v3', 'v2', 'v8'), ('+', 'v2', 'v3', 'v9')]","(0, 0, 0, 0, 0, 0, 0, 0, 0, 0)",1
421,"[('+', 'x8', 'x2', 'v0'), ('+', 'x1', 'x5', 'v1'), ('*', 'x4', 'x8', 'v2'), ('+', 'x3', 'v0', 'v3'), ('//', 'v3', 'const_1', 'v4'), ('//', 'v3', 'v0', 'v5'), ('*', 'x0', 'const_1', 'v6'), ('//', 'const_0', 'v1', 'v7'), ('//', 'x7', 'x1', 'v8'), ('*', 'x8', 'v6', 'v9')]","(1, 0, 0, 0, 0, 0, 0, 0, 1, 0)",515
422,"[('+', 'x2', 'x6', 'v0'), ('*', 'x1', 'x0', 'v1'), ('//', 'v1', 'v0', 'v2'), ('+', 'x4', 'const_0', 'v3'), ('//', 'x9', 'v3', 'v4'), ('*', 'x5', 'v4', 'v5'), ('//', 'x2', 'x7', 'v6'), ('+', 'v2', 'x1', 'v7'), ('*', 'v1', 'v3', 'v8'), ('+', 'v3', 'const_1', 'v9')]","(0, 0, 0, 0, 0, 0, 0, 0, 0, 0)",1
423,"[('*', 'const_1', 'x9', 'v0'), ('*', 'x7', 'const_1', 'v1'), ('+', 'x5', 'x0', 'v2'), ('//', 'const_1', 'v2', 'v3'), ('*', 'x9', 'v3', 'v4'), ('//', 'x6', 'x8', 'v5'), ('//', 'x8', 'x7', 'v6'), ('*', 'x5', 'x6', 'v7'), ('*', 'x0', 'x4', 'v8'), ('*', 'const_1', 'x4', 'v9')]","(0, 0, 0, 0, 1, 0, 0, 0, 0, 0)",33
424,"[('//', 'x4', 'const_1', 'v0'), ('//', 'x1', 'x0', 'v1'), ('//', 'x5', 'x9', 'v2'), ('*', 'v0', 'v2', 'v3'), ('+', 'x5', 'v3', 'v4'), ('//', 'x6', 'v2', 'v5'), ('+', 'x0', 'v5', 'v6'), ('*', 'v5', 'x6', 'v7'), ('//', 'const_1', 'x8', 'v8'), ('//', 'v2', 'v6', 'v9')]","(0, 0, 0, 0, 0, 1, 1, 0, 0, 1)",26
425,"[('+', 'x5', 'x8', 'v0'), ('//', 'x5', 'x5', 'v1'), ('+', 'x5', 'v1', 'v2'), ('+', 'v2', 'x6', 'v3'), ('//', 'v2', 'x4', 'v4'), ('+', 'x5', 'v2', 'v5'), ('//', 'x7', 'x3', 'v6'), ('*', 'x5', 'x9', 'v7'), ('*', 'x3', 'v5', 'v8'), ('+', 'x0', 'v4', 'v9')]","(0, 0, 0, 0, 1, 1, 0, 0, 0, 0)",49
426,"[('*', 'const_1', 'x7', 'v0'), ('*', 'x0', 'v0', 'v1'), ('//', 'v1', 'x3', 'v2'), ('+', 'x3', 'x5', 'v3'), ('*', 'x9', 'v2', 'v4'), ('*', 'x8', 'x1', 'v5'), ('//', 'v2', 'const_1', 'v6'), ('*', 'x2', 'x6', 'v7'), ('+', 'const_1', 'x2', 'v8'), ('*', 'v5', 'x6', 'v9')]","(0, 1, 0, 0, 0, 0, 1, 0, 1, 0)",267
427,"[('*', 'x5', 'x8', 'v0'), ('*', 'x0', 'x8', 'v1'), ('*', 'const_1', 'const_1', 'v2'), ('*', 'x6', 'const_1', 'v3'), ('+', 'x2', 'x0', 'v4'), ('//', 'v2', 'v1', 'v5'), ('*', 'const_0', 'x2', 'v6'), ('*', 'x3', 'x2', 'v7'), ('+', 'v3', 'v6', 'v8'), ('*', 'x0', 'v4', 'v9')]","(1, 0, 0, 0, 0, 0, 0, 0, 0, 0)",513
428,"[('//', 'x1', 'const_1', 'v0'), ('//', 'x2', 'x4', 'v1'), ('+', 'v0', 'x7', 'v2'), ('+', 'v1', 'x8', 'v3'), ('//', 'x4', 'const_1', 'v4'), ('+', 'v0', 'v4', 'v5'), ('*', 'x7', 'x9', 'v6'), ('+', 'v5', 'x7', 'v7'), ('//', 'const_0', 'const_1', 'v8'), ('//', 'v3', 'const_1', 'v9')]","(0, 0, 0, 0, 0, 0, 0, 0, 1, 0)",3
429,"[('*', 'x8', 'x2', 'v0'), ('+', 'x0', 'x8', 'v1'), ('//', 'x8', 'x1', 'v2'), ('+', 'v2', 'const_1', 'v3'), ('+', 'x6', 'const_0', 'v4'), ('//', 'x2', 'x4', 'v5'), ('//', 'x5', 'const_1', 'v6'), ('//', 'v6', 'x5', 'v7'), ('+', 'const_1', 'x0', 'v8'), ('+', 'v0', 'x1', 'v9')]","(0, 0, 1, 0, 0, 0, 0, 0, 1, 0)",131
430,"[('//', 'x0', 'x9', 'v0'), ('+', 'const_1', 'x2', 'v1'), ('+', 'x0', 'x3', 'v2'), ('//', 'v2', 'const_1', 'v3'), ('+', 'x5', 'x1', 'v4'), ('//', 'v2', 'x5', 'v5'), ('+', 'x7', 'v3', 'v6'), ('//', 'v1', 'x3', 'v7'), ('*', 'x4', 'x8', 'v8'), ('*', 'x3', 'x4', 'v9')]","(0, 0, 0, 1, 1, 0, 0, 0, 0, 0)",97
431,"[('*', 'const_1', 'x9', 'v0'), ('+', 'x3', 'x9', 'v1'), ('+', 'x2', 'const_1', 'v2'), ('+', 'const_1', 'x2', 'v3'), ('*', 'x4', 'x1', 'v4'), ('+', 'x8', 'v4', 'v5'), ('//', 'x8', 'v1', 'v6'), ('*', 'v1', 'v2', 'v7'), ('*', 'v6', 'x8', 'v8'), ('//', 'x7', 'const_1', 'v9')]","(0, 0, 0, 0, 0, 0, 0, 1, 0, 0)",5
432,"[('+', 'x3', 'const_0', 'v0'), ('+', 'x0', 'x9', 'v1'), ('//', 'v0', 'const_1', 'v2'), ('+', 'const_0', 'x9', 'v3'), ('*', 'x8', 'x4', 'v4'), ('//', 'x9', 'x8', 'v5'), ('+', 'v5', 'x8', 'v6'), ('*', 'x1', 'v3', 'v7'), ('*', 'x1', 'const_1', 'v8'), ('*', 'const_0', 'x4', 'v9')]",None,1024
433,"[('*', 'x9', 'x3', 'v0'), ('//', 'x1', 'x2', 'v1'), ('*', 'x8', 'x8', 'v2'), ('//', 'x3', 'x9', 'v3'), ('+', 'x0', 'v1', 'v4'), ('//', 'v1', 'const_1', 'v5'), ('*', 'x5', 'x4', 'v6'), ('+', 'v4', 'x3', 'v7'), ('+', 'x7', 'x2', 'v8'), ('//', 'v8', 'x8', 'v9')]","(0, 0, 0, 0, 0, 0, 0, 1, 1, 0)",7
434,"[('*', 'x9', 'const_1', 'v0'), ('//', 'v0', 'x2', 'v1'), ('*', 'v0', 'v0', 'v2'), ('//', 'x6', 'const_1', 'v3'), ('*', 'x3', 'x7', 'v4'), ('+', 'const_0', 'x6', 'v5'), ('//', 'v0', 'x6', 'v6'), ('+', 'v2', 'v2', 'v7'), ('//', 'v2', 'v1', 'v8'), ('+', 'x0', 'v7', 'v9')]","(0, 0, 0, 0, 0, 0, 0, 0, 0, 1)",2
435,"[('*', 'x0', 'x1', 'v0'), ('//', 'x7', 'x2', 'v1'), ('*', 'v0', 'x8', 'v2'), ('//', 'x7', 'x8', 'v3'), ('//', 'x6', 'x4', 'v4'), ('*', 'v4', 'x7', 'v5'), ('*', 'const_0', 'x1', 'v6'), ('+', 'v5', 'const_1', 'v7'), ('+', 'const_0', 'x6', 'v8'), ('+', 'x5', 'v7', 'v9')]","(0, 0, 0, 0, 0, 0, 0, 0, 0, 0)",1
436,"[('+', 'x6', 'x5', 'v0'), ('*', 'const_1', 'v0', 'v1'), ('+', 'const_1', 'x5', 'v2'), ('*', 'x1', 'x3', 'v3'), ('//', 'x6', 'x1', 'v4'), ('+', 'v3', 'x5', 'v5'), ('*', 'x7', 'x3', 'v6'), ('//', 'x6', 'x0', 'v7'), ('//', 'x0', 'x0', 'v8'), ('//', 'x2', 'x8', 'v9')]","(0, 0, 1, 0, 0, 0, 0, 0, 1, 0)",131
437,"[('//', 'x7', 'x3', 'v0'), ('//', 'x8', 'const_1', 'v1'), ('//', 'x3', 'x0', 'v2'), ('+', 'x9', 'x0', 'v3'), ('*', 'x5', 'x4', 'v4'), ('+', 'v3', 'x2', 'v5'), ('*', 'v1', 'v5', 'v6'), ('*', 'x6', 'v5', 'v7'), ('//', 'x4', 'v5', 'v8'), ('*', 'v5', 'x4', 'v9')]","(0, 0, 0, 0, 1, 0, 0, 0, 0, 1)",34
438,"[('+', 'x5', 'const_1', 'v0'), ('+', 'x2', 'x1', 'v1'), ('*', 'x8', 'const_0', 'v2'), ('//', 'x7', 'x3', 'v3'), ('+', 'v3', 'x6', 'v4'), ('*', 'v4', 'x3', 'v5'), ('//', 'const_1', 'x5', 'v6'), ('*', 'x3', 'x5', 'v7'), ('*', 'x2', 'const_0', 'v8'), ('+', 'x8', 'x0', 'v9')]","(0, 0, 0, 0, 0, 0, 0, 0, 1, 0)",3
439,"[('+', 'x4', 'x6', 'v0'), ('*', 'x7', 'x8', 'v1'), ('+', 'x8', 'x4', 'v2'), ('+', 'x7', 'v1', 'v3'), ('//', 'v3', 'x2', 'v4'), ('//', 'v1', 'x4', 'v5'), ('//', 'v5', 'v4', 'v6'), ('+', 'v0', 'x5', 'v7'), ('*', 'x0', 'x9', 'v8'), ('+', 'v7', 'const_0', 'v9')]","(0, 0, 0, 0, 0, 0, 1, 0, 0, 0)",9
440,"[('+', 'const_0', 'const_0', 'v0'), ('+', 'x0', 'x0', 'v1'), ('+', 'v1', 'x7', 'v2'), ('*', 'x7', 'x5', 'v3'), ('*', 'x4', 'x8', 'v4'), ('//', 'v2', 'const_1', 'v5'), ('+', 'x9', 'v3', 'v6'), ('+', 'v1', 'v5', 'v7'), ('*', 'v7', 'v1', 'v8'), ('+', 'v6', 'x9', 'v9')]","(0, 0, 0, 0, 0, 0, 0, 0, 0, 1)",2
441,"[('+', 'x3', 'const_1', 'v0'), ('//', 'x3', 'x8', 'v1'), ('*', 'const_1', 'x9', 'v2'), ('//', 'x2', 'v1', 'v3'), ('+', 'x2', 'x5', 'v4'), ('+', 'v2', 'v0', 'v5'), ('+', 'x4', 'v4', 'v6'), ('//', 'v5', 'x0', 'v7'), ('+', 'v3', 'v3', 'v8'), ('//', 'x5', 'x5', 'v9')]","(0, 0, 0, 0, 0, 1, 0, 0, 0, 0)",17
442,"[('//', 'x6', 'x7', 'v0'), ('+', 'x6', 'x5', 'v1'), ('//', 'v1', 'x7', 'v2'), ('+', 'const_1', 'v2', 'v3'), ('//', 'x4', 'v0', 'v4'), ('//', 'v1', 'v0', 'v5'), ('*', 'const_1', 'x5', 'v6'), ('+', 'v2', 'const_1', 'v7'), ('+', 'v5', 'v5', 'v8'), ('*', 'x6', 'const_1', 'v9')]","(0, 0, 0, 0, 0, 0, 1, 0, 0, 0)",9
443,"[('*', 'x2', 'x2', 'v0'), ('//', 'x0', 'x7', 'v1'), ('+', 'x3', 'x6', 'v2'), ('//', 'x4', 'x8', 'v3'), ('+', 'v0', 'x5', 'v4'), ('+', 'x6', 'x5', 'v5'), ('//', 'x8', 'x3', 'v6'), ('//', 'x1', 'x9', 'v7'), ('*', 'x4', 'x2', 'v8'), ('*', 'x0', 'x1', 'v9')]","(1, 1, 0, 0, 0, 0, 0, 0, 0, 0)",769
444,"[('*', 'x4', 'const_1', 'v0'), ('+', 'x0', 'x2', 'v1'), ('+', 'v1', 'x2', 'v2'), ('//', 'const_0', 'x8', 'v3'), ('*', 'v2', 'const_1', 'v4'), ('*', 'x6', 'x3', 'v5'), ('//', 'x6', 'x7', 'v6'), ('+', 'x8', 'x2', 'v7'), ('//', 'x1', 'x2', 'v8'), ('+', 'v6', 'x4', 'v9')]","(0, 0, 0, 0, 0, 0, 1, 1, 0, 0)",13
445,"[('*', 'x1', 'x8', 'v0'), ('//', 'x7', 'v0', 'v1'), ('+', 'const_0', 'const_1', 'v2'), ('*', 'const_1', 'v2', 'v3'), ('*', 'x5', 'x1', 'v4'), ('*', 'x5', 'x8', 'v5'), ('//', 'v1', 'x2', 'v6'), ('*', 'v6', 'x2', 'v7'), ('//', 'x1', 'x8', 'v8'), ('//', 'v8', 'x5', 'v9')]","(0, 1, 0, 0, 0, 1, 0, 0, 1, 0)",275
446,"[('+', 'x7', 'x8', 'v0'), ('*', 'x5', 'x3', 'v1'), ('//', 'x7', 'const_1', 'v2'), ('*', 'const_0', 'x5', 'v3'), ('//', 'x0', 'x9', 'v4'), ('+', 'x2', 'x4', 'v5'), ('+', 'x5', 'v4', 'v6'), ('*', 'x8', 'const_0', 'v7'), ('+', 'v2', 'const_0', 'v8'), ('//', 'x1', 'v0', 'v9')]","(0, 1, 0, 0, 0, 0, 0, 0, 1, 0)",259
447,"[('+', 'x3', 'x6', 'v0'), ('*', 'const_1', 'x0', 'v1'), ('*', 'x8', 'x6', 'v2'), ('//', 'x5', 'const_1', 'v3'), ('//', 'x5', 'v3', 'v4'), ('//', 'x1', 'x9', 'v5'), ('+', 'v1', 'x9', 'v6'), ('*', 'const_0', 'x4', 'v7'), ('//', 'x8', 'v7', 'v8'), ('+', 'v3', 'v7', 'v9')]","(0, 0, 0, 0, 0, 1, 0, 0, 0, 0)",17
448,"[('//', 'const_1', 'const_1', 'v0'), ('//', 'x6', 'x4', 'v1'), ('+', 'x5', 'x0', 'v2'), ('+', 'x9', 'const_1', 'v3'), ('*', 'const_1', 'const_0', 'v4'), ('//', 'x1', 'x3', 'v5'), ('*', 'x4', 'v1', 'v6'), ('//', 'v5', 'v2', 'v7'), ('+', 'const_1', 'v1', 'v8'), ('*', 'x7', 'v0', 'v9')]","(0, 0, 0, 0, 0, 0, 0, 1, 0, 0)",5
449,"[('*', 'x1', 'const_0', 'v0'), ('//', 'x0', 'x9', 'v1'), ('//', 'const_1', 'v1', 'v2'), ('+', 'v2', 'x5', 'v3'), ('+', 'x6', 'x6', 'v4'), ('*', 'x1', 'v3', 'v5'), ('//', 'x7', 'x6', 'v6'), ('//', 'x1', 'x5', 'v7'), ('*', 'v7', 'v3', 'v8'), ('//', 'x6', 'v1', 'v9')]","(1, 0, 0, 0, 0, 0, 1, 0, 0, 1)",522
450,"[('//', 'x1', 'x9', 'v0'), ('+', 'const_1', 'const_1', 'v1'), ('//', 'v0', 'x7', 'v2'), ('+', 'x9', 'v0', 'v3'), ('//', 'x3', 'const_1', 'v4'), ('+', 'x1', 'v1', 'v5'), ('*', 'x5', 'x1', 'v6'), ('+', 'v2', 'x6', 'v7'), ('+', 'v5', 'v1', 'v8'), ('//', 'v6', 'x9', 'v9')]","(0, 1, 0, 0, 0, 1, 0, 0, 0, 1)",274
451,"[('+', 'x4', 'x2', 'v0'), ('+', 'const_0', 'x0', 'v1'), ('//', 'const_1', 'x6', 'v2'), ('*', 'const_1', 'x7', 'v3'), ('//', 'const_1', 'v0', 'v4'), ('*', 'x8', 'x4', 'v5'), ('//', 'x6', 'x0', 'v6'), ('//', 'x7', 'x5', 'v7'), ('//', 'v4', 'v5', 'v8'), ('*', 'const_1', 'v6', 'v9')]","(1, 0, 0, 0, 0, 0, 1, 0, 0, 0)",521
452,"[('+', 'x1', 'const_1', 'v0'), ('//', 'x5', 'x5', 'v1'), ('+', 'x2', 'x2', 'v2'), ('//', 'x9', 'const_1', 'v3'), ('*', 'x8', 'v2', 'v4'), ('//', 'x3', 'x0', 'v5'), ('*', 'x7', 'v2', 'v6'), ('+', 'const_0', 'v3', 'v7'), ('*', 'x7', 'v1', 'v8'), ('//', 'v7', 'v5', 'v9')]","(1, 0, 0, 1, 0, 0, 0, 0, 0, 1)",578
453,"[('//', 'x4', 'x7', 'v0'), ('*', 'x7', 'x1', 'v1'), ('//', 'const_1', 'v1', 'v2'), ('*', 'v2', 'x6', 'v3'), ('//', 'x1', 'v2', 'v4'), ('//', 'const_1', 'const_1', 'v5'), ('*', 'x3', 'x1', 'v6'), ('*', 'v0', 'x3', 'v7'), ('*', 'x7', 'x6', 'v8'), ('*', 'x5', 'v2', 'v9')]","(0, 1, 0, 0, 0, 1, 0, 1, 0, 0)",277
454,"[('*', 'x2', 'x5', 'v0'), ('+', 'x6', 'x0', 'v1'), ('+', 'x3', 'x8', 'v2'), ('*', 'x7', 'x3', 'v3'), ('+', 'v2', 'x5', 'v4'), ('*', 'v2', 'x7', 'v5'), ('*', 'x8', 'x5', 'v6'), ('+', 'v6', 'x1', 'v7'), ('//', 'const_1', 'x5', 'v8'), ('+', 'v5', 'v3', 'v9')]","(0, 0, 0, 0, 0, 0, 0, 1, 1, 0)",7
455,"[('//', 'x5', 'x9', 'v0'), ('*', 'x4', 'x2', 'v1'), ('+', 'x2', 'const_1', 'v2'), ('+', 'x6', 'x7', 'v3'), ('+', 'v2', 'x3', 'v4'), ('+', 'v0', 'x5', 'v5'), ('*', 'v4', 'x2', 'v6'), ('*', 'x0', 'x7', 'v7'), ('+', 'v1', 'x9', 'v8'), ('//', 'x6', 'v1', 'v9')]","(0, 0, 1, 0, 1, 0, 1, 0, 0, 0)",169
456,"[('*', 'x3', 'x9', 'v0'), ('+', 'x5', 'const_0', 'v1'), ('*', 'x2', 'x8', 'v2'), ('*', 'const_1', 'v0', 'v3'), ('//', 'x5', 'x2', 'v4'), ('*', 'v1', 'x5', 'v5'), ('+', 'v4', 'x9', 'v6'), ('//', 'v1', 'x9', 'v7'), ('*', 'x0', 'x0', 'v8'), ('*', 'x4', 'x8', 'v9')]","(0, 0, 0, 0, 1, 0, 0, 0, 1, 0)",35
457,"[('//', 'x0', 'x6', 'v0'), ('//', 'x3', 'x9', 'v1'), ('//', 'x5', 'x3', 'v2'), ('*', 'x9', 'const_1', 'v3'), ('+', 'v3', 'x7', 'v4'), ('//', 'v3', 'const_1', 'v5'), ('//', 'x6', 'v4', 'v6'), ('*', 'x1', 'v5', 'v7'), ('+', 'v2', 'v4', 'v8'), ('*', 'x6', 'v7', 'v9')]","(0, 1, 0, 0, 0, 0, 1, 0, 0, 1)",266
458,"[('*', 'x7', 'x3', 'v0'), ('+', 'x4', 'x0', 'v1'), ('+', 'x8', 'x8', 'v2'), ('+', 'x0', 'v2', 'v3'), ('+', 'v2', 'x8', 'v4'), ('+', 'const_0', 'x1', 'v5'), ('//', 'x4', 'const_1', 'v6'), ('+', 'v1', 'v2', 'v7'), ('+', 'x7', 'v7', 'v8'), ('+', 'const_0', 'x3', 'v9')]","(0, 0, 0, 1, 0, 0, 0, 0, 0, 0)",65
459,"[('//', 'x2', 'x3', 'v0'), ('+', 'x4', 'const_0', 'v1'), ('//', 'x5', 'const_1', 'v2'), ('+', 'x9', 'x8', 'v3'), ('*', 'const_0', 'x7', 'v4'), ('//', 'x7', 'x0', 'v5'), ('+', 'x4', 'const_0', 'v6'), ('+', 'x2', 'v4', 'v7'), ('//', 'x4', 'x5', 'v8'), ('*', 'v5', 'x6', 'v9')]","(1, 0, 0, 0, 0, 0, 1, 1, 0, 0)",525
460,"[('*', 'const_1', 'x0', 'v0'), ('+', 'const_0', 'x8', 'v1'), ('//', 'x4', 'x3', 'v2'), ('+', 'x4', 'x5', 'v3'), ('+', 'x8', 'const_0', 'v4'), ('*', 'x0', 'x0', 'v5'), ('*', 'v3', 'x8', 'v6'), ('+', 'x8', 'x2', 'v7'), ('+', 'const_0', 'v2', 'v8'), ('*', 'x1', 'x8', 'v9')]","(0, 1, 0, 0, 0, 0, 0, 0, 1, 0)",259
461,"[('+', 'x4', 'x8', 'v0'), ('*', 'const_1', 'x1', 'v1'), ('//', 'const_1', 'x6', 'v2'), ('*', 'x5', 'v1', 'v3'), ('+', 'v0', 'v3', 'v4'), ('*', 'x6', 'v1', 'v5'), ('+', 'x7', 'v4', 'v6'), ('*', 'x6', 'x5', 'v7'), ('//', 'v1', 'v3', 'v8'), ('//', 'v8', 'x0', 'v9')]","(1, 1, 0, 0, 0, 1, 0, 0, 0, 0)",785
462,"[('//', 'x2', 'const_1', 'v0'), ('//', 'x2', 'x2', 'v1'), ('+', 'x6', 'x4', 'v2'), ('//', 'x0', 'x9', 'v3'), ('//', 'v0', 'v0', 'v4'), ('*', 'x3', 'x5', 'v5'), ('//', 'x1', 'x5', 'v6'), ('//', 'x8', 'x6', 'v7'), ('//', 'v1', 'x9', 'v8'), ('*', 'x2', 'v2', 'v9')]","(0, 0, 1, 0, 0, 0, 1, 0, 0, 0)",137
463,"[('*', 'x3', 'x9', 'v0'), ('//', 'v0', 'x9', 'v1'), ('*', 'x4', 'x7', 'v2'), ('+', 'v2', 'v2', 'v3'), ('*', 'x7', 'x6', 'v4'), ('//', 'v3', 'v3', 'v5'), ('//', 'x8', 'v4', 'v6'), ('+', 'v4', 'x7', 'v7'), ('*', 'x4', 'x0', 'v8'), ('+', 'x9', 'x0', 'v9')]","(0, 0, 0, 0, 0, 0, 0, 0, 0, 1)",2
464,"[('*', 'const_1', 'x8', 'v0'), ('+', 'x0', 'x6', 'v1'), ('*', 'x9', 'v1', 'v2'), ('*', 'const_0', 'x0', 'v3'), ('+', 'x5', 'v2', 'v4'), ('+', 'x7', 'v4', 'v5'), ('+', 'x4', 'v2', 'v6'), ('*', 'v6', 'v3', 'v7'), ('*', 'v0', 'x8', 'v8'), ('+', 'x7', 'x5', 'v9')]","(0, 0, 0, 0, 0, 0, 0, 1, 0, 0)",5
465,"[('+', 'x2', 'x0', 'v0'), ('+', 'x4', 'x3', 'v1'), ('//', 'const_0', 'x3', 'v2'), ('//', 'v0', 'v0', 'v3'), ('//', 'const_1', 'x6', 'v4'), ('//', 'x7', 'x5', 'v5'), ('*', 'x7', 'const_1', 'v6'), ('+', 'x1', 'x9', 'v7'), ('*', 'v0', 'x6', 'v8'), ('*', 'v3', 'x4', 'v9')]","(0, 0, 1, 0, 1, 0, 0, 0, 0, 0)",161
466,"[('//', 'x3', 'x6', 'v0'), ('//', 'const_0', 'x0', 'v1'), ('//', 'x4', 'v0', 'v2'), ('+', 'x9', 'x9', 'v3'), ('+', 'x9', 'x0', 'v4'), ('*', 'x2', 'v1', 'v5'), ('//', 'const_0', 'v1', 'v6'), ('*', 'x6', 'x6', 'v7'), ('+', 'v0', 'x1', 'v8'), ('+', 'v7', 'x4', 'v9')]","(0, 0, 0, 0, 0, 0, 1, 0, 0, 0)",9
467,"[('*', 'x1', 'x9', 'v0'), ('+', 'const_1', 'x3', 'v1'), ('//', 'x8', 'x2', 'v2'), ('*', 'x7', 'x6', 'v3'), ('+', 'x5', 'x2', 'v4'), ('+', 'x8', 'x7', 'v5'), ('+', 'x8', 'v5', 'v6'), ('+', 'x1', 'v6', 'v7'), ('*', 'v5', 'v5', 'v8'), ('//', 'v0', 'v2', 'v9')]","(0, 1, 1, 0, 0, 0, 0, 0, 1, 1)",388
468,"[('//', 'x4', 'x9', 'v0'), ('+', 'x4', 'const_1', 'v1'), ('//', 'x4', 'x7', 'v2'), ('*', 'v1', 'x6', 'v3'), ('+', 'const_0', 'x4', 'v4'), ('*', 'v4', 'x9', 'v5'), ('+', 'v2', 'v3', 'v6'), ('*', 'x1', 'const_0', 'v7'), ('//', 'x4', 'v5', 'v8'), ('+', 'v5', 'x8', 'v9')]","(0, 0, 0, 0, 0, 0, 0, 0, 1, 0)",3
469,"[('//', 'x8', 'x5', 'v0'), ('+', 'x4', 'x9', 'v1'), ('+', 'x1', 'x5', 'v2'), ('+', 'const_1', 'x4', 'v3'), ('+', 'v3', 'x4', 'v4'), ('*', 'v4', 'x5', 'v5'), ('+', 'v4', 'v5', 'v6'), ('//', 'v0', 'v3', 'v7'), ('//', 'v2', 'x6', 'v8'), ('//', 'x6', 'v6', 'v9')]","(0, 0, 0, 0, 0, 0, 1, 0, 0, 0)",9
470,"[('+', 'x3', 'const_1', 'v0'), ('//', 'x7', 'x2', 'v1'), ('*', 'x7', 'x1', 'v2'), ('+', 'x0', 'x6', 'v3'), ('//', 'x2', 'v1', 'v4'), ('//', 'x6', 'v0', 'v5'), ('+', 'x1', 'const_1', 'v6'), ('//', 'x2', 'x4', 'v7'), ('*', 'x0', 'v0', 'v8'), ('//', 'x8', 'v1', 'v9')]","(0, 0, 1, 0, 0, 0, 0, 1, 1, 0)",135
471,"[('*', 'x8', 'x2', 'v0'), ('+', 'x7', 'x3', 'v1'), ('*', 'const_1', 'x6', 'v2'), ('*', 'x2', 'v2', 'v3'), ('+', 'x8', 'x9', 'v4'), ('//', 'const_1', 'x1', 'v5'), ('*', 'v4', 'v1', 'v6'), ('*', 'v6', 'v6', 'v7'), ('*', 'x7', 'v3', 'v8'), ('+', 'v8', 'v3', 'v9')]","(0, 0, 1, 0, 0, 0, 1, 0, 0, 0)",137
472,"[('//', 'x0', 'x4', 'v0'), ('+', 'x6', 'x9', 'v1'), ('*', 'x8', 'v0', 'v2'), ('+', 'x8', 'x8', 'v3'), ('+', 'v0', 'x5', 'v4'), ('//', 'const_1', 'const_1', 'v5'), ('//', 'x7', 'x2', 'v6'), ('+', 'v4', 'x1', 'v7'), ('//', 'const_0', 'x2', 'v8'), ('+', 'v4', 'x7', 'v9')]","(0, 0, 0, 0, 0, 0, 0, 1, 0, 0)",5
473,"[('*', 'x3', 'x9', 'v0'), ('*', 'v0', 'x0', 'v1'), ('*', 'v0', 'v0', 'v2'), ('+', 'const_1', 'x0', 'v3'), ('//', 'v3', 'v0', 'v4'), ('+', 'const_0', 'x5', 'v5'), ('+', 'const_0', 'x0', 'v6'), ('*', 'x2', 'x8', 'v7'), ('+', 'x6', 'v2', 'v8'), ('*', 'x4', 'v2', 'v9')]","(0, 0, 0, 1, 1, 0, 0, 0, 0, 1)",98
474,"[('+', 'x4', 'x6', 'v0'), ('//', 'x0', 'v0', 'v1'), ('+', 'x9', 'x8', 'v2'), ('*', 'v1', 'x1', 'v3'), ('//', 'x7', 'v1', 'v4'), ('//', 'v2', 'x3', 'v5'), ('*', 'x4', 'v2', 'v6'), ('//', 'v4', 'v4', 'v7'), ('*', 'x0', 'x7', 'v8'), ('//', 'const_0', 'v3', 'v9')]",None,1024
475,"[('*', 'const_0', 'x1', 'v0'), ('//', 'x7', 'x1', 'v1'), ('+', 'x4', 'x5', 'v2'), ('+', 'x5', 'const_1', 'v3'), ('+', 'v1', 'const_1', 'v4'), ('+', 'v2', 'const_0', 'v5'), ('*', 'x9', 'x7', 'v6'), ('+', 'v3', 'x6', 'v7'), ('//', 'x0', 'v6', 'v8'), ('//', 'x9', 'v1', 'v9')]","(0, 1, 0, 0, 0, 0, 0, 1, 0, 1)",262
476,"[('+', 'x4', 'x0', 'v0'), ('*', 'x8', 'x8', 'v1'), ('+', 'x6', 'x2', 'v2'), ('+', 'v2', 'x0', 'v3'), ('*', 'const_0', 'x7', 'v4'), ('*', 'x1', 'v4', 'v5'), ('//', 'v3', 'x9', 'v6'), ('//', 'x0', 'v3', 'v7'), ('*', 'x4', 'v0', 'v8'), ('//', 'v0', 'v3', 'v9')]","(0, 0, 0, 0, 1, 0, 1, 0, 0, 0)",41
477,"[('//', 'x7', 'x5', 'v0'), ('//', 'v0', 'const_1', 'v1'), ('*', 'x2', 'const_0', 'v2'), ('*', 'v1', 'v0', 'v3'), ('+', 'x6', 'const_1', 'v4'), ('+', 'x3', 'x5', 'v5'), ('//', 'const_0', 'const_1', 'v6'), ('*', 'x9', 'v0', 'v7'), ('+', 'const_0', 'x6', 'v8'), ('//', 'const_1', 'v5', 'v9')]","(0, 0, 0, 0, 0, 1, 0, 0, 0, 0)",17
478,"[('//', 'x1', 'x8', 'v0'), ('//', 'const_1', 'x5', 'v1'), ('*', 'x4', 'x3', 'v2'), ('*', 'x4', 'v1', 'v3'), ('*', 'x0', 'x6', 'v4'), ('+', 'x0', 'v0', 'v5'), ('*', 'v5', 'v2', 'v6'), ('+', 'x8', 'v0', 'v7'), ('+', 'v4', 'v0', 'v8'), ('+', 'v6', 'v8', 'v9')]","(0, 1, 0, 0, 0, 0, 0, 0, 1, 0)",259
479,"[('*', 'x2', 'x6', 'v0'), ('*', 'x6', 'x1', 'v1'), ('//', 'x2', 'x1', 'v2'), ('+', 'v2', 'x4', 'v3'), ('//', 'const_0', 'v2', 'v4'), ('+', 'x0', 'v0', 'v5'), ('+', 'v1', 'v5', 'v6'), ('//', 'const_0', 'x5', 'v7'), ('+', 'const_0', 'x1', 'v8'), ('*', 'const_1', 'x3', 'v9')]","(0, 0, 0, 1, 0, 0, 0, 0, 0, 0)",65
480,"[('*', 'x6', 'x9', 'v0'), ('*', 'x0', 'const_0', 'v1'), ('*', 'const_0', 'x2', 'v2'), ('+', 'x2', 'v0', 'v3'), ('//', 'x9', 'const_1', 'v4'), ('+', 'v3', 'v4', 'v5'), ('+', 'x0', 'const_1', 'v6'), ('//', 'x0', 'const_1', 'v7'), ('+', 'x3', 'x5', 'v8'), ('//', 'x1', 'x9', 'v9')]","(0, 1, 0, 0, 0, 0, 0, 0, 0, 1)",258
481,"[('//', 'x0', 'const_1', 'v0'), ('//', 'x4', 'x4', 'v1'), ('*', 'const_1', 'x4', 'v2'), ('//', 'v0', 'const_1', 'v3'), ('//', 'x3', 'x3', 'v4'), ('//', 'x3', 'const_1', 'v5'), ('+', 'x2', 'x2', 'v6'), ('*', 'v4', 'x2', 'v7'), ('*', 'v4', 'const_0', 'v8'), ('+', 'const_1', 'const_1', 'v9')]","(0, 0, 0, 0, 0, 0, 0, 0, 0, 0)",1
482,"[('*', 'x9', 'const_0', 'v0'), ('+', 'v0', 'v0', 'v1'), ('+', 'x3', 'x7', 'v2'), ('*', 'v2', 'x5', 'v3'), ('//', 'v2', 'x2', 'v4'), ('*', 'const_1', 'x5', 'v5'), ('//', 'x1', 'v0', 'v6'), ('+', 'x2', 'v1', 'v7'), ('*', 'v2', 'x8', 'v8'), ('//', 'x2', 'v0', 'v9')]",None,1024
483,"[('+', 'x2', 'x9', 'v0'), ('//', 'const_0', 'x6', 'v1'), ('+', 'x7', 'x5', 'v2'), ('*', 'x3', 'v0', 'v3'), ('//', 'x7', 'x2', 'v4'), ('+', 'x6', 'v0', 'v5'), ('+', 'x9', 'x0', 'v6'), ('*', 'x3', 'v6', 'v7'), ('*', 'const_0', 'const_0', 'v8'), ('+', 'v2', 'x6', 'v9')]","(0, 0, 0, 0, 0, 0, 0, 1, 0, 0)",5
484,"[('+', 'x5', 'x0', 'v0'), ('*', 'x3', 'x0', 'v1'), ('//', 'x4', 'x9', 'v2'), ('//', 'x9', 'x1', 'v3'), ('*', 'x2', 'x6', 'v4'), ('//', 'v0', 'v1', 'v5'), ('+', 'const_0', 'x3', 'v6'), ('+', 'x1', 'v4', 'v7'), ('+', 'x2', 'v6', 'v8'), ('*', 'x1', 'v6', 'v9')]","(0, 1, 0, 1, 0, 0, 0, 0, 0, 0)",321
485,"[('//', 'const_1', 'x7', 'v0'), ('//', 'x0', 'const_1', 'v1'), ('+', 'x8', 'const_1', 'v2'), ('//', 'x9', 'x9', 'v3'), ('//', 'x6', 'v3', 'v4'), ('//', 'v4', 'v2', 'v5'), ('+', 'x9', 'v2', 'v6'), ('*', 'x5', 'v2', 'v7'), ('*', 'x2', 'x0', 'v8'), ('//', 'v8', 'v6', 'v9')]","(1, 0, 1, 0, 0, 0, 0, 0, 0, 0)",641
486,"[('*', 'x0', 'x2', 'v0'), ('+', 'x1', 'x8', 'v1'), ('+', 'v1', 'x5', 'v2'), ('+', 'x1', 'v2', 'v3'), ('*', 'x4', 'x9', 'v4'), ('*', 'x6', 'x5', 'v5'), ('//', 'v2', 'v1', 'v6'), ('//', 'x1', 'x4', 'v7'), ('//', 'x6', 'const_1', 'v8'), ('*', 'v2', 'const_0', 'v9')]",None,1024
487,"[('*', 'x3', 'x4', 'v0'), ('+', 'x6', 'x5', 'v1'), ('*', 'x0', 'const_0', 'v2'), ('+', 'x6', 'v2', 'v3'), ('//', 'const_1', 'v3', 'v4'), ('*', 'x5', 'x9', 'v5'), ('*', 'v5', 'x5', 'v6'), ('*', 'x9', 'x8', 'v7'), ('+', 'x2', 'const_1', 'v8'), ('*', 'v6', 'x4', 'v9')]","(0, 0, 0, 0, 1, 1, 0, 0, 0, 1)",50
488,"[('//', 'x2', 'const_1', 'v0'), ('*', 'x1', 'v0', 'v1'), ('//', 'v0', 'x5', 'v2'), ('//', 'const_1', 'x5', 'v3'), ('+', 'v2', 'v1', 'v4'), ('*', 'const_0', 'x6', 'v5'), ('//', 'v1', 'x2', 'v6'), ('//', 'x7', 'x3', 'v7'), ('//', 'v0', 'v1', 'v8'), ('*', 'v4', 'v5', 'v9')]",None,1024
489,"[('*', 'x7', 'x0', 'v0'), ('+', 'x3', 'x5', 'v1'), ('+', 'x2', 'x7', 'v2'), ('*', 'x5', 'x4', 'v3'), ('+', 'x2', 'x1', 'v4'), ('+', 'const_1', 'x8', 'v5'), ('//', 'x3', 'x0', 'v6'), ('+', 'v2', 'x5', 'v7'), ('*', 'x7', 'x0', 'v8'), ('*', 'v6', 'v7', 'v9')]","(1, 0, 0, 1, 0, 0, 0, 1, 0, 0)",581
490,"[('//', 'x4', 'x2', 'v0'), ('//', 'x4', 'x9', 'v1'), ('//', 'x9', 'x5', 'v2'), ('//', 'x6', 'x8', 'v3'), ('*', 'const_0', 'x8', 'v4'), ('*', 'x8', 'x6', 'v5'), ('+', 'v3', 'x6', 'v6'), ('+', 'v0', 'x2', 'v7'), ('+', 'x4', 'v5', 'v8'), ('//', 'x1', 'v0', 'v9')]","(0, 1, 1, 0, 1, 0, 0, 0, 0, 0)",417
491,"[('*', 'x6', 'x8', 'v0'), ('+', 'const_0', 'x0', 'v1'), ('+', 'x1', 'const_1', 'v2'), ('//', 'v0', 'x4', 'v3'), ('//', 'x2', 'v0', 'v4'), ('//', 'v2', 'v3', 'v5'), ('//', 'x3', 'v1', 'v6'), ('//', 'x1', 'v3', 'v7'), ('//', 'x5', 'v2', 'v8'), ('+', 'v7', 'x6', 'v9')]","(0, 0, 0, 0, 0, 0, 1, 0, 0, 0)",9
492,"[('*', 'const_0', 'x8', 'v0'), ('*', 'x8', 'x0', 'v1'), ('//', 'x8', 'v0', 'v2'), ('//', 'v2', 'const_1', 'v3'), ('*', 'v1', 'x0', 'v4'), ('+', 'v1', 'x8', 'v5'), ('//', 'v3', 'const_1', 'v6'), ('+', 'v0', 'v4', 'v7'), ('//', 'x4', 'v6', 'v8'), ('*', 'v7', 'x8', 'v9')]","(1, 0, 0, 0, 0, 0, 0, 0, 1, 0)",515
493,"[('//', 'x5', 'x9', 'v0'), ('*', 'x8', 'const_0', 'v1'), ('+', 'x0', 'x9', 'v2'), ('//', 'v0', 'x3', 'v3'), ('//', 'x6', 'x7', 'v4'), ('//', 'x0', 'const_1', 'v5'), ('+', 'x1', 'x6', 'v6'), ('*', 'x8', 'v2', 'v7'), ('*', 'v2', 'x0', 'v8'), ('*', 'v0', 'v0', 'v9')]","(0, 0, 0, 0, 0, 1, 0, 0, 0, 1)",18
494,"[('+', 'x3', 'x1', 'v0'), ('//', 'x0', 'const_1', 'v1'), ('*', 'x0', 'x3', 'v2'), ('//', 'x3', 'const_1', 'v3'), ('*', 'v3', 'x5', 'v4'), ('//', 'x9', 'const_1', 'v5'), ('+', 'x5', 'x9', 'v6'), ('*', 'x4', 'v6', 'v7'), ('//', 'v0', 'v7', 'v8'), ('*', 'const_1', 'v3', 'v9')]","(0, 0, 0, 1, 0, 0, 0, 0, 0, 0)",65
495,"[('//', 'x7', 'x7', 'v0'), ('*', 'x5', 'x4', 'v1'), ('//', 'v1', 'x7', 'v2'), ('//', 'x0', 'x5', 'v3'), ('//', 'v1', 'v0', 'v4'), ('+', 'const_1', 'x7', 'v5'), ('//', 'x4', 'x1', 'v6'), ('+', 'x6', 'v6', 'v7'), ('+', 'v3', 'const_1', 'v8'), ('*', 'x6', 'v7', 'v9')]","(0, 0, 0, 0, 0, 0, 1, 0, 0, 0)",9
496,"[('*', 'x7', 'x3', 'v0'), ('+', 'v0', 'v0', 'v1'), ('//', 'x2', 'const_1', 'v2'), ('+', 'x7', 'x8', 'v3'), ('+', 'x8', 'x3', 'v4'), ('+', 'const_1', 'const_0', 'v5'), ('+', 'x2', 'const_1', 'v6'), ('+', 'x9', 'v5', 'v7'), ('//', 'v2', 'v1', 'v8'), ('//', 'x1', 'v5', 'v9')]","(0, 1, 0, 0, 0, 0, 0, 0, 0, 0)",257
497,"[('+', 'x5', 'x3', 'v0'), ('*', 'x2', 'x2', 'v1'), ('+', 'x6', 'v1', 'v2'), ('//', 'x5', 'x3', 'v3'), ('//', 'v1', 'x7', 'v4'), ('//', 'x7', 'v0', 'v5'), ('+', 'v3', 'v1', 'v6'), ('+', 'v0', 'v1', 'v7'), ('*', 'v0', 'v0', 'v8'), ('+', 'x8', 'v1', 'v9')]","(0, 0, 0, 0, 0, 0, 0, 0, 1, 0)",3
498,"[('+', 'x6', 'x2', 'v0'), ('//', 'x3', 'const_1', 'v1'), ('+', 'x0', 'x0', 'v2'), ('//', 'v1', 'x9', 'v3'), ('+', 'v2', 'x5', 'v4'), ('//', 'x1', 'v4', 'v5'), ('*', 'x6', 'x5', 'v6'), ('+', 'x4', 'v1', 'v7'), ('*', 'x9', 'v0', 'v8'), ('+', 'x3', 'x5', 'v9')]","(0, 0, 0, 0, 0, 1, 0, 0, 0, 0)",17
499,"[('*', 'x1', 'x0', 'v0'), ('+', 'v0', 'x9', 'v1'), ('*', 'x5', 'x6', 'v2'), ('//', 'x6', 'v2', 'v3'), ('+', 'x3', 'x1', 'v4'), ('//', 'x3', 'x4', 'v5'), ('+', 'x0', 'v0', 'v6'), ('//', 'x9', 'v0', 'v7'), ('//', 'v1', 'v1', 'v8'), ('+', 'x5', 'v1', 'v9')]","(0, 0, 0, 0, 0, 0, 0, 0, 0, 1)",2
500,"[('*', 'x1', 'x1', 'v0'), ('*', 'x2', 'v0', 'v1'), ('//', 'const_1', 'x4', 'v2'), ('+', 'const_1', 'x6', 'v3'), ('*', 'x4', 'x4', 'v4'), ('//', 'const_0', 'x7', 'v5'), ('//', 'x3', 'x1', 'v6'), ('//', 'x8', 'v3', 'v7'), ('//', 'v6', 'x4', 'v8'), ('+', 'v1', 'v6', 'v9')]","(0, 1, 0, 1, 0, 0, 0, 0, 0, 0)",321
501,"[('//', 'x7', 'x9', 'v0'), ('*', 'x2', 'const_0', 'v1'), ('//', 'x5', 'const_1', 'v2'), ('//', 'x8', 'x5', 'v3'), ('+', 'x2', 'x1', 'v4'), ('+', 'v0', 'x7', 'v5'), ('//', 'x6', 'v2', 'v6'), ('*', 'v4', 'x4', 'v7'), ('//', 'v5', 'x9', 'v8'), ('+', 'v0', 'v6', 'v9')]","(0, 0, 0, 0, 0, 0, 0, 1, 0, 1)",6
502,"[('//', 'x2', 'x7', 'v0'), ('//', 'x1', 'x5', 'v1'), ('//', 'x3', 'const_1', 'v2'), ('+', 'x1', 'v2', 'v3'), ('*', 'x8', 'x1', 'v4'), ('*', 'x3', 'x3', 'v5'), ('*', 'x5', 'const_1', 'v6'), ('//', 'x4', 'v0', 'v7'), ('//', 'v5', 'v5', 'v8'), ('*', 'x8', 'v1', 'v9')]","(0, 1, 0, 0, 0, 1, 0, 0, 1, 0)",275
503,"[('//', 'const_0', 'x1', 'v0'), ('+', 'x5', 'x8', 'v1'), ('//', 'x3', 'x3', 'v2'), ('*', 'const_1', 'x2', 'v3'), ('+', 'x7', 'x8', 'v4'), ('*', 'v2', 'v3', 'v5'), ('*', 'v4', 'x1', 'v6'), ('*', 'x7', 'x1', 'v7'), ('+', 'v7', 'v2', 'v8'), ('+', 'const_1', 'v0', 'v9')]","(0, 0, 0, 0, 0, 0, 0, 0, 0, 0)",1
504,"[('//', 'x8', 'x6', 'v0'), ('*', 'x8', 'x2', 'v1'), ('//', 'v0', 'const_1', 'v2'), ('+', 'const_0', 'x7', 'v3'), ('*', 'x2', 'const_0', 'v4'), ('+', 'x1', 'x6', 'v5'), ('*', 'x7', 'v2', 'v6'), ('//', 'x2', 'x1', 'v7'), ('//', 'x3', 'x1', 'v8'), ('+', 'x7', 'x9', 'v9')]","(0, 0, 0, 0, 0, 0, 0, 0, 0, 1)",2
505,"[('+', 'x8', 'const_0', 'v0'), ('+', 'v0', 'const_1', 'v1'), ('+', 'x3', 'v1', 'v2'), ('//', 'const_1', 'v2', 'v3'), ('+', 'const_1', 'v3', 'v4'), ('*', 'x1', 'x5', 'v5'), ('*', 'v1', 'v1', 'v6'), ('+', 'x6', 'v5', 'v7'), ('//', 'v3', 'x0', 'v8'), ('//', 'const_1', 'v0', 'v9')]","(0, 0, 0, 0, 0, 0, 0, 0, 1, 0)",3
506,"[('+', 'x1', 'x3', 'v0'), ('*', 'x3', 'x2', 'v1'), ('*', 'x3', 'v0', 'v2'), ('//', 'x8', 'x7', 'v3'), ('*', 'x2', 'x7', 'v4'), ('+', 'v0', 'v1', 'v5'), ('//', 'x9', 'v2', 'v6'), ('//', 'v1', 'v1', 'v7'), ('//', 'x2', 'x6', 'v8'), ('*', 'v7', 'x3', 'v9')]","(0, 0, 1, 1, 0, 0, 0, 0, 0, 0)",193
507,"[('*', 'x4', 'x5', 'v0'), ('//', 'v0', 'x9', 'v1'), ('//', 'x5', 'x3', 'v2'), ('//', 'v1', 'x1', 'v3'), ('//', 'v1', 'x3', 'v4'), ('*', 'v2', 'x7', 'v5'), ('+', 'v5', 'x5', 'v6'), ('+', 'x0', 'x8', 'v7'), ('//', 'v4', 'v5', 'v8'), ('//', 'v4', 'x4', 'v9')]","(0, 0, 0, 1, 1, 1, 0, 0, 0, 1)",114
508,"[('+', 'x0', 'x3', 'v0'), ('//', 'x7', 'x9', 'v1'), ('*', 'x7', 'x3', 'v2'), ('//', 'v1', 'v2', 'v3'), ('*', 'v1', 'x7', 'v4'), ('//', 'x0', 'x0', 'v5'), ('//', 'x3', 'x2', 'v6'), ('*', 'x8', 'x1', 'v7'), ('+', 'const_1', 'v4', 'v8'), ('*', 'x4', 'v8', 'v9')]","(0, 0, 0, 0, 1, 0, 0, 0, 0, 0)",33
509,"[('//', 'x3', 'x5', 'v0'), ('+', 'v0', 'x7', 'v1'), ('//', 'x1', 'x2', 'v2'), ('//', 'x3', 'x3', 'v3'), ('+', 'v1', 'v1', 'v4'), ('//', 'x9', 'v0', 'v5'), ('//', 'v1', 'v3', 'v6'), ('+', 'x2', 'const_0', 'v7'), ('+', 'x1', 'x1', 'v8'), ('+', 'v0', 'x7', 'v9')]","(0, 0, 0, 0, 0, 0, 0, 1, 0, 0)",5
510,"[('+', 'x3', 'x7', 'v0'), ('*', 'x2', 'x1', 'v1'), ('//', 'const_0', 'v1', 'v2'), ('//', 'x8', 'const_1', 'v3'), ('//', 'x4', 'v0', 'v4'), ('*', 'x5', 'v2', 'v5'), ('+', 'x5', 'x7', 'v6'), ('+', 'x0', 'x2', 'v7'), ('*', 'x5', 'const_1', 'v8'), ('*', 'x5', 'x3', 'v9')]","(0, 0, 0, 1, 0, 1, 0, 0, 0, 0)",81
511,"[('*', 'x2', 'x0', 'v0'), ('*', 'x7', 'x4', 'v1'), ('//', 'x0', 'v1', 'v2'), ('+', 'x6', 'x6', 'v3'), ('+', 'const_0', 'x4', 'v4'), ('+', 'v1', 'v1', 'v5'), ('*', 'x4', 'v4', 'v6'), ('//', 'x6', 'const_1', 'v7'), ('+', 'v6', 'v2', 'v8'), ('*', 'const_0', 'x1', 'v9')]",None,1024
512,"[('//', 'x3', 'x7', 'v0'), ('//', 'x3', 'v0', 'v1'), ('+', 'x2', 'x5', 'v2'), ('+', 'x5', 'const_0', 'v3'), ('+', 'x8', 'x2', 'v4'), ('+', 'x5', 'const_1', 'v5'), ('*', 'x9', 'x0', 'v6'), ('*', 'v3', 'x1', 'v7'), ('+', 'v0', 'x7', 'v8'), ('+', 'const_1', 'x3', 'v9')]","(0, 0, 0, 0, 0, 0, 0, 0, 0, 0)",1
513,"[('+', 'x1', 'x2', 'v0'), ('*', 'x5', 'x0', 'v1'), ('+', 'x4', 'x9', 'v2'), ('*', 'v0', 'x5', 'v3'), ('+', 'x0', 'x3', 'v4'), ('+', 'x0', 'x9', 'v5'), ('//', 'x7', 'x6', 'v6'), ('//', 'x1', 'const_1', 'v7'), ('*', 'v0', 'v5', 'v8'), ('+', 'x0', 'x8', 'v9')]","(0, 0, 0, 0, 0, 0, 0, 0, 1, 0)",3
514,"[('+', 'x4', 'const_1', 'v0'), ('//', 'x0', 'const_1', 'v1'), ('+', 'v0', 'v0', 'v2'), ('+', 'x4', 'const_1', 'v3'), ('*', 'x6', 'const_0', 'v4'), ('*', 'v3', 'v0', 'v5'), ('*', 'x7', 'x6', 'v6'), ('*', 'v5', 'x4', 'v7'), ('*', 'x9', 'v1', 'v8'), ('//', 'x1', 'x2', 'v9')]","(0, 1, 1, 0, 0, 0, 0, 0, 0, 0)",385
515,"[('//', 'const_0', 'x0', 'v0'), ('*', 'x4', 'x9', 'v1'), ('//', 'v0', 'const_1', 'v2'), ('//', 'x8', 'x5', 'v3'), ('+', 'x0', 'x8', 'v4'), ('+', 'x1', 'v1', 'v5'), ('//', 'v5', 'x7', 'v6'), ('+', 'x3', 'x3', 'v7'), ('+', 'x5', 'x9', 'v8'), ('*', 'x6', 'x1', 'v9')]","(0, 1, 0, 0, 0, 0, 1, 0, 0, 0)",265
516,"[('*', 'const_0', 'const_1', 'v0'), ('+', 'x6', 'x6', 'v1'), ('*', 'x9', 'x3', 'v2'), ('*', 'x1', 'v0', 'v3'), ('+', 'x7', 'x2', 'v4'), ('*', 'x7', 'x6', 'v5'), ('//', 'const_1', 'const_1', 'v6'), ('//', 'x0', 'v2', 'v7'), ('*', 'v1', 'v5', 'v8'), ('*', 'v2', 'const_1', 'v9')]","(0, 0, 0, 1, 0, 0, 0, 0, 0, 1)",66
517,"[('//', 'x4', 'x4', 'v0'), ('+', 'x0', 'v0', 'v1'), ('//', 'const_0', 'v0', 'v2'), ('//', 'v2', 'x2', 'v3'), ('+', 'x9', 'v1', 'v4'), ('//', 'const_1', 'v4', 'v5'), ('*', 'x7', 'v2', 'v6'), ('*', 'v5', 'x9', 'v7'), ('//', 'const_1', 'v5', 'v8'), ('+', 'x3', 'x2', 'v9')]","(0, 0, 0, 1, 0, 0, 0, 0, 0, 0)",65
518,"[('//', 'x1', 'x5', 'v0'), ('//', 'x1', 'x8', 'v1'), ('*', 'x9', 'v1', 'v2'), ('//', 'x0', 'x6', 'v3'), ('*', 'v2', 'x5', 'v4'), ('+', 'x7', 'v2', 'v5'), ('+', 'x6', 'const_1', 'v6'), ('*', 'x7', 'x6', 'v7'), ('+', 'x2', 'v1', 'v8'), ('//', 'x6', 'x7', 'v9')]","(0, 0, 0, 0, 0, 0, 1, 1, 0, 0)",13
519,"[('+', 'x4', 'x6', 'v0'), ('*', 'x0', 'x1', 'v1'), ('*', 'x7', 'x6', 'v2'), ('//', 'x6', 'v1', 'v3'), ('+', 'v1', 'x0', 'v4'), ('*', 'v2', 'x1', 'v5'), ('//', 'const_1', 'x0', 'v6'), ('*', 'v3', 'x8', 'v7'), ('//', 'x3', 'v7', 'v8'), ('+', 'x5', 'v4', 'v9')]","(0, 0, 0, 0, 0, 1, 0, 0, 0, 0)",17
520,"[('//', 'x6', 'const_1', 'v0'), ('+', 'const_0', 'x1', 'v1'), ('*', 'x4', 'x5', 'v2'), ('*', 'x3', 'const_0', 'v3'), ('//', 'x6', 'v3', 'v4'), ('+', 'x0', 'x2', 'v5'), ('*', 'x4', 'x5', 'v6'), ('//', 'x7', 'v5', 'v7'), ('//', 'v5', 'x7', 'v8'), ('//', 'x4', 'v4', 'v9')]",None,1024
521,"[('//', 'x2', 'x6', 'v0'), ('*', 'x3', 'v0', 'v1'), ('*', 'x9', 'const_0', 'v2'), ('*', 'x9', 'x1', 'v3'), ('//', 'const_1', 'x3', 'v4'), ('+', 'x8', 'v0', 'v5'), ('+', 'v4', 'x1', 'v6'), ('*', 'x3', 'x2', 'v7'), ('+', 'x5', 'x2', 'v8'), ('+', 'const_1', 'x3', 'v9')]","(0, 0, 0, 0, 0, 0, 0, 0, 0, 0)",1
522,"[('//', 'const_0', 'x1', 'v0'), ('*', 'x6', 'x1', 'v1'), ('//', 'x1', 'x5', 'v2'), ('//', 'x1', 'v0', 'v3'), ('//', 'v2', 'x6', 'v4'), ('//', 'x0', 'x0', 'v5'), ('//', 'x0', 'const_1', 'v6'), ('//', 'v5', 'const_1', 'v7'), ('*', 'x6', 'v1', 'v8'), ('//', 'v0', 'v8', 'v9')]",None,1024
523,"[('//', 'const_1', 'x4', 'v0'), ('*', 'x3', 'x3', 'v1'), ('*', 'x4', 'v0', 'v2'), ('//', 'x4', 'x8', 'v3'), ('//', 'x9', 'x0', 'v4'), ('*', 'v1', 'x1', 'v5'), ('+', 'x0', 'v5', 'v6'), ('//', 'v2', 'x6', 'v7'), ('//', 'v4', 'v5', 'v8'), ('+', 'x2', 'x8', 'v9')]","(0, 0, 0, 0, 0, 0, 0, 0, 1, 0)",3
524,"[('//', 'x1', 'x7', 'v0'), ('+', 'x2', 'x6', 'v1'), ('*', 'v0', 'v0', 'v2'), ('//', 'x7', 'v2', 'v3'), ('*', 'v3', 'x0', 'v4'), ('//', 'const_0', 'x8', 'v5'), ('*', 'x8', 'const_1', 'v6'), ('//', 'x7', 'x7', 'v7'), ('*', 'x0', 'x7', 'v8'), ('+', 'v3', 'x5', 'v9')]","(0, 0, 0, 0, 0, 1, 0, 0, 0, 0)",17
525,"[('+', 'x1', 'x5', 'v0'), ('*', 'const_0', 'x0', 'v1'), ('+', 'x0', 'v1', 'v2'), ('//', 'x1', 'x2', 'v3'), ('+', 'x5', 'x2', 'v4'), ('+', 'x5', 'v1', 'v5'), ('+', 'x4', 'v3', 'v6'), ('+', 'v0', 'v5', 'v7'), ('+', 'v1', 'v7', 'v8'), ('*', 'x7', 'x3', 'v9')]","(0, 0, 0, 1, 0, 0, 0, 1, 0, 0)",69
526,"[('*', 'x8', 'x1', 'v0'), ('*', 'x0', 'const_1', 'v1'), ('//', 'x3', 'x8', 'v2'), ('*', 'x0', 'x0', 'v3'), ('//', 'x0', 'const_1', 'v4'), ('*', 'v3', 'x1', 'v5'), ('//', 'v3', 'v1', 'v6'), ('//', 'v6', 'v4', 'v7'), ('+', 'x2', 'x4', 'v8'), ('+', 'const_1', 'v5', 'v9')]","(0, 0, 0, 0, 0, 0, 0, 0, 0, 0)",1
527,"[('+', 'x0', 'x8', 'v0'), ('+', 'v0', 'x6', 'v1'), ('//', 'x1', 'x0', 'v2'), ('+', 'x9', 'const_0', 'v3'), ('+', 'const_1', 'v3', 'v4'), ('//', 'v2', 'x9', 'v5'), ('//', 'v0', 'v4', 'v6'), ('//', 'x8', 'v6', 'v7'), ('//', 'x5', 'x8', 'v8'), ('+', 'x1', 'x3', 'v9')]","(0, 0, 0, 1, 0, 0, 0, 0, 0, 0)",65
528,"[('//', 'x1', 'x9', 'v0'), ('//', 'x4', 'x7', 'v1'), ('*', 'x7', 'x8', 'v2'), ('*', 'x0', 'v2', 'v3'), ('//', 'x1', 'v2', 'v4'), ('//', 'v4', 'v3', 'v5'), ('+', 'x4', 'x3', 'v6'), ('*', 'v4', 'const_0', 'v7'), ('*', 'x6', 'x5', 'v8'), ('//', 'x6', 'v2', 'v9')]","(0, 0, 0, 0, 0, 0, 1, 1, 1, 0)",15
529,"[('+', 'x0', 'x6', 'v0'), ('*', 'x7', 'x3', 'v1'), ('//', 'x8', 'x5', 'v2'), ('+', 'x4', 'x1', 'v3'), ('*', 'x6', 'x4', 'v4'), ('*', 'x3', 'v0', 'v5'), ('+', 'v1', 'x6', 'v6'), ('//', 'x9', 'v4', 'v7'), ('+', 'const_0', 'const_0', 'v8'), ('//', 'x8', 'x2', 'v9')]","(0, 0, 1, 0, 0, 0, 0, 0, 1, 0)",131
530,"[('*', 'const_0', 'x5', 'v0'), ('+', 'x0', 'v0', 'v1'), ('//', 'x2', 'x6', 'v2'), ('*', 'x4', 'const_0', 'v3'), ('*', 'v2', 'const_1', 'v4'), ('*', 'x1', 'x4', 'v5'), ('+', 'const_1', 'x3', 'v6'), ('//', 'x7', 'x0', 'v7'), ('//', 'x3', 'v7', 'v8'), ('*', 'v8', 'x6', 'v9')]","(1, 0, 0, 1, 0, 0, 1, 1, 0, 0)",589
531,"[('//', 'x8', 'x1', 'v0'), ('//', 'x2', 'const_1', 'v1'), ('+', 'const_0', 'x8', 'v2'), ('//', 'x8', 'const_1', 'v3'), ('//', 'const_1', 'x8', 'v4'), ('*', 'x6', 'v4', 'v5'), ('//', 'v5', 'x7', 'v6'), ('+', 'x2', 'x4', 'v7'), ('//', 'v4', 'v2', 'v8'), ('//', 'v4', 'v7', 'v9')]","(0, 0, 0, 0, 1, 0, 0, 0, 1, 0)",35
532,"[('//', 'x7', 'const_1', 'v0'), ('*', 'x8', 'x8', 'v1'), ('*', 'x6', 'v0', 'v2'), ('+', 'x8', 'x3', 'v3'), ('*', 'x9', 'v2', 'v4'), ('+', 'const_1', 'x5', 'v5'), ('//', 'x6', 'x5', 'v6'), ('//', 'v4', 'x0', 'v7'), ('//', 'v2', 'x5', 'v8'), ('+', 'x5', 'x6', 'v9')]","(0, 0, 0, 0, 0, 0, 1, 0, 0, 0)",9
533,"[('//', 'const_1', 'const_1', 'v0'), ('*', 'x2', 'x7', 'v1'), ('+', 'v0', 'v0', 'v2'), ('+', 'x3', 'x0', 'v3'), ('+', 'x9', 'v3', 'v4'), ('//', 'x6', 'const_1', 'v5'), ('+', 'x9', 'v0', 'v6'), ('+', 'const_1', 'x9', 'v7'), ('*', 'v1', 'v1', 'v8'), ('+', 'v7', 'v6', 'v9')]","(0, 0, 0, 0, 0, 0, 0, 0, 0, 0)",1
534,"[('+', 'const_0', 'x7', 'v0'), ('+', 'x0', 'x2', 'v1'), ('+', 'const_0', 'x1', 'v2'), ('*', 'const_1', 'x0', 'v3'), ('+', 'x1', 'const_1', 'v4'), ('*', 'x4', 'v3', 'v5'), ('//', 'v3', 'x8', 'v6'), ('//', 'v0', 'x8', 'v7'), ('+', 'v1', 'v5', 'v8'), ('//', 'v8', 'const_1', 'v9')]","(0, 0, 1, 0, 0, 0, 0, 0, 0, 0)",129
535,"[('+', 'x5', 'x9', 'v0'), ('//', 'x5', 'x5', 'v1'), ('//', 'x1', 'x8', 'v2'), ('//', 'v1', 'v0', 'v3'), ('+', 'x8', 'x8', 'v4'), ('+', 'x6', 'const_0', 'v5'), ('*', 'const_0', 'x0', 'v6'), ('//', 'x0', 'v3', 'v7'), ('*', 'v1', 'x5', 'v8'), ('*', 'v2', 'x3', 'v9')]","(0, 1, 0, 1, 0, 0, 0, 0, 1, 0)",323
536,"[('+', 'x2', 'x4', 'v0'), ('*', 'v0', 'x0', 'v1'), ('+', 'x0', 'x8', 'v2'), ('//', 'const_0', 'x1', 'v3'), ('+', 'x7', 'x4', 'v4'), ('*', 'x8', 'v3', 'v5'), ('*', 'x1', 'v2', 'v6'), ('//', 'x2', 'v6', 'v7'), ('//', 'x6', 'x8', 'v8'), ('*', 'v6', 'x6', 'v9')]","(0, 1, 0, 0, 0, 0, 1, 0, 1, 0)",267
537,"[('*', 'x8', 'x8', 'v0'), ('//', 'const_1', 'x4', 'v1'), ('*', 'x7', 'x1', 'v2'), ('*', 'x9', 'x6', 'v3'), ('+', 'x1', 'v1', 'v4'), ('*', 'x0', 'const_1', 'v5'), ('+', 'x8', 'v2', 'v6'), ('//', 'x8', 'const_1', 'v7'), ('+', 'v6', 'v5', 'v8'), ('+', 'const_0', 'v2', 'v9')]","(0, 1, 0, 0, 0, 0, 0, 1, 0, 0)",261
538,"[('//', 'x8', 'const_1', 'v0'), ('+', 'x8', 'x2', 'v1'), ('+', 'x8', 'x8', 'v2'), ('+', 'x6', 'x1', 'v3'), ('//', 'x9', 'x6', 'v4'), ('+', 'x7', 'v4', 'v5'), ('//', 'v0', 'v1', 'v6'), ('+', 'v3', 'v0', 'v7'), ('*', 'x4', 'const_0', 'v8'), ('+', 'x8', 'v4', 'v9')]","(0, 0, 0, 0, 0, 0, 0, 0, 1, 0)",3
539,"[('//', 'x3', 'const_1', 'v0'), ('+', 'x9', 'x2', 'v1'), ('*', 'x0', 'x6', 'v2'), ('+', 'x2', 'x8', 'v3'), ('//', 'x1', 'x9', 'v4'), ('//', 'const_0', 'v2', 'v5'), ('*', 'const_1', 'x4', 'v6'), ('*', 'x8', 'x3', 'v7'), ('+', 'const_0', 'x6', 'v8'), ('+', 'x0', 'v7', 'v9')]","(0, 0, 0, 1, 0, 0, 0, 0, 1, 0)",67
540,"[('+', 'const_1', 'x2', 'v0'), ('//', 'x4', 'const_1', 'v1'), ('*', 'x1', 'x8', 'v2'), ('*', 'const_1', 'x5', 'v3'), ('*', 'x1', 'const_1', 'v4'), ('+', 'x7', 'v4', 'v5'), ('//', 'x9', 'x7', 'v6'), ('//', 'v2', 'x9', 'v7'), ('//', 'x8', 'v2', 'v8'), ('//', 'v3', 'x2', 'v9')]","(0, 0, 1, 0, 0, 1, 0, 0, 0, 0)",145
541,"[('//', 'x4', 'const_1', 'v0'), ('+', 'x4', 'x0', 'v1'), ('*', 'x5', 'v0', 'v2'), ('+', 'x6', 'const_1', 'v3'), ('+', 'v2', 'v3', 'v4'), ('*', 'x5', 'v1', 'v5'), ('//', 'x5', 'x8', 'v6'), ('+', 'v4', 'x5', 'v7'), ('//', 'x6', 'v7', 'v8'), ('+', 'x2', 'const_0', 'v9')]","(0, 0, 1, 0, 0, 0, 0, 0, 0, 0)",129
542,"[('//', 'x9', 'x3', 'v0'), ('*', 'x2', 'const_0', 'v1'), ('//', 'x6', 'x2', 'v2'), ('*', 'x2', 'x4', 'v3'), ('*', 'v2', 'v1', 'v4'), ('//', 'x3', 'x1', 'v5'), ('+', 'x0', 'x3', 'v6'), ('*', 'x1', 'v5', 'v7'), ('*', 'v6', 'v6', 'v8'), ('+', 'v5', 'v5', 'v9')]","(0, 1, 0, 1, 0, 0, 0, 0, 0, 0)",321
543,"[('*', 'x5', 'x4', 'v0'), ('*', 'const_1', 'x1', 'v1'), ('*', 'x3', 'const_1', 'v2'), ('//', 'x8', 'const_1', 'v3'), ('+', 'x0', 'x7', 'v4'), ('*', 'x7', 'x8', 'v5'), ('*', 'v3', 'x7', 'v6'), ('//', 'x1', 'const_1', 'v7'), ('+', 'v6', 'v3', 'v8'), ('+', 'x2', 'v8', 'v9')]","(0, 0, 0, 0, 0, 0, 0, 0, 1, 0)",3
544,"[('*', 'x4', 'x7', 'v0'), ('*', 'v0', 'const_0', 'v1'), ('//', 'x1', 'x4', 'v2'), ('//', 'x7', 'const_1', 'v3'), ('//', 'v1', 'const_1', 'v4'), ('+', 'x3', 'x1', 'v5'), ('*', 'x0', 'x2', 'v6'), ('*', 'x1', 'v6', 'v7'), ('//', 'x4', 'x5', 'v8'), ('+', 'x2', 'v5', 'v9')]","(0, 0, 0, 1, 0, 0, 0, 0, 0, 0)",65
545,"[('+', 'x2', 'x1', 'v0'), ('//', 'x1', 'x6', 'v1'), ('//', 'x4', 'x2', 'v2'), ('+', 'x0', 'v2', 'v3'), ('//', 'const_1', 'x5', 'v4'), ('+', 'v3', 'x7', 'v5'), ('+', 'x4', 'x6', 'v6'), ('//', 'x6', 'x8', 'v7'), ('//', 'const_0', 'v3', 'v8'), ('*', 'x2', 'v1', 'v9')]","(0, 1, 1, 0, 0, 0, 1, 0, 0, 0)",393
546,"[('//', 'x5', 'x3', 'v0'), ('*', 'x0', 'x4', 'v1'), ('//', 'x6', 'v0', 'v2'), ('//', 'const_1', 'x9', 'v3'), ('+', 'x3', 'x7', 'v4'), ('//', 'v0', 'x8', 'v5'), ('//', 'x7', 'x0', 'v6'), ('+', 'v4', 'v6', 'v7'), ('//', 'x6', 'v1', 'v8'), ('//', 'x4', 'x3', 'v9')]","(0, 0, 0, 1, 1, 0, 0, 0, 0, 0)",97
547,"[('//', 'x7', 'x8', 'v0'), ('//', 'x3', 'v0', 'v1'), ('//', 'x6', 'x3', 'v2'), ('//', 'x7', 'v1', 'v3'), ('//', 'const_1', 'v3', 'v4'), ('+', 'x5', 'x6', 'v5'), ('//', 'x0', 'x9', 'v6'), ('*', 'x9', 'x6', 'v7'), ('*', 'x0', 'v6', 'v8'), ('*', 'x2', 'const_0', 'v9')]",None,1024
548,"[('+', 'x8', 'x8', 'v0'), ('//', 'x1', 'x2', 'v1'), ('+', 'x2', 'x9', 'v2'), ('*', 'x7', 'const_0', 'v3'), ('*', 'v3', 'x1', 'v4'), ('+', 'x2', 'x7', 'v5'), ('*', 'x7', 'x4', 'v6'), ('*', 'x8', 'x7', 'v7'), ('//', 'x7', 'x1', 'v8'), ('+', 'v6', 'v6', 'v9')]","(0, 0, 0, 0, 1, 0, 0, 1, 0, 0)",37
549,"[('*', 'x7', 'x3', 'v0'), ('*', 'x6', 'x5', 'v1'), ('*', 'v0', 'x7', 'v2'), ('+', 'x5', 'v0', 'v3'), ('//', 'x6', 'x6', 'v4'), ('+', 'x6', 'const_1', 'v5'), ('+', 'x6', 'x1', 'v6'), ('*', 'const_0', 'x4', 'v7'), ('//', 'v4', 'x9', 'v8'), ('+', 'x5', 'x1', 'v9')]","(0, 0, 0, 0, 0, 1, 0, 0, 0, 0)",17
550,"[('+', 'x1', 'x7', 'v0'), ('+', 'x1', 'x2', 'v1'), ('+', 'x8', 'v1', 'v2'), ('+', 'x8', 'x5', 'v3'), ('//', 'x3', 'x1', 'v4'), ('//', 'x6', 'const_1', 'v5'), ('+', 'x0', 'v0', 'v6'), ('+', 'v1', 'x1', 'v7'), ('*', 'x8', 'const_0', 'v8'), ('*', 'v1', 'x0', 'v9')]","(1, 0, 1, 0, 0, 0, 0, 0, 0, 0)",641
551,"[('*', 'x5', 'x9', 'v0'), ('+', 'x2', 'x8', 'v1'), ('+', 'x0', 'x9', 'v2'), ('+', 'x9', 'x5', 'v3'), ('+', 'const_1', 'x9', 'v4'), ('+', 'v4', 'const_1', 'v5'), ('*', 'x5', 'v0', 'v6'), ('//', 'x1', 'x0', 'v7'), ('//', 'x2', 'x0', 'v8'), ('*', 'x1', 'x7', 'v9')]","(0, 1, 0, 0, 0, 0, 0, 1, 0, 0)",261
552,"[('*', 'x3', 'x8', 'v0'), ('*', 'x2', 'x8', 'v1'), ('*', 'x6', 'x6', 'v2'), ('+', 'x2', 'const_0', 'v3'), ('*', 'v1', 'x5', 'v4'), ('//', 'v3', 'v0', 'v5'), ('*', 'x7', 'v0', 'v6'), ('+', 'x6', 'v5', 'v7'), ('+', 'const_0', 'x9', 'v8'), ('+', 'v5', 'x3', 'v9')]","(0, 0, 0, 1, 0, 0, 0, 0, 0, 0)",65
553,"[('//', 'x0', 'const_1', 'v0'), ('//', 'const_1', 'x6', 'v1'), ('+', 'x0', 'const_0', 'v2'), ('*', 'x5', 'x5', 'v3'), ('*', 'v1', 'x3', 'v4'), ('+', 'x8', 'x3', 'v5'), ('//', 'x8', 'v0', 'v6'), ('//', 'v0', 'v4', 'v7'), ('*', 'x6', 'x8', 'v8'), ('//', 'x6', 'const_1', 'v9')]","(0, 0, 0, 0, 0, 0, 1, 0, 0, 0)",9
554,"[('//', 'x1', 'const_1', 'v0'), ('*', 'x2', 'x2', 'v1'), ('*', 'v0', 'v0', 'v2'), ('*', 'v0', 'x5', 'v3'), ('+', 'v0', 'x4', 'v4'), ('*', 'v0', 'v2', 'v5'), ('*', 'v2', 'x7', 'v6'), ('+', 'x3', 'x6', 'v7'), ('*', 'x6', 'v0', 'v8'), ('+', 'v7', 'x0', 'v9')]","(0, 0, 0, 0, 0, 0, 1, 0, 0, 0)",9
555,"[('+', 'x5', 'x4', 'v0'), ('+', 'const_0', 'x5', 'v1'), ('*', 'x6', 'x2', 'v2'), ('+', 'x5', 'x3', 'v3'), ('//', 'v2', 'const_1', 'v4'), ('//', 'v2', 'x1', 'v5'), ('+', 'x0', 'x2', 'v6'), ('//', 'x7', 'v2', 'v7'), ('*', 'x1', 'v6', 'v8'), ('+', 'x8', 'x8', 'v9')]","(0, 0, 0, 0, 0, 0, 0, 0, 1, 0)",3
556,"[('*', 'x3', 'x1', 'v0'), ('*', 'x0', 'x3', 'v1'), ('*', 'x5', 'x6', 'v2'), ('//', 'x6', 'x6', 'v3'), ('+', 'v1', 'x5', 'v4'), ('//', 'v3', 'const_1', 'v5'), ('//', 'x1', 'v0', 'v6'), ('//', 'x2', 'x1', 'v7'), ('*', 'x6', 'v5', 'v8'), ('//', 'v5', 'v6', 'v9')]","(0, 1, 0, 1, 0, 0, 1, 0, 0, 0)",329
557,"[('//', 'x7', 'x5', 'v0'), ('+', 'x0', 'x1', 'v1'), ('//', 'x5', 'v1', 'v2'), ('//', 'x6', 'x0', 'v3'), ('//', 'v2', 'v0', 'v4'), ('*', 'x9', 'v4', 'v5'), ('*', 'v3', 'x1', 'v6'), ('//', 'x7', 'v2', 'v7'), ('*', 'x2', 'const_1', 'v8'), ('+', 'v8', 'x7', 'v9')]","(0, 0, 0, 0, 0, 0, 0, 1, 0, 0)",5
558,"[('//', 'x4', 'x9', 'v0'), ('+', 'v0', 'x7', 'v1'), ('//', 'x9', 'x8', 'v2'), ('//', 'x7', 'v0', 'v3'), ('*', 'x3', 'x3', 'v4'), ('+', 'v3', 'x4', 'v5'), ('+', 'x0', 'x2', 'v6'), ('*', 'v4', 'x8', 'v7'), ('*', 'x3', 'x0', 'v8'), ('+', 'v0', 'x4', 'v9')]","(0, 0, 0, 0, 1, 0, 0, 0, 0, 0)",33
559,"[('*', 'x2', 'x6', 'v0'), ('*', 'const_0', 'x3', 'v1'), ('//', 'x5', 'const_1', 'v2'), ('//', 'v2', 'v0', 'v3'), ('*', 'x5', 'v3', 'v4'), ('*', 'x1', 'v4', 'v5'), ('*', 'v0', 'v3', 'v6'), ('//', 'x8', 'v6', 'v7'), ('*', 'x3', 'x8', 'v8'), ('+', 'x6', 'v1', 'v9')]","(0, 0, 0, 0, 0, 0, 1, 0, 0, 0)",9
560,"[('*', 'x0', 'x4', 'v0'), ('*', 'x6', 'x0', 'v1'), ('+', 'x2', 'x8', 'v2'), ('+', 'x0', 'x2', 'v3'), ('*', 'x7', 'v2', 'v4'), ('//', 'const_1', 'x5', 'v5'), ('//', 'v5', 'x3', 'v6'), ('+', 'const_1', 'x7', 'v7'), ('+', 'x6', 'x8', 'v8'), ('*', 'v4', 'v6', 'v9')]","(0, 0, 0, 1, 0, 1, 0, 1, 1, 0)",87
561,"[('//', 'x2', 'x7', 'v0'), ('//', 'x1', 'const_1', 'v1'), ('*', 'x4', 'x5', 'v2'), ('//', 'x1', 'x6', 'v3'), ('//', 'x1', 'x6', 'v4'), ('*', 'x6', 'v4', 'v5'), ('*', 'x6', 'x6', 'v6'), ('+', 'x8', 'x8', 'v7'), ('//', 'v4', 'x6', 'v8'), ('+', 'const_0', 'v4', 'v9')]","(0, 1, 0, 0, 0, 0, 1, 0, 0, 0)",265
562,"[('+', 'const_1', 'const_1', 'v0'), ('+', 'x4', 'v0', 'v1'), ('*', 'x7', 'x1', 'v2'), ('+', 'v0', 'const_1', 'v3'), ('//', 'const_0', 'x9', 'v4'), ('*', 'v2', 'x5', 'v5'), ('//', 'v5', 'x1', 'v6'), ('+', 'v1', 'x4', 'v7'), ('*', 'x0', 'x2', 'v8'), ('//', 'x1', 'x2', 'v9')]","(0, 1, 1, 0, 0, 0, 0, 0, 0, 0)",385
563,"[('*', 'x6', 'x7', 'v0'), ('//', 'x7', 'x2', 'v1'), ('*', 'x1', 'const_0', 'v2'), ('+', 'const_1', 'x3', 'v3'), ('//', 'v1', 'x9', 'v4'), ('*', 'x3', 'x9', 'v5'), ('+', 'v1', 'x8', 'v6'), ('//', 'v1', 'v3', 'v7'), ('*', 'v6', 'x3', 'v8'), ('*', 'v1', 'v5', 'v9')]","(0, 0, 1, 1, 0, 0, 0, 1, 0, 1)",198
564,"[('+', 'x7', 'x6', 'v0'), ('//', 'const_0', 'x0', 'v1'), ('//', 'x7', 'x9', 'v2'), ('+', 'v2', 'x8', 'v3'), ('*', 'x8', 'const_1', 'v4'), ('//', 'x0', 'v2', 'v5'), ('*', 'x0', 'x6', 'v6'), ('+', 'x4', 'x0', 'v7'), ('*', 'x3', 'x3', 'v8'), ('*', 'v6', 'v6', 'v9')]","(1, 0, 0, 0, 0, 0, 1, 0, 0, 0)",521
565,"[('*', 'x1', 'x2', 'v0'), ('//', 'x5', 'x6', 'v1'), ('*', 'x0', 'x3', 'v2'), ('+', 'const_1', 'const_1', 'v3'), ('+', 'v0', 'x4', 'v4'), ('//', 'const_0', 'v1', 'v5'), ('//', 'v1', 'const_1', 'v6'), ('*', 'x1', 'x0', 'v7'), ('*', 'x8', 'x7', 'v8'), ('*', 'x5', 'x8', 'v9')]","(0, 0, 0, 0, 0, 1, 0, 0, 1, 0)",19
566,"[('//', 'const_1', 'x5', 'v0'), ('//', 'x3', 'x2', 'v1'), ('//', 'v1', 'x0', 'v2'), ('//', 'x8', 'v2', 'v3'), ('+', 'x6', 'x5', 'v4'), ('+', 'x5', 'x1', 'v5'), ('//', 'const_0', 'v4', 'v6'), ('*', 'x0', 'x8', 'v7'), ('//', 'x4', 'x2', 'v8'), ('//', 'v7', 'v1', 'v9')]","(1, 0, 1, 1, 0, 0, 0, 0, 1, 0)",707
567,"[('//', 'x9', 'x7', 'v0'), ('+', 'x9', 'x9', 'v1'), ('+', 'x0', 'const_1', 'v2'), ('//', 'const_1', 'x8', 'v3'), ('//', 'x1', 'x4', 'v4'), ('//', 'x4', 'x2', 'v5'), ('//', 'x1', 'const_1', 'v6'), ('//', 'v6', 'x6', 'v7'), ('//', 'v3', 'v4', 'v8'), ('//', 'x8', 'v4', 'v9')]","(0, 1, 0, 0, 1, 0, 0, 0, 1, 0)",291
568,"[('+', 'x5', 'x9', 'v0'), ('*', 'x6', 'const_0', 'v1'), ('//', 'const_1', 'v0', 'v2'), ('//', 'x3', 'v1', 'v3'), ('*', 'x6', 'x9', 'v4'), ('*', 'x9', 'x1', 'v5'), ('//', 'x6', 'v4', 'v6'), ('+', 'const_0', 'x4', 'v7'), ('+', 'x7', 'const_1', 'v8'), ('*', 'v2', 'v5', 'v9')]","(0, 1, 0, 0, 0, 0, 0, 0, 0, 1)",258
569,"[('*', 'x1', 'x9', 'v0'), ('//', 'x4', 'x8', 'v1'), ('//', 'v0', 'x7', 'v2'), ('//', 'x8', 'v0', 'v3'), ('+', 'x8', 'const_0', 'v4'), ('*', 'v4', 'x2', 'v5'), ('//', 'v1', 'x8', 'v6'), ('//', 'const_0', 'x8', 'v7'), ('+', 'x2', 'v6', 'v8'), ('*', 'x7', 'x6', 'v9')]","(0, 0, 0, 0, 0, 0, 1, 1, 0, 0)",13
570,"[('//', 'x4', 'const_1', 'v0'), ('//', 'x7', 'x8', 'v1'), ('+', 'x3', 'x2', 'v2'), ('//', 'v1', 'x4', 'v3'), ('*', 'x1', 'x1', 'v4'), ('*', 'x8', 'x3', 'v5'), ('//', 'const_1', 'x9', 'v6'), ('+', 'x7', 'v1', 'v7'), ('//', 'x8', 'x5', 'v8'), ('+', 'x5', 'v1', 'v9')]","(0, 0, 0, 0, 0, 0, 0, 1, 1, 0)",7
571,"[('+', 'x3', 'x7', 'v0'), ('+', 'const_0', 'const_0', 'v1'), ('//', 'x9', 'x3', 'v2'), ('*', 'const_1', 'x2', 'v3'), ('*', 'x9', 'x7', 'v4'), ('//', 'x7', 'x8', 'v5'), ('//', 'x9', 'x5', 'v6'), ('*', 'x4', 'v0', 'v7'), ('*', 'v3', 'x2', 'v8'), ('*', 'x0', 'const_1', 'v9')]","(1, 0, 0, 0, 0, 0, 0, 0, 0, 0)",513
572,"[('+', 'x6', 'x4', 'v0'), ('*', 'x1', 'x1', 'v1'), ('*', 'x2', 'const_1', 'v2'), ('//', 'v0', 'x4', 'v3'), ('*', 'v1', 'x2', 'v4'), ('*', 'v0', 'x4', 'v5'), ('*', 'v5', 'v4', 'v6'), ('*', 'const_0', 'v3', 'v7'), ('//', 'x3', 'v0', 'v8'), ('+', 'v1', 'x1', 'v9')]","(0, 1, 0, 0, 0, 0, 0, 0, 0, 0)",257
573,"[('//', 'x7', 'x5', 'v0'), ('+', 'x5', 'x3', 'v1'), ('*', 'x2', 'const_0', 'v2'), ('+', 'v0', 'x1', 'v3'), ('+', 'const_0', 'x0', 'v4'), ('*', 'v1', 'v2', 'v5'), ('*', 'x0', 'x0', 'v6'), ('//', 'const_0', 'x2', 'v7'), ('*', 'x5', 'x2', 'v8'), ('+', 'x4', 'const_1', 'v9')]","(0, 0, 0, 0, 0, 0, 0, 0, 0, 0)",1
574,"[('*', 'x7', 'x8', 'v0'), ('+', 'x0', 'const_1', 'v1'), ('+', 'x7', 'x7', 'v2'), ('+', 'x7', 'const_0', 'v3'), ('//', 'v2', 'v2', 'v4'), ('+', 'x4', 'const_1', 'v5'), ('+', 'const_0', 'const_0', 'v6'), ('*', 'x1', 'x9', 'v7'), ('+', 'x3', 'x0', 'v8'), ('+', 'const_1', 'x5', 'v9')]","(0, 0, 0, 0, 0, 0, 0, 0, 0, 0)",1
575,"[('+', 'x3', 'x8', 'v0'), ('*', 'x5', 'const_1', 'v1'), ('//', 'v1', 'v0', 'v2'), ('*', 'x2', 'x6', 'v3'), ('*', 'const_0', 'x3', 'v4'), ('//', 'const_1', 'x8', 'v5'), ('//', 'x6', 'x0', 'v6'), ('*', 'v6', 'x3', 'v7'), ('*', 'v1', 'const_0', 'v8'), ('+', 'x2', 'x6', 'v9')]","(0, 0, 0, 0, 0, 0, 1, 0, 0, 0)",9
576,"[('*', 'x2', 'x7', 'v0'), ('*', 'x0', 'x7', 'v1'), ('+', 'x4', 'x0', 'v2'), ('+', 'v2', 'x8', 'v3'), ('*', 'v0', 'x4', 'v4'), ('*', 'v2', 'x7', 'v5'), ('*', 'v1', 'x1', 'v6'), ('+', 'x4', 'x2', 'v7'), ('//', 'x2', 'v5', 'v8'), ('//', 'v5', 'v2', 'v9')]","(0, 0, 0, 0, 1, 0, 0, 1, 0, 0)",37
577,"[('//', 'x4', 'const_1', 'v0'), ('+', 'x5', 'x0', 'v1'), ('//', 'x2', 'x1', 'v2'), ('//', 'const_0', 'const_1', 'v3'), ('//', 'v0', 'x8', 'v4'), ('//', 'x9', 'v3', 'v5'), ('+', 'const_0', 'x9', 'v6'), ('//', 'x3', 'const_1', 'v7'), ('//', 'x5', 'x7', 'v8'), ('*', 'v8', 'v1', 'v9')]","(0, 0, 0, 0, 0, 1, 0, 1, 0, 0)",21
578,"[('+', 'x3', 'x8', 'v0'), ('//', 'x5', 'x4', 'v1'), ('//', 'x8', 'x2', 'v2'), ('+', 'v2', 'const_1', 'v3'), ('+', 'x0', 'const_0', 'v4'), ('+', 'v4', 'v1', 'v5'), ('//', 'x6', 'v0', 'v6'), ('+', 'x6', 'x9', 'v7'), ('+', 'const_1', 'x4', 'v8'), ('+', 'x7', 'x1', 'v9')]","(0, 0, 0, 0, 0, 0, 0, 1, 0, 0)",5
579,"[('*', 'x9', 'x3', 'v0'), ('//', 'x8', 'x8', 'v1'), ('//', 'x5', 'v1', 'v2'), ('+', 'v0', 'v2', 'v3'), ('*', 'const_1', 'x0', 'v4'), ('+', 'const_0', 'v2', 'v5'), ('+', 'const_0', 'x1', 'v6'), ('//', 'v3', 'v3', 'v7'), ('*', 'x5', 'x1', 'v8'), ('*', 'x9', 'const_1', 'v9')]","(0, 0, 0, 0, 0, 0, 0, 0, 0, 1)",2
580,"[('+', 'x2', 'x2', 'v0'), ('//', 'x6', 'x8', 'v1'), ('//', 'x6', 'x9', 'v2'), ('*', 'x0', 'x4', 'v3'), ('+', 'x1', 'v1', 'v4'), ('+', 'const_1', 'x5', 'v5'), ('*', 'x3', 'v0', 'v6'), ('+', 'x8', 'x2', 'v7'), ('//', 'const_0', 'x3', 'v8'), ('+', 'const_0', 'x1', 'v9')]","(0, 1, 0, 0, 0, 0, 0, 0, 0, 0)",257
581,"[('+', 'x9', 'x8', 'v0'), ('//', 'x8', 'x8', 'v1'), ('//', 'x8', 'x3', 'v2'), ('//', 'const_0', 'const_1', 'v3'), ('*', 'v2', 'v1', 'v4'), ('*', 'x5', 'v0', 'v5'), ('//', 'const_1', 'v5', 'v6'), ('//', 'v1', 'v6', 'v7'), ('//', 'v6', 'x2', 'v8'), ('*', 'v3', 'v2', 'v9')]",None,1024
582,"[('+', 'x9', 'const_0', 'v0'), ('//', 'x5', 'x2', 'v1'), ('*', 'x5', 'x9', 'v2'), ('*', 'v2', 'x9', 'v3'), ('//', 'x2', 'v0', 'v4'), ('+', 'x2', 'x4', 'v5'), ('*', 'x9', 'x9', 'v6'), ('//', 'v2', 'const_1', 'v7'), ('//', 'v0', 'x9', 'v8'), ('//', 'x9', 'const_1', 'v9')]","(0, 0, 0, 0, 0, 0, 0, 0, 0, 1)",2
583,"[('+', 'x0', 'x0', 'v0'), ('//', 'const_1', 'x1', 'v1'), ('//', 'const_0', 'x0', 'v2'), ('//', 'x3', 'v2', 'v3'), ('*', 'x0', 'x3', 'v4'), ('*', 'x1', 'x1', 'v5'), ('*', 'x8', 'v4', 'v6'), ('*', 'const_1', 'v2', 'v7'), ('*', 'v6', 'x4', 'v8'), ('+', 'v6', 'v0', 'v9')]","(1, 0, 0, 0, 0, 0, 0, 0, 0, 0)",513
584,"[('*', 'const_1', 'x9', 'v0'), ('*', 'x6', 'const_1', 'v1'), ('//', 'x8', 'x3', 'v2'), ('+', 'x5', 'const_1', 'v3'), ('+', 'x8', 'x1', 'v4'), ('*', 'const_1', 'v1', 'v5'), ('*', 'x1', 'x2', 'v6'), ('*', 'x8', 'v6', 'v7'), ('//', 'v5', 'v1', 'v8'), ('//', 'v2', 'v6', 'v9')]","(0, 1, 1, 1, 0, 0, 0, 0, 1, 0)",451
585,"[('//', 'x4', 'x5', 'v0'), ('//', 'x4', 'x7', 'v1'), ('//', 'x6', 'x9', 'v2'), ('+', 'x7', 'x9', 'v3'), ('*', 'x1', 'x2', 'v4'), ('+', 'x5', 'x5', 'v5'), ('+', 'x1', 'x0', 'v6'), ('+', 'x0', 'v3', 'v7'), ('+', 'v5', 'x5', 'v8'), ('*', 'v3', 'v8', 'v9')]","(0, 0, 0, 0, 0, 1, 0, 0, 0, 1)",18
586,"[('*', 'x6', 'x4', 'v0'), ('//', 'x9', 'x1', 'v1'), ('+', 'x3', 'v1', 'v2'), ('//', 'x4', 'x6', 'v3'), ('//', 'x9', 'const_1', 'v4'), ('//', 'x7', 'v4', 'v5'), ('//', 'x2', 'x0', 'v6'), ('*', 'x1', 'const_1', 'v7'), ('//', 'v3', 'x3', 'v8'), ('+', 'x4', 'v2', 'v9')]","(0, 0, 0, 0, 1, 0, 0, 0, 0, 0)",33
587,"[('//', 'x1', 'const_1', 'v0'), ('*', 'x4', 'x4', 'v1'), ('+', 'x2', 'x6', 'v2'), ('+', 'const_0', 'x6', 'v3'), ('*', 'x4', 'x7', 'v4'), ('//', 'x4', 'x4', 'v5'), ('//', 'x8', 'const_1', 'v6'), ('*', 'x2', 'v1', 'v7'), ('//', 'x8', 'v3', 'v8'), ('+', 'x6', 'v0', 'v9')]","(0, 0, 0, 0, 0, 0, 1, 0, 0, 0)",9
588,"[('//', 'x8', 'const_1', 'v0'), ('+', 'x3', 'x8', 'v1'), ('//', 'x2', 'x2', 'v2'), ('+', 'x2', 'x2', 'v3'), ('//', 'x4', 'v3', 'v4'), ('//', 'x4', 'x0', 'v5'), ('//', 'x7', 'x2', 'v6'), ('//', 'v3', 'x2', 'v7'), ('//', 'const_1', 'x8', 'v8'), ('//', 'x9', 'x6', 'v9')]","(0, 0, 0, 0, 0, 0, 1, 0, 0, 1)",10
589,"[('*', 'x7', 'x5', 'v0'), ('*', 'x2', 'x4', 'v1'), ('//', 'const_0', 'x1', 'v2'), ('+', 'x3', 'x4', 'v3'), ('+', 'x5', 'x1', 'v4'), ('//', 'x8', 'const_1', 'v5'), ('//', 'x8', 'const_1', 'v6'), ('+', 'x4', 'v4', 'v7'), ('*', 'v7', 'v3', 'v8'), ('*', 'x8', 'const_1', 'v9')]","(0, 0, 0, 0, 0, 0, 0, 0, 1, 0)",3
590,"[('+', 'x8', 'x9', 'v0'), ('+', 'v0', 'x7', 'v1'), ('+', 'const_1', 'v0', 'v2'), ('//', 'x2', 'x2', 'v3'), ('//', 'const_0', 'x8', 'v4'), ('+', 'v3', 'x3', 'v5'), ('+', 'x5', 'x5', 'v6'), ('+', 'v5', 'x4', 'v7'), ('+', 'const_1', 'v1', 'v8'), ('*', 'v8', 'x7', 'v9')]","(0, 0, 0, 0, 0, 0, 0, 1, 0, 0)",5
591,"[('*', 'x5', 'x6', 'v0'), ('//', 'v0', 'x4', 'v1'), ('*', 'x1', 'x0', 'v2'), ('//', 'const_1', 'v0', 'v3'), ('//', 'x7', 'x0', 'v4'), ('//', 'x4', 'x1', 'v5'), ('//', 'x8', 'v1', 'v6'), ('//', 'x6', 'v5', 'v7'), ('*', 'x3', 'v4', 'v8'), ('*', 'x6', 'x4', 'v9')]","(0, 0, 0, 0, 1, 0, 1, 0, 0, 0)",41
592,"[('+', 'x5', 'x6', 'v0'), ('//', 'x3', 'v0', 'v1'), ('//', 'x1', 'x8', 'v2'), ('//', 'v0', 'x7', 'v3'), ('*', 'x3', 'x3', 'v4'), ('//', 'x0', 'x1', 'v5'), ('*', 'x9', 'x3', 'v6'), ('+', 'x7', 'x7', 'v7'), ('+', 'x7', 'v5', 'v8'), ('*', 'x2', 'x8', 'v9')]","(0, 0, 1, 0, 0, 0, 0, 0, 1, 0)",131
593,"[('*', 'x2', 'const_1', 'v0'), ('//', 'v0', 'x3', 'v1'), ('//', 'x4', 'x7', 'v2'), ('*', 'v1', 'v2', 'v3'), ('+', 'x5', 'x7', 'v4'), ('//', 'x9', 'v4', 'v5'), ('//', 'v5', 'const_1', 'v6'), ('*', 'v5', 'v4', 'v7'), ('*', 'const_1', 'v2', 'v8'), ('+', 'x3', 'v5', 'v9')]","(0, 0, 0, 0, 0, 0, 0, 1, 0, 1)",6
594,"[('+', 'x3', 'x8', 'v0'), ('*', 'x4', 'x4', 'v1'), ('*', 'v0', 'const_1', 'v2'), ('//', 'x3', 'x5', 'v3'), ('*', 'const_1', 'x4', 'v4'), ('+', 'x0', 'x3', 'v5'), ('//', 'const_0', 'x2', 'v6'), ('//', 'v0', 'x6', 'v7'), ('*', 'v0', 'v4', 'v8'), ('//', 'x0', 'v0', 'v9')]","(1, 0, 0, 0, 0, 0, 0, 0, 1, 0)",515
595,"[('+', 'x5', 'x8', 'v0'), ('+', 'x4', 'x9', 'v1'), ('//', 'v1', 'x1', 'v2'), ('//', 'x6', 'x6', 'v3'), ('+', 'v1', 'const_0', 'v4'), ('+', 'const_0', 'v2', 'v5'), ('+', 'v1', 'const_0', 'v6'), ('//', 'x2', 'x2', 'v7'), ('+', 'x9', 'x2', 'v8'), ('//', 'x9', 'v3', 'v9')]","(0, 0, 0, 0, 0, 0, 1, 0, 0, 1)",10
596,"[('+', 'x7', 'x0', 'v0'), ('//', 'x5', 'x3', 'v1'), ('*', 'v1', 'x4', 'v2'), ('//', 'x5', 'x5', 'v3'), ('*', 'x5', 'x9', 'v4'), ('+', 'const_1', 'x3', 'v5'), ('*', 'v4', 'x6', 'v6'), ('+', 'v5', 'x5', 'v7'), ('//', 'x4', 'x3', 'v8'), ('//', 'x4', 'v5', 'v9')]","(0, 0, 0, 0, 1, 0, 0, 0, 0, 0)",33
597,"[('//', 'x8', 'x4', 'v0'), ('//', 'x9', 'x9', 'v1'), ('*', 'x4', 'x3', 'v2'), ('+', 'x5', 'x0', 'v3'), ('+', 'x1', 'x6', 'v4'), ('+', 'x2', 'v1', 'v5'), ('//', 'v4', 'v1', 'v6'), ('+', 'v2', 'x2', 'v7'), ('*', 'x4', 'v1', 'v8'), ('*', 'x1', 'x0', 'v9')]","(1, 1, 0, 0, 0, 0, 0, 0, 0, 0)",769
598,"[('+', 'x4', 'x7', 'v0'), ('+', 'v0', 'x6', 'v1'), ('//', 'x8', 'x7', 'v2'), ('//', 'v2', 'x8', 'v3'), ('*', 'const_1', 'x5', 'v4'), ('*', 'v1', 'v2', 'v5'), ('*', 'v4', 'const_0', 'v6'), ('*', 'x7', 'v0', 'v7'), ('*', 'v6', 'x6', 'v8'), ('*', 'v3', 'v1', 'v9')]","(0, 0, 0, 0, 0, 0, 0, 1, 1, 0)",7
599,"[('//', 'x2', 'x5', 'v0'), ('*', 'v0', 'const_0', 'v1'), ('+', 'x0', 'v0', 'v2'), ('*', 'v2', 'x7', 'v3'), ('//', 'const_0', 'x9', 'v4'), ('//', 'v3', 'v2', 'v5'), ('*', 'x0', 'v2', 'v6'), ('+', 'x8', 'v4', 'v7'), ('//', 'const_0', 'v2', 'v8'), ('*', 'x6', 'v8', 'v9')]",None,1024
600,"[('//', 'x6', 'x7', 'v0'), ('//', 'x1', 'x5', 'v1'), ('//', 'x0', 'x5', 'v2'), ('+', 'const_1', 'x5', 'v3'), ('*', 'x7', 'v2', 'v4'), ('//', 'x4', 'v3', 'v5'), ('//', 'x7', 'x0', 'v6'), ('+', 'const_1', 'x6', 'v7'), ('//', 'const_0', 'v3', 'v8'), ('+', 'x2', 'v4', 'v9')]","(0, 0, 1, 0, 0, 0, 0, 0, 0, 0)",129
601,"[('*', 'x2', 'x6', 'v0'), ('//', 'x9', 'x8', 'v1'), ('+', 'v1', 'x1', 'v2'), ('//', 'x7', 'x6', 'v3'), ('+', 'v2', 'x9', 'v4'), ('*', 'x1', 'x8', 'v5'), ('//', 'x2', 'x2', 'v6'), ('//', 'x4', 'x6', 'v7'), ('//', 'v2', 'x1', 'v8'), ('+', 'const_1', 'x7', 'v9')]","(0, 0, 0, 0, 0, 0, 0, 0, 0, 0)",1
602,"[('//', 'x7', 'x1', 'v0'), ('//', 'x3', 'v0', 'v1'), ('*', 'x8', 'x8', 'v2'), ('+', 'x1', 'x4', 'v3'), ('*', 'v3', 'x5', 'v4'), ('//', 'v0', 'x8', 'v5'), ('//', 'v3', 'x1', 'v6'), ('*', 'x3', 'x7', 'v7'), ('//', 'x9', 'v0', 'v8'), ('//', 'v3', 'v2', 'v9')]","(0, 0, 0, 0, 1, 0, 0, 0, 1, 0)",35
603,"[('*', 'x3', 'x9', 'v0'), ('+', 'const_1', 'x9', 'v1'), ('*', 'const_1', 'x2', 'v2'), ('//', 'x2', 'x2', 'v3'), ('*', 'v0', 'v1', 'v4'), ('*', 'const_1', 'x3', 'v5'), ('+', 'x2', 'x7', 'v6'), ('+', 'x4', 'x4', 'v7'), ('//', 'x4', 'x5', 'v8'), ('//', 'x3', 'x8', 'v9')]","(0, 0, 0, 1, 0, 0, 0, 0, 1, 0)",67
604,"[('//', 'x8', 'x6', 'v0'), ('+', 'x8', 'x9', 'v1'), ('+', 'x5', 'x4', 'v2'), ('*', 'const_0', 'x6', 'v3'), ('//', 'x5', 'x7', 'v4'), ('+', 'x5', 'v0', 'v5'), ('*', 'v2', 'x9', 'v6'), ('*', 'v3', 'v4', 'v7'), ('//', 'x3', 'x3', 'v8'), ('//', 'x3', 'x8', 'v9')]","(0, 0, 0, 1, 0, 0, 0, 0, 1, 0)",67
605,"[('+', 'x0', 'x5', 'v0'), ('+', 'x2', 'x2', 'v1'), ('+', 'x8', 'x8', 'v2'), ('*', 'const_1', 'x7', 'v3'), ('+', 'v3', 'x1', 'v4'), ('//', 'x6', 'x6', 'v5'), ('//', 'v4', 'x8', 'v6'), ('+', 'x5', 'x6', 'v7'), ('+', 'v7', 'v0', 'v8'), ('+', 'v8', 'x9', 'v9')]","(0, 0, 0, 0, 0, 0, 0, 0, 0, 1)",2
606,"[('*', 'x4', 'x0', 'v0'), ('+', 'x9', 'x7', 'v1'), ('//', 'const_1', 'x9', 'v2'), ('*', 'v2', 'x5', 'v3'), ('*', 'v1', 'const_0', 'v4'), ('+', 'x5', 'v4', 'v5'), ('+', 'x2', 'x0', 'v6'), ('+', 'x2', 'x8', 'v7'), ('//', 'v4', 'v7', 'v8'), ('//', 'x9', 'v1', 'v9')]","(0, 0, 0, 0, 0, 0, 0, 0, 0, 1)",2
607,"[('*', 'const_1', 'x2', 'v0'), ('//', 'x5', 'x0', 'v1'), ('+', 'x9', 'x5', 'v2'), ('*', 'x8', 'x1', 'v3'), ('+', 'x7', 'const_1', 'v4'), ('//', 'x7', 'x5', 'v5'), ('*', 'x1', 'x2', 'v6'), ('//', 'const_0', 'const_1', 'v7'), ('*', 'x3', 'v3', 'v8'), ('*', 'v3', 'x4', 'v9')]","(0, 1, 0, 0, 1, 0, 0, 0, 1, 0)",291
608,"[('+', 'x5', 'x2', 'v0'), ('+', 'x5', 'x1', 'v1'), ('*', 'x2', 'v1', 'v2'), ('*', 'x7', 'x4', 'v3'), ('+', 'x4', 'x0', 'v4'), ('+', 'x1', 'x2', 'v5'), ('*', 'v3', 'v2', 'v6'), ('+', 'x2', 'v3', 'v7'), ('+', 'v3', 'x4', 'v8'), ('+', 'x6', 'const_0', 'v9')]","(0, 0, 0, 0, 0, 0, 1, 0, 0, 0)",9
609,"[('+', 'x8', 'x2', 'v0'), ('//', 'x3', 'v0', 'v1'), ('//', 'x0', 'x0', 'v2'), ('+', 'const_0', 'x8', 'v3'), ('+', 'v3', 'x8', 'v4'), ('*', 'const_1', 'x5', 'v5'), ('*', 'x5', 'v2', 'v6'), ('*', 'v6', 'v5', 'v7'), ('*', 'x5', 'const_1', 'v8'), ('//', 'v5', 'v5', 'v9')]","(0, 0, 0, 0, 0, 1, 0, 0, 0, 0)",17
610,"[('+', 'const_0', 'x5', 'v0'), ('//', 'x3', 'x0', 'v1'), ('//', 'x8', 'x6', 'v2'), ('+', 'const_1', 'x6', 'v3'), ('//', 'x4', 'x7', 'v4'), ('*', 'v4', 'x4', 'v5'), ('//', 'x3', 'x1', 'v6'), ('//', 'x3', 'v0', 'v7'), ('+', 'v4', 'const_1', 'v8'), ('//', 'const_1', 'const_1', 'v9')]","(0, 0, 0, 0, 0, 0, 0, 0, 0, 0)",1
611,"[('//', 'x8', 'const_1', 'v0'), ('*', 'x0', 'x0', 'v1'), ('+', 'x2', 'x5', 'v2'), ('+', 'x5', 'v1', 'v3'), ('+', 'const_1', 'const_1', 'v4'), ('+', 'v0', 'v2', 'v5'), ('//', 'const_1', 'v2', 'v6'), ('+', 'x2', 'v2', 'v7'), ('//', 'x7', 'v7', 'v8'), ('//', 'x8', 'v3', 'v9')]","(0, 0, 0, 0, 0, 1, 0, 0, 1, 0)",19
612,"[('//', 'x3', 'const_1', 'v0'), ('*', 'const_1', 'x7', 'v1'), ('*', 'x3', 'x3', 'v2'), ('+', 'x9', 'x6', 'v3'), ('+', 'x0', 'const_1', 'v4'), ('*', 'v0', 'x4', 'v5'), ('*', 'const_0', 'const_0', 'v6'), ('+', 'v4', 'v0', 'v7'), ('//', 'v1', 'x8', 'v8'), ('+', 'v6', 'x3', 'v9')]","(0, 0, 0, 1, 0, 0, 0, 0, 0, 0)",65
613,"[('//', 'const_1', 'x9', 'v0'), ('//', 'x7', 'const_1', 'v1'), ('+', 'x8', 'x7', 'v2'), ('*', 'v1', 'x5', 'v3'), ('+', 'x7', 'x6', 'v4'), ('+', 'x2', 'v1', 'v5'), ('+', 'x2', 'v5', 'v6'), ('*', 'const_0', 'x2', 'v7'), ('//', 'const_1', 'v0', 'v8'), ('//', 'v3', 'x0', 'v9')]","(1, 0, 0, 0, 0, 1, 0, 1, 0, 0)",533
614,"[('//', 'x7', 'x3', 'v0'), ('+', 'x5', 'v0', 'v1'), ('*', 'x1', 'v1', 'v2'), ('//', 'const_0', 'x4', 'v3'), ('//', 'const_0', 'v3', 'v4'), ('+', 'const_0', 'const_1', 'v5'), ('*', 'const_1', 'x9', 'v6'), ('//', 'x9', 'x9', 'v7'), ('+', 'const_0', 'const_1', 'v8'), ('*', 'v0', 'x3', 'v9')]","(0, 0, 0, 1, 0, 0, 0, 1, 0, 0)",69
615,"[('+', 'x1', 'x8', 'v0'), ('//', 'x9', 'v0', 'v1'), ('+', 'const_0', 'x9', 'v2'), ('+', 'const_1', 'x9', 'v3'), ('//', 'x4', 'x8', 'v4'), ('*', 'x7', 'x1', 'v5'), ('*', 'const_0', 'x7', 'v6'), ('//', 'v4', 'const_1', 'v7'), ('//', 'x3', 'x7', 'v8'), ('//', 'x4', 'v7', 'v9')]","(0, 0, 0, 0, 1, 0, 0, 0, 1, 0)",35
616,"[('*', 'x3', 'x9', 'v0'), ('+', 'const_1', 'v0', 'v1'), ('+', 'const_1', 'x1', 'v2'), ('*', 'x9', 'x4', 'v3'), ('*', 'x3', 'x4', 'v4'), ('+', 'v0', 'x1', 'v5'), ('+', 'x3', 'x0', 'v6'), ('*', 'v6', 'v5', 'v7'), ('//', 'const_1', 'x0', 'v8'), ('*', 'x3', 'v0', 'v9')]","(0, 0, 0, 1, 0, 0, 0, 0, 0, 1)",66
617,"[('+', 'x3', 'x7', 'v0'), ('*', 'x2', 'x3', 'v1'), ('//', 'v1', 'x6', 'v2'), ('//', 'x3', 'x5', 'v3'), ('*', 'x8', 'x9', 'v4'), ('*', 'v4', 'x3', 'v5'), ('+', 'x8', 'v3', 'v6'), ('+', 'x2', 'v4', 'v7'), ('*', 'v2', 'x9', 'v8'), ('//', 'x9', 'x6', 'v9')]","(0, 0, 0, 0, 0, 0, 1, 0, 0, 1)",10
618,"[('+', 'x6', 'x1', 'v0'), ('+', 'const_0', 'x5', 'v1'), ('+', 'x3', 'x9', 'v2'), ('+', 'x1', 'v2', 'v3'), ('+', 'v2', 'x1', 'v4'), ('//', 'x4', 'const_1', 'v5'), ('+', 'v5', 'const_1', 'v6'), ('+', 'const_0', 'v4', 'v7'), ('//', 'x6', 'x1', 'v8'), ('*', 'x5', 'x4', 'v9')]","(0, 0, 0, 0, 1, 1, 0, 0, 0, 0)",49
619,"[('+', 'x8', 'x2', 'v0'), ('*', 'v0', 'x4', 'v1'), ('//', 'v1', 'v1', 'v2'), ('//', 'x2', 'x3', 'v3'), ('//', 'v1', 'v3', 'v4'), ('//', 'x5', 'v4', 'v5'), ('//', 'v1', 'x6', 'v6'), ('+', 'x2', 'x9', 'v7'), ('//', 'const_1', 'v6', 'v8'), ('+', 'x0', 'v3', 'v9')]","(0, 0, 1, 1, 0, 0, 0, 0, 0, 0)",193
620,"[('//', 'const_1', 'const_1', 'v0'), ('*', 'x1', 'x9', 'v1'), ('*', 'x5', 'v1', 'v2'), ('+', 'v1', 'const_1', 'v3'), ('*', 'v0', 'v1', 'v4'), ('+', 'x8', 'x0', 'v5'), ('+', 'const_0', 'v3', 'v6'), ('*', 'const_1', 'x7', 'v7'), ('+', 'const_1', 'v6', 'v8'), ('*', 'x2', 'x4', 'v9')]","(0, 0, 1, 0, 1, 0, 0, 0, 0, 0)",161
621,"[('*', 'x7', 'x2', 'v0'), ('//', 'x3', 'const_1', 'v1'), ('*', 'x0', 'x9', 'v2'), ('+', 'x0', 'x5', 'v3'), ('*', 'v1', 'x7', 'v4'), ('+', 'x3', 'x2', 'v5'), ('+', 'v2', 'const_0', 'v6'), ('//', 'v5', 'x0', 'v7'), ('//', 'v5', 'x4', 'v8'), ('+', 'v8', 'v7', 'v9')]","(0, 0, 0, 1, 1, 0, 0, 0, 0, 0)",97
622,"[('*', 'x9', 'x2', 'v0'), ('//', 'x4', 'x1', 'v1'), ('//', 'x5', 'const_1', 'v2'), ('*', 'x1', 'const_1', 'v3'), ('//', 'x9', 'const_1', 'v4'), ('//', 'const_1', 'v0', 'v5'), ('*', 'const_1', 'const_0', 'v6'), ('//', 'v6', 'v0', 'v7'), ('*', 'v6', 'x7', 'v8'), ('//', 'x2', 'x2', 'v9')]","(0, 0, 1, 0, 0, 0, 0, 0, 0, 0)",129
623,"[('*', 'x7', 'x4', 'v0'), ('*', 'x0', 'x4', 'v1'), ('//', 'v1', 'v1', 'v2'), ('*', 'x0', 'x7', 'v3'), ('//', 'x6', 'x2', 'v4'), ('+', 'const_0', 'v4', 'v5'), ('//', 'x3', 'v3', 'v6'), ('//', 'v4', 'v6', 'v7'), ('*', 'x2', 'x3', 'v8'), ('//', 'x5', 'x4', 'v9')]","(0, 0, 0, 0, 1, 1, 0, 0, 0, 0)",49
624,"[('+', 'x9', 'x0', 'v0'), ('//', 'x0', 'const_1', 'v1'), ('+', 'x0', 'const_1', 'v2'), ('+', 'x4', 'x9', 'v3'), ('//', 'v3', 'v3', 'v4'), ('//', 'x8', 'v0', 'v5'), ('+', 'x2', 'v2', 'v6'), ('+', 'x0', 'const_1', 'v7'), ('*', 'v6', 'v1', 'v8'), ('+', 'v6', 'x4', 'v9')]","(0, 0, 0, 0, 0, 0, 0, 0, 0, 0)",1
625,"[('//', 'x3', 'x4', 'v0'), ('//', 'x0', 'const_1', 'v1'), ('//', 'x8', 'x0', 'v2'), ('//', 'const_1', 'x7', 'v3'), ('*', 'v0', 'x5', 'v4'), ('+', 'x0', 'x1', 'v5'), ('//', 'v2', 'v3', 'v6'), ('+', 'x1', 'v5', 'v7'), ('//', 'x0', 'x1', 'v8'), ('*', 'v3', 'x1', 'v9')]","(0, 1, 0, 0, 0, 0, 0, 1, 0, 0)",261
626,"[('//', 'x2', 'x3', 'v0'), ('*', 'x9', 'v0', 'v1'), ('*', 'x4', 'x5', 'v2'), ('//', 'v1', 'x2', 'v3'), ('*', 'const_1', 'x2', 'v4'), ('*', 'v3', 'x3', 'v5'), ('//', 'const_0', 'x2', 'v6'), ('//', 'x2', 'v3', 'v7'), ('*', 'v3', 'const_1', 'v8'), ('*', 'const_1', 'x7', 'v9')]","(0, 0, 0, 0, 0, 0, 0, 1, 0, 0)",5
627,"[('+', 'x8', 'x9', 'v0'), ('+', 'x8', 'x1', 'v1'), ('*', 'x1', 'x3', 'v2'), ('//', 'v2', 'v0', 'v3'), ('*', 'x0', 'x7', 'v4'), ('//', 'x8', 'x8', 'v5'), ('*', 'v2', 'x8', 'v6'), ('+', 'v6', 'x4', 'v7'), ('+', 'v5', 'x6', 'v8'), ('+', 'x8', 'const_1', 'v9')]","(0, 0, 0, 0, 0, 0, 0, 0, 0, 0)",1
628,"[('//', 'x8', 'x9', 'v0'), ('*', 'x1', 'const_1', 'v1'), ('//', 'v0', 'x5', 'v2'), ('*', 'x9', 'x4', 'v3'), ('//', 'v0', 'x0', 'v4'), ('*', 'x9', 'v0', 'v5'), ('*', 'x3', 'v1', 'v6'), ('*', 'v1', 'x1', 'v7'), ('+', 'const_1', 'v0', 'v8'), ('//', 'v5', 'x1', 'v9')]","(0, 1, 0, 0, 0, 0, 0, 0, 1, 1)",260
629,"[('//', 'x7', 'x3', 'v0'), ('+', 'x7', 'const_0', 'v1'), ('*', 'x3', 'x1', 'v2'), ('+', 'x1', 'x8', 'v3'), ('*', 'x4', 'x2', 'v4'), ('+', 'x8', 'x9', 'v5'), ('+', 'const_1', 'x6', 'v6'), ('//', 'x0', 'v0', 'v7'), ('+', 'v7', 'x0', 'v8'), ('*', 'const_0', 'v0', 'v9')]",None,1024
630,"[('//', 'x2', 'x9', 'v0'), ('//', 'x1', 'v0', 'v1'), ('+', 'x4', 'v1', 'v2'), ('//', 'v2', 'x2', 'v3'), ('//', 'x5', 'v0', 'v4'), ('//', 'v3', 'x5', 'v5'), ('//', 'v5', 'const_1', 'v6'), ('*', 'x1', 'v6', 'v7'), ('//', 'v1', 'v1', 'v8'), ('*', 'v3', 'x7', 'v9')]","(0, 0, 1, 0, 1, 0, 0, 1, 0, 0)",165
631,"[('*', 'x1', 'const_1', 'v0'), ('+', 'x8', 'x0', 'v1'), ('*', 'x2', 'v0', 'v2'), ('*', 'x3', 'v2', 'v3'), ('+', 'const_1', 'x9', 'v4'), ('//', 'x5', 'v3', 'v5'), ('+', 'x3', 'x1', 'v6'), ('+', 'v0', 'x4', 'v7'), ('*', 'v6', 'x8', 'v8'), ('*', 'x1', 'x1', 'v9')]","(0, 1, 0, 0, 0, 0, 0, 0, 0, 0)",257
632,"[('*', 'x3', 'x7', 'v0'), ('*', 'x9', 'x0', 'v1'), ('+', 'v0', 'x6', 'v2'), ('//', 'x2', 'x7', 'v3'), ('*', 'x7', 'v3', 'v4'), ('+', 'x7', 'x7', 'v5'), ('+', 'x1', 'x2', 'v6'), ('+', 'x5', 'const_1', 'v7'), ('//', 'v0', 'const_1', 'v8'), ('+', 'v2', 'x2', 'v9')]","(0, 0, 0, 0, 0, 0, 1, 0, 0, 0)",9
633,"[('+', 'x0', 'x6', 'v0'), ('*', 'const_1', 'x8', 'v1'), ('+', 'const_0', 'x0', 'v2'), ('//', 'x5', 'x9', 'v3'), ('+', 'x6', 'x4', 'v4'), ('//', 'v4', 'v3', 'v5'), ('*', 'x2', 'x0', 'v6'), ('*', 'v1', 'v4', 'v7'), ('*', 'v6', 'v4', 'v8'), ('//', 'x1', 'v5', 'v9')]","(0, 1, 0, 0, 0, 1, 1, 0, 0, 1)",282
634,"[('//', 'x8', 'const_1', 'v0'), ('*', 'v0', 'v0', 'v1'), ('*', 'x8', 'x6', 'v2'), ('+', 'x1', 'const_1', 'v3'), ('+', 'x2', 'x5', 'v4'), ('//', 'x5', 'v2', 'v5'), ('//', 'x5', 'v1', 'v6'), ('//', 'v2', 'v0', 'v7'), ('*', 'v2', 'x7', 'v8'), ('//', 'v0', 'v5', 'v9')]","(0, 0, 0, 0, 0, 1, 1, 0, 1, 0)",27
635,"[('//', 'x8', 'x0', 'v0'), ('*', 'const_0', 'x6', 'v1'), ('+', 'x4', 'v1', 'v2'), ('//', 'x4', 'x0', 'v3'), ('+', 'const_0', 'v0', 'v4'), ('+', 'v0', 'v1', 'v5'), ('+', 'x0', 'x6', 'v6'), ('//', 'v3', 'v6', 'v7'), ('+', 'x3', 'x4', 'v8'), ('+', 'v5', 'const_1', 'v9')]","(0, 0, 0, 0, 0, 0, 0, 0, 0, 0)",1
636,"[('*', 'x2', 'const_1', 'v0'), ('*', 'v0', 'x2', 'v1'), ('+', 'x8', 'x9', 'v2'), ('+', 'v0', 'v1', 'v3'), ('//', 'v1', 'x2', 'v4'), ('//', 'x8', 'x4', 'v5'), ('+', 'v4', 'const_1', 'v6'), ('//', 'x5', 'v5', 'v7'), ('+', 'x3', 'v4', 'v8'), ('+', 'x7', 'x1', 'v9')]","(0, 0, 0, 0, 0, 0, 0, 1, 0, 0)",5
637,"[('+', 'x1', 'const_1', 'v0'), ('*', 'const_0', 'x6', 'v1'), ('+', 'x7', 'const_0', 'v2'), ('+', 'x6', 'v0', 'v3'), ('//', 'v3', 'x4', 'v4'), ('*', 'x0', 'v2', 'v5'), ('*', 'x3', 'x3', 'v6'), ('*', 'x8', 'x3', 'v7'), ('//', 'v5', 'v4', 'v8'), ('*', 'v8', 'const_0', 'v9')]",None,1024
638,"[('+', 'const_1', 'x1', 'v0'), ('+', 'const_0', 'x8', 'v1'), ('*', 'x7', 'x5', 'v2'), ('*', 'x2', 'v1', 'v3'), ('//', 'v0', 'x8', 'v4'), ('//', 'x8', 'x5', 'v5'), ('+', 'x5', 'x8', 'v6'), ('//', 'const_1', 'v4', 'v7'), ('+', 'v4', 'x4', 'v8'), ('+', 'x8', 'const_0', 'v9')]","(0, 0, 0, 0, 0, 0, 0, 0, 1, 0)",3
639,"[('+', 'const_0', 'x2', 'v0'), ('*', 'x7', 'x8', 'v1'), ('//', 'x1', 'x6', 'v2'), ('*', 'v1', 'x0', 'v3'), ('+', 'x0', 'x6', 'v4'), ('//', 'x6', 'v1', 'v5'), ('//', 'x2', 'x9', 'v6'), ('//', 'x0', 'v0', 'v7'), ('*', 'v4', 'v1', 'v8'), ('*', 'x7', 'x3', 'v9')]","(0, 0, 0, 1, 0, 0, 0, 1, 0, 0)",69
640,"[('+', 'const_1', 'x8', 'v0'), ('//', 'const_1', 'x5', 'v1'), ('//', 'x8', 'x7', 'v2'), ('//', 'x5', 'x9', 'v3'), ('+', 'x3', 'x6', 'v4'), ('+', 'x6', 'x7', 'v5'), ('+', 'x8', 'x7', 'v6'), ('+', 'x8', 'x7', 'v7'), ('*', 'v7', 'x0', 'v8'), ('//', 'x3', 'x8', 'v9')]","(0, 0, 0, 1, 0, 0, 0, 0, 1, 0)",67
641,"[('+', 'x3', 'x7', 'v0'), ('*', 'x1', 'x3', 'v1'), ('+', 'x1', 'x9', 'v2'), ('*', 'x4', 'const_1', 'v3'), ('*', 'x7', 'v3', 'v4'), ('+', 'x5', 'x8', 'v5'), ('//', 'x4', 'v5', 'v6'), ('//', 'x8', 'x3', 'v7'), ('+', 'x7', 'x8', 'v8'), ('*', 'v8', 'v5', 'v9')]","(0, 0, 0, 0, 0, 0, 0, 0, 1, 0)",3
642,"[('*', 'x9', 'x4', 'v0'), ('*', 'x9', 'x2', 'v1'), ('+', 'x5', 'v1', 'v2'), ('+', 'x4', 'x1', 'v3'), ('//', 'const_1', 'x5', 'v4'), ('//', 'x5', 'x0', 'v5'), ('*', 'x5', 'x8', 'v6'), ('*', 'x4', 'x0', 'v7'), ('//', 'x1', 'x4', 'v8'), ('//', 'x3', 'v2', 'v9')]","(0, 0, 0, 1, 0, 1, 0, 0, 0, 0)",81
643,"[('//', 'x0', 'x6', 'v0'), ('*', 'const_1', 'x0', 'v1'), ('//', 'x5', 'x3', 'v2'), ('*', 'x5', 'x5', 'v3'), ('+', 'v0', 'x3', 'v4'), ('//', 'v0', 'v1', 'v5'), ('//', 'v4', 'x3', 'v6'), ('+', 'v0', 'x1', 'v7'), ('*', 'v0', 'x3', 'v8'), ('*', 'v4', 'x3', 'v9')]","(0, 0, 0, 1, 0, 0, 0, 0, 0, 0)",65
644,"[('//', 'x2', 'x5', 'v0'), ('*', 'x9', 'x6', 'v1'), ('//', 'x7', 'x4', 'v2'), ('+', 'x8', 'const_1', 'v3'), ('+', 'v2', 'x9', 'v4'), ('*', 'x6', 'x1', 'v5'), ('//', 'v0', 'x6', 'v6'), ('+', 'x7', 'x2', 'v7'), ('+', 'v3', 'x4', 'v8'), ('*', 'v7', 'v6', 'v9')]","(0, 0, 1, 0, 0, 1, 1, 0, 0, 0)",153
645,"[('//', 'x5', 'x2', 'v0'), ('//', 'const_0', 'x0', 'v1'), ('//', 'x2', 'x1', 'v2'), ('//', 'v0', 'v2', 'v3'), ('*', 'x8', 'v3', 'v4'), ('//', 'x2', 'x3', 'v5'), ('//', 'x3', 'x7', 'v6'), ('//', 'x0', 'x5', 'v7'), ('*', 'x7', 'v2', 'v8'), ('+', 'x5', 'v1', 'v9')]","(0, 0, 0, 0, 0, 1, 0, 0, 0, 0)",17
646,"[('*', 'const_1', 'const_1', 'v0'), ('+', 'x3', 'x9', 'v1'), ('//', 'v0', 'x5', 'v2'), ('*', 'v1', 'x0', 'v3'), ('*', 'x0', 'const_1', 'v4'), ('+', 'v3', 'v3', 'v5'), ('+', 'x2', 'v3', 'v6'), ('+', 'v1', 'x9', 'v7'), ('//', 'x0', 'v3', 'v8'), ('*', 'x4', 'x9', 'v9')]","(0, 0, 0, 0, 1, 0, 0, 0, 0, 1)",34
647,"[('//', 'x8', 'x5', 'v0'), ('+', 'x4', 'x9', 'v1'), ('//', 'x2', 'x6', 'v2'), ('+', 'x7', 'x5', 'v3'), ('*', 'x4', 'const_0', 'v4'), ('//', 'x9', 'x7', 'v5'), ('*', 'v1', 'x8', 'v6'), ('+', 'x9', 'x9', 'v7'), ('*', 'x8', 'x3', 'v8'), ('+', 'v6', 'x2', 'v9')]","(0, 0, 0, 0, 0, 0, 0, 0, 1, 1)",4
648,"[('//', 'x6', 'x0', 'v0'), ('*', 'x9', 'x5', 'v1'), ('+', 'x6', 'x5', 'v2'), ('*', 'x8', 'x1', 'v3'), ('//', 'v0', 'x2', 'v4'), ('+', 'v4', 'x3', 'v5'), ('*', 'v4', 'x6', 'v6'), ('*', 'v6', 'x0', 'v7'), ('+', 'x1', 'v3', 'v8'), ('+', 'v5', 'x4', 'v9')]","(0, 0, 0, 0, 1, 0, 0, 0, 0, 0)",33
649,"[('*', 'x0', 'x8', 'v0'), ('//', 'v0', 'x7', 'v1'), ('+', 'const_0', 'v0', 'v2'), ('//', 'v0', 'const_1', 'v3'), ('+', 'v0', 'v3', 'v4'), ('+', 'v0', 'v3', 'v5'), ('+', 'v3', 'v4', 'v6'), ('//', 'const_1', 'const_1', 'v7'), ('//', 'x1', 'x2', 'v8'), ('//', 'x7', 'v0', 'v9')]","(1, 0, 0, 0, 0, 0, 0, 1, 1, 0)",519
650,"[('*', 'x1', 'x2', 'v0'), ('*', 'const_1', 'x1', 'v1'), ('*', 'x0', 'const_0', 'v2'), ('*', 'const_0', 'x3', 'v3'), ('+', 'x0', 'x6', 'v4'), ('//', 'x8', 'x0', 'v5'), ('+', 'v2', 'v1', 'v6'), ('+', 'v3', 'x9', 'v7'), ('//', 'v1', 'v7', 'v8'), ('*', 'x6', 'x6', 'v9')]","(0, 0, 0, 0, 0, 0, 1, 0, 0, 0)",9
651,"[('+', 'x9', 'x7', 'v0'), ('+', 'const_0', 'const_1', 'v1'), ('*', 'v1', 'x7', 'v2'), ('+', 'x8', 'x3', 'v3'), ('*', 'v3', 'v3', 'v4'), ('*', 'x2', 'x6', 'v5'), ('+', 'v1', 'x6', 'v6'), ('*', 'v2', 'x5', 'v7'), ('*', 'const_0', 'x2', 'v8'), ('*', 'const_0', 'v7', 'v9')]",None,1024
652,"[('+', 'x0', 'const_0', 'v0'), ('+', 'v0', 'x1', 'v1'), ('*', 'v1', 'x2', 'v2'), ('+', 'x3', 'const_1', 'v3'), ('+', 'x5', 'const_1', 'v4'), ('*', 'x6', 'x0', 'v5'), ('+', 'x9', 'v4', 'v6'), ('+', 'x2', 'v0', 'v7'), ('+', 'x6', 'x7', 'v8'), ('//', 'x2', 'x9', 'v9')]","(0, 0, 1, 0, 0, 0, 0, 0, 0, 1)",130
653,"[('*', 'x1', 'x7', 'v0'), ('//', 'x0', 'x5', 'v1'), ('+', 'const_1', 'const_0', 'v2'), ('*', 'x2', 'x3', 'v3'), ('+', 'x0', 'v0', 'v4'), ('*', 'x2', 'x5', 'v5'), ('//', 'x2', 'x4', 'v6'), ('*', 'const_0', 'const_1', 'v7'), ('//', 'v2', 'x8', 'v8'), ('+', 'v5', 'v0', 'v9')]","(0, 0, 1, 0, 0, 1, 0, 0, 0, 0)",145
654,"[('+', 'x7', 'const_0', 'v0'), ('//', 'x0', 'x8', 'v1'), ('//', 'x8', 'x1', 'v2'), ('+', 'v1', 'x8', 'v3'), ('*', 'v3', 'x6', 'v4'), ('+', 'v2', 'const_0', 'v5'), ('*', 'x5', 'x2', 'v6'), ('//', 'x5', 'x0', 'v7'), ('//', 'v3', 'v5', 'v8'), ('+', 'const_0', 'x1', 'v9')]","(0, 1, 0, 0, 0, 0, 0, 0, 0, 0)",257
655,"[('//', 'x4', 'x7', 'v0'), ('*', 'const_1', 'x7', 'v1'), ('*', 'const_1', 'x2', 'v2'), ('//', 'x4', 'x3', 'v3'), ('//', 'x7', 'x7', 'v4'), ('//', 'v3', 'x1', 'v5'), ('+', 'v3', 'v1', 'v6'), ('+', 'x2', 'x5', 'v7'), ('+', 'v0', 'v0', 'v8'), ('*', 'x7', 'v8', 'v9')]","(0, 0, 0, 0, 1, 0, 0, 1, 0, 0)",37
656,"[('//', 'const_0', 'const_1', 'v0'), ('*', 'x0', 'x6', 'v1'), ('//', 'x4', 'x6', 'v2'), ('//', 'const_1', 'x1', 'v3'), ('//', 'x8', 'x4', 'v4'), ('*', 'const_1', 'x0', 'v5'), ('*', 'x9', 'x1', 'v6'), ('+', 'v3', 'v5', 'v7'), ('*', 'x3', 'const_1', 'v8'), ('+', 'v5', 'x6', 'v9')]","(0, 0, 0, 0, 0, 0, 1, 0, 0, 0)",9
657,"[('*', 'const_0', 'x2', 'v0'), ('+', 'x3', 'x2', 'v1'), ('+', 'v1', 'const_1', 'v2'), ('//', 'v2', 'const_1', 'v3'), ('*', 'const_0', 'x6', 'v4'), ('//', 'x1', 'x8', 'v5'), ('+', 'v4', 'x2', 'v6'), ('*', 'v5', 'v5', 'v7'), ('//', 'const_1', 'v4', 'v8'), ('*', 'v0', 'const_0', 'v9')]",None,1024
658,"[('+', 'x3', 'x5', 'v0'), ('*', 'x7', 'const_1', 'v1'), ('//', 'v0', 'const_1', 'v2'), ('//', 'x1', 'x3', 'v3'), ('*', 'v0', 'x5', 'v4'), ('*', 'v0', 'x8', 'v5'), ('//', 'x1', 'v2', 'v6'), ('+', 'x8', 'v0', 'v7'), ('+', 'x1', 'v7', 'v8'), ('//', 'v2', 'v5', 'v9')]","(0, 0, 0, 0, 0, 1, 0, 0, 1, 0)",19
659,"[('*', 'x2', 'x4', 'v0'), ('//', 'v0', 'const_1', 'v1'), ('//', 'x4', 'v0', 'v2'), ('*', 'v0', 'v2', 'v3'), ('//', 'x3', 'const_1', 'v4'), ('//', 'v2', 'x5', 'v5'), ('+', 'x1', 'x5', 'v6'), ('+', 'v2', 'v2', 'v7'), ('+', 'x7', 'x3', 'v8'), ('*', 'x3', 'v6', 'v9')]","(0, 0, 0, 1, 0, 1, 0, 0, 0, 0)",81
660,"[('+', 'x6', 'x9', 'v0'), ('*', 'x2', 'v0', 'v1'), ('//', 'x6', 'x9', 'v2'), ('+', 'x2', 'v1', 'v3'), ('//', 'v1', 'v1', 'v4'), ('//', 'v4', 'v2', 'v5'), ('+', 'x9', 'const_0', 'v6'), ('+', 'x8', 'x6', 'v7'), ('+', 'v2', 'v0', 'v8'), ('//', 'v5', 'v1', 'v9')]",None,1024
661,"[('+', 'x5', 'x9', 'v0'), ('*', 'x1', 'x8', 'v1'), ('+', 'x5', 'x2', 'v2'), ('+', 'v2', 'v0', 'v3'), ('+', 'x9', 'x6', 'v4'), ('//', 'x1', 'x9', 'v5'), ('*', 'v5', 'x9', 'v6'), ('+', 'v0', 'x6', 'v7'), ('//', 'x6', 'x3', 'v8'), ('//', 'x4', 'x6', 'v9')]","(0, 0, 0, 0, 1, 0, 1, 0, 0, 0)",41
662,"[('//', 'x6', 'x7', 'v0'), ('+', 'x9', 'x6', 'v1'), ('+', 'x5', 'x8', 'v2'), ('*', 'const_0', 'x1', 'v3'), ('+', 'x9', 'x5', 'v4'), ('*', 'x7', 'x1', 'v5'), ('*', 'x2', 'x1', 'v6'), ('//', 'x4', 'v6', 'v7'), ('+', 'x5', 'v1', 'v8'), ('+', 'const_0', 'v6', 'v9')]","(0, 1, 1, 0, 0, 0, 0, 0, 0, 0)",385
663,"[('*', 'x1', 'x0', 'v0'), ('*', 'const_0', 'x8', 'v1'), ('*', 'x8', 'x9', 'v2'), ('+', 'x9', 'v0', 'v3'), ('*', 'x3', 'x4', 'v4'), ('+', 'x7', 'x7', 'v5'), ('+', 'x3', 'x5', 'v6'), ('//', 'v0', 'v4', 'v7'), ('//', 'x8', 'x7', 'v8'), ('+', 'x0', 'const_1', 'v9')]","(0, 0, 0, 0, 0, 0, 0, 0, 0, 0)",1
664,"[('//', 'const_1', 'x6', 'v0'), ('+', 'x1', 'v0', 'v1'), ('+', 'const_0', 'x5', 'v2'), ('//', 'x0', 'x3', 'v3'), ('+', 'v2', 'x8', 'v4'), ('*', 'x4', 'x8', 'v5'), ('*', 'x3', 'const_1', 'v6'), ('//', 'const_0', 'x9', 'v7'), ('+', 'v4', 'x3', 'v8'), ('*', 'x9', 'x3', 'v9')]","(0, 0, 0, 1, 0, 0, 0, 0, 0, 1)",66
665,"[('//', 'x0', 'x1', 'v0'), ('//', 'x9', 'x0', 'v1'), ('*', 'x8', 'const_0', 'v2'), ('+', 'const_1', 'const_1', 'v3'), ('*', 'x6', 'const_1', 'v4'), ('+', 'v4', 'x4', 'v5'), ('+', 'x8', 'x9', 'v6'), ('+', 'const_1', 'x8', 'v7'), ('//', 'x7', 'v7', 'v8'), ('+', 'x0', 'x3', 'v9')]","(0, 0, 0, 1, 0, 0, 0, 0, 0, 0)",65
666,"[('+', 'x9', 'x2', 'v0'), ('*', 'x6', 'x3', 'v1'), ('*', 'v1', 'x4', 'v2'), ('+', 'x5', 'x8', 'v3'), ('+', 'x5', 'x2', 'v4'), ('*', 'x0', 'x1', 'v5'), ('+', 'x3', 'x8', 'v6'), ('//', 'x1', 'v1', 'v7'), ('*', 'x4', 'v2', 'v8'), ('//', 'x7', 'x5', 'v9')]","(0, 0, 0, 0, 0, 1, 0, 1, 0, 0)",21
667,"[('*', 'x5', 'x7', 'v0'), ('+', 'const_1', 'x5', 'v1'), ('+', 'x7', 'x3', 'v2'), ('*', 'x7', 'x8', 'v3'), ('//', 'x0', 'x1', 'v4'), ('+', 'v0', 'v3', 'v5'), ('*', 'v5', 'v5', 'v6'), ('*', 'const_1', 'const_0', 'v7'), ('//', 'x3', 'const_1', 'v8'), ('*', 'const_1', 'x4', 'v9')]","(0, 0, 0, 0, 1, 0, 0, 0, 0, 0)",33
668,"[('+', 'const_1', 'const_1', 'v0'), ('//', 'x9', 'x3', 'v1'), ('*', 'x4', 'const_1', 'v2'), ('//', 'x6', 'x1', 'v3'), ('*', 'x9', 'x9', 'v4'), ('+', 'v0', 'x8', 'v5'), ('//', 'v1', 'x7', 'v6'), ('+', 'x5', 'const_0', 'v7'), ('*', 'x9', 'v5', 'v8'), ('+', 'x8', 'x7', 'v9')]","(0, 0, 0, 0, 0, 0, 0, 0, 1, 0)",3
669,"[('+', 'x0', 'x2', 'v0'), ('+', 'x8', 'const_1', 'v1'), ('+', 'const_1', 'v1', 'v2'), ('+', 'x4', 'v2', 'v3'), ('+', 'x8', 'x2', 'v4'), ('+', 'x0', 'x4', 'v5'), ('*', 'x6', 'v1', 'v6'), ('*', 'x2', 'x4', 'v7'), ('*', 'v0', 'x0', 'v8'), ('*', 'x1', 'x6', 'v9')]","(0, 1, 0, 0, 0, 0, 1, 0, 0, 0)",265
670,"[('*', 'const_1', 'x2', 'v0'), ('//', 'x1', 'x4', 'v1'), ('//', 'x3', 'x7', 'v2'), ('//', 'x1', 'x1', 'v3'), ('//', 'x4', 'x1', 'v4'), ('+', 'x7', 'x7', 'v5'), ('*', 'x4', 'x9', 'v6'), ('+', 'v3', 'x9', 'v7'), ('*', 'const_1', 'x5', 'v8'), ('+', 'x4', 'x9', 'v9')]","(0, 0, 0, 0, 0, 0, 0, 0, 0, 1)",2
671,"[('*', 'x3', 'x1', 'v0'), ('//', 'x9', 'v0', 'v1'), ('//', 'x7', 'x9', 'v2'), ('+', 'x0', 'x5', 'v3'), ('+', 'x5', 'v3', 'v4'), ('+', 'x0', 'x6', 'v5'), ('*', 'v2', 'x5', 'v6'), ('+', 'const_0', 'const_1', 'v7'), ('//', 'v7', 'v1', 'v8'), ('+', 'v7', 'v4', 'v9')]","(0, 0, 0, 0, 0, 0, 0, 0, 0, 0)",1
672,"[('//', 'x5', 'x3', 'v0'), ('//', 'x5', 'x0', 'v1'), ('*', 'x9', 'x2', 'v2'), ('+', 'x0', 'x0', 'v3'), ('+', 'x2', 'v3', 'v4'), ('//', 'x9', 'x5', 'v5'), ('+', 'v5', 'const_0', 'v6'), ('//', 'v3', 'x3', 'v7'), ('//', 'x9', 'v5', 'v8'), ('+', 'v4', 'x1', 'v9')]","(0, 0, 1, 0, 0, 0, 0, 0, 0, 0)",129
673,"[('+', 'x7', 'x7', 'v0'), ('//', 'x5', 'x0', 'v1'), ('*', 'x4', 'v1', 'v2'), ('//', 'v2', 'x9', 'v3'), ('//', 'v3', 'const_1', 'v4'), ('+', 'v3', 'v1', 'v5'), ('//', 'const_1', 'x2', 'v6'), ('+', 'const_1', 'x3', 'v7'), ('+', 'x2', 'const_0', 'v8'), ('+', 'x3', 'v5', 'v9')]","(0, 0, 0, 1, 0, 0, 0, 0, 0, 0)",65
674,"[('//', 'x4', 'x1', 'v0'), ('+', 'v0', 'v0', 'v1'), ('*', 'x5', 'const_0', 'v2'), ('+', 'const_0', 'x9', 'v3'), ('*', 'v3', 'const_0', 'v4'), ('//', 'x5', 'x9', 'v5'), ('//', 'v5', 'x6', 'v6'), ('//', 'x4', 'x1', 'v7'), ('+', 'v5', 'x5', 'v8'), ('//', 'const_1', 'x7', 'v9')]","(0, 0, 0, 0, 0, 0, 0, 1, 0, 0)",5
675,"[('*', 'x4', 'x0', 'v0'), ('//', 'x7', 'x5', 'v1'), ('+', 'v0', 'x3', 'v2'), ('//', 'x9', 'x0', 'v3'), ('//', 'x4', 'x2', 'v4'), ('//', 'x9', 'v1', 'v5'), ('+', 'x4', 'x2', 'v6'), ('//', 'const_0', 'x0', 'v7'), ('//', 'x5', 'const_1', 'v8'), ('//', 'v1', 'v6', 'v9')]","(0, 0, 0, 0, 1, 1, 0, 1, 0, 0)",53
676,"[('//', 'x2', 'x6', 'v0'), ('+', 'v0', 'x3', 'v1'), ('//', 'x5', 'x1', 'v2'), ('*', 'x3', 'x5', 'v3'), ('//', 'x4', 'x1', 'v4'), ('+', 'v4', 'x3', 'v5'), ('+', 'x9', 'x5', 'v6'), ('*', 'const_0', 'x6', 'v7'), ('//', 'v2', 'v2', 'v8'), ('//', 'x9', 'x6', 'v9')]","(0, 0, 0, 0, 0, 0, 1, 0, 0, 1)",10
677,"[('+', 'x8', 'x0', 'v0'), ('//', 'x8', 'x1', 'v1'), ('*', 'x2', 'x7', 'v2'), ('+', 'v2', 'x7', 'v3'), ('//', 'v0', 'x9', 'v4'), ('*', 'x0', 'x5', 'v5'), ('//', 'const_0', 'x8', 'v6'), ('//', 'x2', 'x2', 'v7'), ('//', 'x4', 'v1', 'v8'), ('//', 'v1', 'v6', 'v9')]",None,1024
678,"[('//', 'x5', 'x5', 'v0'), ('//', 'x3', 'x5', 'v1'), ('*', 'x8', 'x7', 'v2'), ('+', 'x4', 'x7', 'v3'), ('//', 'const_0', 'x8', 'v4'), ('//', 'x3', 'x2', 'v5'), ('//', 'v3', 'x4', 'v6'), ('*', 'x4', 'x4', 'v7'), ('*', 'v5', 'x4', 'v8'), ('+', 'v3', 'v5', 'v9')]","(0, 0, 0, 0, 0, 0, 0, 1, 0, 0)",5
679,"[('*', 'x1', 'x4', 'v0'), ('+', 'x0', 'x0', 'v1'), ('*', 'x1', 'x0', 'v2'), ('+', 'x0', 'const_1', 'v3'), ('//', 'x6', 'x3', 'v4'), ('//', 'x3', 'v0', 'v5'), ('//', 'const_1', 'x0', 'v6'), ('*', 'v5', 'x2', 'v7'), ('//', 'v4', 'const_1', 'v8'), ('+', 'x7', 'const_0', 'v9')]","(0, 0, 0, 0, 0, 0, 0, 1, 0, 0)",5
680,"[('//', 'x6', 'x4', 'v0'), ('*', 'x0', 'x2', 'v1'), ('*', 'x6', 'x6', 'v2'), ('*', 'const_1', 'v0', 'v3'), ('+', 'v2', 'x7', 'v4'), ('+', 'x3', 'x5', 'v5'), ('//', 'v5', 'x6', 'v6'), ('*', 'v1', 'v1', 'v7'), ('*', 'x7', 'v5', 'v8'), ('+', 'x9', 'v5', 'v9')]","(0, 0, 0, 0, 0, 0, 0, 0, 0, 1)",2
681,"[('+', 'x2', 'x3', 'v0'), ('+', 'x4', 'x1', 'v1'), ('+', 'x9', 'const_1', 'v2'), ('//', 'x1', 'x0', 'v3'), ('*', 'x2', 'x2', 'v4'), ('*', 'x6', 'x3', 'v5'), ('//', 'v1', 'x4', 'v6'), ('*', 'x4', 'x0', 'v7'), ('*', 'v1', 'x4', 'v8'), ('//', 'x2', 'v0', 'v9')]","(0, 0, 1, 0, 0, 0, 0, 0, 0, 0)",129
682,"[('*', 'x4', 'const_0', 'v0'), ('*', 'x4', 'const_0', 'v1'), ('+', 'x9', 'v1', 'v2'), ('+', 'x8', 'x3', 'v3'), ('//', 'v0', 'const_1', 'v4'), ('+', 'const_0', 'const_1', 'v5'), ('*', 'v1', 'x9', 'v6'), ('*', 'v6', 'x2', 'v7'), ('*', 'v6', 'v2', 'v8'), ('//', 'const_1', 'v2', 'v9')]","(0, 0, 0, 0, 0, 0, 0, 0, 0, 1)",2
683,"[('//', 'x3', 'x8', 'v0'), ('//', 'const_1', 'x5', 'v1'), ('*', 'x4', 'x8', 'v2'), ('+', 'v2', 'x2', 'v3'), ('*', 'x9', 'x8', 'v4'), ('*', 'v3', 'x2', 'v5'), ('//', 'x0', 'x6', 'v6'), ('+', 'x5', 'x3', 'v7'), ('*', 'v3', 'x5', 'v8'), ('*', 'x8', 'v3', 'v9')]","(0, 0, 0, 0, 1, 0, 0, 0, 1, 0)",35
684,"[('//', 'x6', 'x8', 'v0'), ('+', 'x1', 'x0', 'v1'), ('//', 'x3', 'x4', 'v2'), ('*', 'x1', 'x7', 'v3'), ('//', 'v1', 'x4', 'v4'), ('+', 'x3', 'x9', 'v5'), ('*', 'x2', 'x6', 'v6'), ('+', 'x3', 'v4', 'v7'), ('+', 'x9', 'x0', 'v8'), ('+', 'v0', 'v1', 'v9')]","(0, 0, 0, 0, 0, 0, 1, 0, 1, 0)",11
685,"[('+', 'x3', 'x9', 'v0'), ('//', 'x2', 'const_1', 'v1'), ('+', 'const_0', 'const_0', 'v2'), ('*', 'v2', 'x2', 'v3'), ('*', 'v2', 'x2', 'v4'), ('*', 'x3', 'v4', 'v5'), ('//', 'const_1', 'x5', 'v6'), ('+', 'x0', 'v4', 'v7'), ('+', 'v2', 'x8', 'v8'), ('//', 'x4', 'v2', 'v9')]",None,1024
686,"[('+', 'x8', 'x8', 'v0'), ('//', 'x4', 'x3', 'v1'), ('*', 'x2', 'x3', 'v2'), ('+', 'x8', 'const_1', 'v3'), ('+', 'const_0', 'x9', 'v4'), ('//', 'const_1', 'v4', 'v5'), ('//', 'v3', 'v4', 'v6'), ('//', 'x1', 'const_1', 'v7'), ('*', 'x4', 'const_0', 'v8'), ('+', 'const_1', 'v4', 'v9')]","(0, 0, 0, 0, 0, 0, 0, 0, 0, 0)",1
687,"[('+', 'x6', 'x6', 'v0'), ('*', 'x5', 'x5', 'v1'), ('//', 'x7', 'x1', 'v2'), ('+', 'v2', 'x8', 'v3'), ('*', 'x9', 'x7', 'v4'), ('+', 'v4', 'x7', 'v5'), ('//', 'x0', 'x7', 'v6'), ('+', 'x4', 'x4', 'v7'), ('//', 'v7', 'x4', 'v8'), ('*', 'x0', 'x4', 'v9')]","(1, 0, 0, 0, 1, 0, 0, 0, 0, 0)",545
688,"[('//', 'x2', 'x6', 'v0'), ('+', 'x1', 'const_0', 'v1'), ('*', 'x0', 'x8', 'v2'), ('*', 'x6', 'x3', 'v3'), ('+', 'x6', 'x5', 'v4'), ('//', 'x2', 'x4', 'v5'), ('//', 'x2', 'x8', 'v6'), ('+', 'x7', 'v5', 'v7'), ('//', 'const_1', 'v1', 'v8'), ('//', 'v6', 'x4', 'v9')]","(0, 0, 1, 0, 1, 0, 0, 0, 1, 0)",163
689,"[('*', 'x4', 'x0', 'v0'), ('+', 'x7', 'const_0', 'v1'), ('*', 'x9', 'const_1', 'v2'), ('*', 'x9', 'x2', 'v3'), ('*', 'v0', 'const_0', 'v4'), ('*', 'x9', 'x5', 'v5'), ('//', 'v4', 'x6', 'v6'), ('+', 'v0', 'x3', 'v7'), ('+', 'v1', 'x8', 'v8'), ('*', 'x9', 'v5', 'v9')]","(0, 0, 0, 0, 0, 1, 0, 0, 0, 1)",18
690,"[('*', 'x7', 'x4', 'v0'), ('//', 'x8', 'x0', 'v1'), ('//', 'x4', 'x2', 'v2'), ('*', 'x0', 'v0', 'v3'), ('//', 'v3', 'x0', 'v4'), ('*', 'const_0', 'x7', 'v5'), ('*', 'v1', 'const_1', 'v6'), ('//', 'x3', 'x5', 'v7'), ('*', 'x0', 'x6', 'v8'), ('*', 'v0', 'x3', 'v9')]","(0, 0, 0, 1, 1, 0, 0, 1, 0, 0)",101
691,"[('+', 'x5', 'x3', 'v0'), ('*', 'x4', 'x7', 'v1'), ('+', 'v1', 'const_1', 'v2'), ('//', 'x1', 'v2', 'v3'), ('+', 'x3', 'const_0', 'v4'), ('//', 'x4', 'x2', 'v5'), ('//', 'x1', 'v1', 'v6'), ('+', 'const_0', 'x5', 'v7'), ('*', 'x9', 'const_0', 'v8'), ('*', 'x7', 'x0', 'v9')]","(1, 0, 0, 0, 0, 0, 0, 1, 0, 0)",517
692,"[('+', 'x7', 'x7', 'v0'), ('*', 'x2', 'x3', 'v1'), ('+', 'v1', 'v1', 'v2'), ('//', 'x0', 'const_1', 'v3'), ('*', 'x7', 'v3', 'v4'), ('*', 'x6', 'v4', 'v5'), ('*', 'const_0', 'x7', 'v6'), ('+', 'v3', 'x0', 'v7'), ('//', 'x3', 'v7', 'v8'), ('//', 'v4', 'const_1', 'v9')]","(1, 0, 0, 0, 0, 0, 0, 1, 0, 0)",517
693,"[('*', 'x0', 'const_1', 'v0'), ('//', 'x2', 'x8', 'v1'), ('*', 'x9', 'v0', 'v2'), ('*', 'const_1', 'x3', 'v3'), ('//', 'x6', 'x7', 'v4'), ('//', 'x6', 'v4', 'v5'), ('*', 'x3', 'x5', 'v6'), ('*', 'v3', 'const_0', 'v7'), ('*', 'x4', 'x3', 'v8'), ('*', 'const_1', 'x5', 'v9')]","(0, 0, 0, 0, 0, 1, 0, 0, 0, 0)",17
694,"[('+', 'x6', 'x0', 'v0'), ('//', 'x5', 'x7', 'v1'), ('+', 'v0', 'const_0', 'v2'), ('*', 'const_0', 'const_1', 'v3'), ('+', 'x3', 'v0', 'v4'), ('*', 'x3', 'const_1', 'v5'), ('+', 'v4', 'v4', 'v6'), ('//', 'v0', 'x1', 'v7'), ('+', 'v3', 'v1', 'v8'), ('*', 'v6', 'v3', 'v9')]",None,1024
695,"[('*', 'const_1', 'x0', 'v0'), ('+', 'x5', 'x9', 'v1'), ('+', 'x3', 'x7', 'v2'), ('//', 'x6', 'x1', 'v3'), ('*', 'x8', 'const_1', 'v4'), ('//', 'v1', 'x0', 'v5'), ('//', 'x0', 'x9', 'v6'), ('+', 'v6', 'x0', 'v7'), ('//', 'v7', 'v2', 'v8'), ('+', 'v4', 'v8', 'v9')]","(0, 0, 0, 0, 0, 0, 0, 0, 1, 0)",3
696,"[('*', 'const_1', 'x4', 'v0'), ('+', 'x4', 'const_1', 'v1'), ('*', 'v0', 'x4', 'v2'), ('*', 'x2', 'v0', 'v3'), ('+', 'v3', 'v2', 'v4'), ('+', 'const_1', 'x3', 'v5'), ('//', 'v0', 'v1', 'v6'), ('//', 'v0', 'x1', 'v7'), ('*', 'v0', 'x5', 'v8'), ('+', 'x7', 'x1', 'v9')]","(0, 0, 0, 0, 0, 0, 0, 1, 0, 0)",5
697,"[('*', 'x5', 'const_0', 'v0'), ('//', 'x3', 'const_1', 'v1'), ('+', 'x4', 'x3', 'v2'), ('*', 'v1', 'x6', 'v3'), ('*', 'x9', 'x6', 'v4'), ('+', 'const_1', 'x0', 'v5'), ('+', 'v3', 'x9', 'v6'), ('+', 'const_0', 'v1', 'v7'), ('+', 'x6', 'v0', 'v8'), ('+', 'v6', 'const_1', 'v9')]","(0, 0, 0, 0, 0, 0, 0, 0, 0, 0)",1
698,"[('*', 'const_1', 'x5', 'v0'), ('//', 'x5', 'v0', 'v1'), ('+', 'x7', 'x3', 'v2'), ('+', 'const_0', 'x1', 'v3'), ('*', 'x4', 'v3', 'v4'), ('*', 'const_0', 'x3', 'v5'), ('+', 'x3', 'v4', 'v6'), ('*', 'x8', 'x3', 'v7'), ('//', 'x6', 'x9', 'v8'), ('//', 'v2', 'x5', 'v9')]","(0, 0, 0, 0, 0, 1, 0, 1, 0, 0)",21
699,"[('//', 'x1', 'x7', 'v0'), ('*', 'const_0', 'x2', 'v1'), ('+', 'x0', 'const_1', 'v2'), ('+', 'v1', 'x2', 'v3'), ('//', 'x2', 'x4', 'v4'), ('//', 'x1', 'v3', 'v5'), ('//', 'v5', 'x8', 'v6'), ('//', 'x2', 'x2', 'v7'), ('//', 'v7', 'x7', 'v8'), ('*', 'const_1', 'x6', 'v9')]","(0, 0, 0, 0, 0, 0, 1, 0, 0, 0)",9
700,"[('//', 'x0', 'x6', 'v0'), ('//', 'x7', 'x2', 'v1'), ('*', 'x7', 'const_1', 'v2'), ('*', 'const_0', 'const_1', 'v3'), ('*', 'x7', 'const_1', 'v4'), ('//', 'x3', 'x8', 'v5'), ('+', 'x6', 'x4', 'v6'), ('*', 'x7', 'v5', 'v7'), ('+', 'v0', 'v0', 'v8'), ('+', 'const_0', 'x9', 'v9')]","(0, 0, 0, 0, 0, 0, 0, 0, 0, 1)",2
701,"[('+', 'x6', 'x1', 'v0'), ('+', 'const_0', 'x4', 'v1'), ('//', 'x6', 'x6', 'v2'), ('+', 'const_1', 'v2', 'v3'), ('+', 'x6', 'x6', 'v4'), ('*', 'const_0', 'const_1', 'v5'), ('*', 'x1', 'x2', 'v6'), ('//', 'x7', 'x8', 'v7'), ('*', 'x6', 'x8', 'v8'), ('*', 'x2', 'v4', 'v9')]","(0, 0, 1, 0, 0, 0, 1, 0, 0, 0)",137
702,"[('*', 'const_0', 'x4', 'v0'), ('//', 'x6', 'x1', 'v1'), ('*', 'x8', 'const_0', 'v2'), ('*', 'x4', 'x2', 'v3'), ('+', 'x6', 'x8', 'v4'), ('+', 'v0', 'v3', 'v5'), ('+', 'x6', 'x9', 'v6'), ('//', 'x3', 'v3', 'v7'), ('//', 'v2', 'v5', 'v8'), ('//', 'const_1', 'v3', 'v9')]","(0, 0, 1, 0, 1, 0, 0, 0, 0, 0)",161
703,"[('*', 'x4', 'const_1', 'v0'), ('+', 'x2', 'x7', 'v1'), ('*', 'x9', 'const_0', 'v2'), ('+', 'x5', 'x3', 'v3'), ('+', 'x3', 'x6', 'v4'), ('//', 'v2', 'x0', 'v5'), ('//', 'x0', 'x1', 'v6'), ('//', 'x6', 'const_1', 'v7'), ('*', 'v3', 'const_0', 'v8'), ('//', 'x8', 'v2', 'v9')]",None,1024
704,"[('//', 'x4', 'x6', 'v0'), ('//', 'x1', 'x1', 'v1'), ('//', 'v1', 'x8', 'v2'), ('*', 'x9', 'x1', 'v3'), ('+', 'x5', 'x7', 'v4'), ('//', 'v1', 'x2', 'v5'), ('*', 'x9', 'const_1', 'v6'), ('*', 'const_1', 'const_1', 'v7'), ('//', 'v4', 'v3', 'v8'), ('*', 'const_0', 'x6', 'v9')]",None,1024
705,"[('//', 'x7', 'x2', 'v0'), ('+', 'x9', 'x4', 'v1'), ('+', 'x2', 'const_1', 'v2'), ('+', 'v0', 'x8', 'v3'), ('+', 'v0', 'x6', 'v4'), ('+', 'x0', 'const_0', 'v5'), ('*', 'x9', 'x0', 'v6'), ('//', 'x4', 'v1', 'v7'), ('+', 'v0', 'x3', 'v8'), ('*', 'v3', 'x4', 'v9')]","(0, 0, 0, 0, 1, 0, 0, 0, 1, 0)",35
706,"[('+', 'x5', 'x0', 'v0'), ('//', 'x9', 'x9', 'v1'), ('*', 'x0', 'x1', 'v2'), ('//', 'x4', 'x1', 'v3'), ('*', 'const_1', 'x1', 'v4'), ('+', 'x5', 'x4', 'v5'), ('//', 'x1', 'v0', 'v6'), ('*', 'x2', 'x2', 'v7'), ('+', 'x5', 'x8', 'v8'), ('+', 'x5', 'v3', 'v9')]","(0, 0, 0, 0, 0, 1, 0, 0, 0, 0)",17
707,"[('+', 'x6', 'x6', 'v0'), ('*', 'x8', 'x9', 'v1'), ('*', 'x2', 'const_1', 'v2'), ('//', 'x7', 'x7', 'v3'), ('*', 'const_0', 'x5', 'v4'), ('+', 'v3', 'v0', 'v5'), ('*', 'v5', 'x8', 'v6'), ('+', 'v4', 'x2', 'v7'), ('//', 'x0', 'x2', 'v8'), ('+', 'v5', 'const_1', 'v9')]","(0, 0, 0, 0, 0, 0, 0, 0, 0, 0)",1
708,"[('//', 'x1', 'x2', 'v0'), ('*', 'const_0', 'x6', 'v1'), ('//', 'x2', 'const_1', 'v2'), ('//', 'x3', 'x4', 'v3'), ('//', 'x5', 'const_1', 'v4'), ('+', 'x8', 'x1', 'v5'), ('//', 'x2', 'x7', 'v6'), ('//', 'x3', 'x0', 'v7'), ('*', 'x8', 'x3', 'v8'), ('*', 'x6', 'v6', 'v9')]","(0, 0, 1, 0, 0, 0, 1, 1, 0, 0)",141
709,"[('//', 'x7', 'const_1', 'v0'), ('+', 'x7', 'v0', 'v1'), ('*', 'x1', 'x1', 'v2'), ('//', 'x1', 'v0', 'v3'), ('+', 'x5', 'v3', 'v4'), ('//', 'x0', 'x7', 'v5'), ('//', 'x0', 'v4', 'v6'), ('+', 'x3', 'v1', 'v7'), ('+', 'v1', 'x7', 'v8'), ('*', 'const_0', 'x1', 'v9')]",None,1024
710,"[('+', 'x5', 'x0', 'v0'), ('*', 'x4', 'x4', 'v1'), ('*', 'x2', 'x1', 'v2'), ('+', 'x8', 'x7', 'v3'), ('//', 'x2', 'x0', 'v4'), ('*', 'x0', 'x3', 'v5'), ('+', 'x2', 'const_0', 'v6'), ('+', 'x2', 'x8', 'v7'), ('*', 'x3', 'v6', 'v8'), ('//', 'x0', 'v3', 'v9')]","(1, 0, 0, 0, 0, 0, 0, 0, 1, 0)",515
711,"[('+', 'x7', 'x5', 'v0'), ('+', 'x2', 'x9', 'v1'), ('//', 'x5', 'x3', 'v2'), ('*', 'v1', 'x4', 'v3'), ('+', 'x0', 'const_0', 'v4'), ('*', 'x4', 'x5', 'v5'), ('+', 'x8', 'x3', 'v6'), ('//', 'const_1', 'v5', 'v7'), ('//', 'const_1', 'v0', 'v8'), ('+', 'v4', 'x3', 'v9')]","(0, 0, 0, 1, 0, 0, 0, 0, 0, 0)",65
712,"[('+', 'x1', 'x8', 'v0'), ('//', 'x4', 'x0', 'v1'), ('*', 'x2', 'x0', 'v2'), ('+', 'v0', 'x4', 'v3'), ('*', 'const_0', 'const_0', 'v4'), ('//', 'const_0', 'x1', 'v5'), ('+', 'x8', 'v3', 'v6'), ('*', 'x0', 'x2', 'v7'), ('*', 'v6', 'v1', 'v8'), ('+', 'v4', 'x9', 'v9')]","(0, 0, 0, 0, 0, 0, 0, 0, 0, 1)",2
713,"[('+', 'const_0', 'x9', 'v0'), ('*', 'x5', 'x1', 'v1'), ('//', 'x6', 'x5', 'v2'), ('*', 'x7', 'const_0', 'v3'), ('//', 'x3', 'x7', 'v4'), ('//', 'x5', 'x3', 'v5'), ('//', 'x9', 'v1', 'v6'), ('//', 'const_1', 'v2', 'v7'), ('*', 'x0', 'x4', 'v8'), ('//', 'x8', 'x0', 'v9')]","(1, 0, 0, 0, 0, 0, 0, 0, 1, 0)",515
714,"[('//', 'x9', 'x4', 'v0'), ('*', 'x7', 'x7', 'v1'), ('*', 'x5', 'x0', 'v2'), ('*', 'x5', 'x0', 'v3'), ('*', 'const_0', 'x6', 'v4'), ('*', 'x9', 'v4', 'v5'), ('//', 'x9', 'x8', 'v6'), ('*', 'x7', 'v0', 'v7'), ('//', 'v0', 'x0', 'v8'), ('*', 'x3', 'v8', 'v9')]","(1, 0, 0, 1, 1, 0, 0, 0, 0, 1)",610
715,"[('//', 'x1', 'x8', 'v0'), ('+', 'x6', 'x6', 'v1'), ('//', 'const_1', 'x1', 'v2'), ('+', 'x1', 'const_1', 'v3'), ('*', 'x4', 'x2', 'v4'), ('+', 'x3', 'v1', 'v5'), ('*', 'v1', 'v3', 'v6'), ('//', 'x0', 'v0', 'v7'), ('//', 'x1', 'x4', 'v8'), ('*', 'v3', 'v6', 'v9')]","(0, 0, 0, 0, 0, 0, 1, 0, 0, 0)",9
716,"[('*', 'const_1', 'x1', 'v0'), ('+', 'const_0', 'x5', 'v1'), ('+', 'v1', 'v1', 'v2'), ('*', 'x4', 'x4', 'v3'), ('+', 'x7', 'x5', 'v4'), ('//', 'x5', 'x0', 'v5'), ('//', 'v3', 'v1', 'v6'), ('+', 'x0', 'v3', 'v7'), ('*', 'v3', 'x9', 'v8'), ('+', 'x7', 'v6', 'v9')]","(0, 0, 0, 0, 0, 0, 0, 1, 0, 0)",5
717,"[('//', 'x5', 'x5', 'v0'), ('*', 'x7', 'x4', 'v1'), ('*', 'x9', 'x5', 'v2'), ('//', 'x9', 'const_1', 'v3'), ('*', 'x0', 'v1', 'v4'), ('+', 'x3', 'x7', 'v5'), ('//', 'v5', 'x4', 'v6'), ('//', 'x2', 'x5', 'v7'), ('//', 'x2', 'v1', 'v8'), ('*', 'v0', 'x0', 'v9')]","(1, 0, 0, 0, 0, 1, 0, 0, 0, 0)",529
718,"[('*', 'x8', 'const_1', 'v0'), ('+', 'const_1', 'x4', 'v1'), ('*', 'v0', 'x5', 'v2'), ('+', 'x2', 'x3', 'v3'), ('*', 'x7', 'x7', 'v4'), ('//', 'x0', 'x7', 'v5'), ('*', 'x3', 'x2', 'v6'), ('+', 'x8', 'x4', 'v7'), ('*', 'v2', 'x8', 'v8'), ('+', 'x6', 'v5', 'v9')]","(0, 0, 0, 0, 0, 0, 1, 0, 0, 0)",9
719,"[('//', 'x9', 'x6', 'v0'), ('//', 'x9', 'x4', 'v1'), ('*', 'v1', 'const_1', 'v2'), ('+', 'x4', 'const_1', 'v3'), ('*', 'x1', 'const_1', 'v4'), ('//', 'v4', 'x1', 'v5'), ('*', 'x2', 'x1', 'v6'), ('+', 'x1', 'v6', 'v7'), ('//', 'v7', 'x2', 'v8'), ('//', 'v8', 'v0', 'v9')]","(0, 1, 1, 0, 0, 0, 1, 0, 0, 1)",394
720,"[('*', 'const_0', 'x7', 'v0'), ('//', 'x2', 'x2', 'v1'), ('//', 'x4', 'x7', 'v2'), ('*', 'v2', 'x3', 'v3'), ('//', 'v0', 'x2', 'v4'), ('//', 'v2', 'v1', 'v5'), ('+', 'v2', 'x3', 'v6'), ('+', 'x2', 'v6', 'v7'), ('*', 'x1', 'x2', 'v8'), ('//', 'x3', 'x1', 'v9')]","(0, 1, 0, 1, 0, 0, 0, 0, 0, 0)",321
721,"[('+', 'const_1', 'const_1', 'v0'), ('*', 'x6', 'x8', 'v1'), ('//', 'x5', 'const_1', 'v2'), ('*', 'v2', 'const_0', 'v3'), ('+', 'const_0', 'v1', 'v4'), ('//', 'v3', 'x3', 'v5'), ('*', 'v2', 'v0', 'v6'), ('+', 'x3', 'v2', 'v7'), ('//', 'x3', 'x7', 'v8'), ('//', 'v6', 'x2', 'v9')]","(0, 0, 1, 0, 0, 1, 0, 0, 0, 0)",145
722,"[('*', 'x3', 'x0', 'v0'), ('*', 'x1', 'const_0', 'v1'), ('//', 'const_0', 'x4', 'v2'), ('//', 'x3', 'x0', 'v3'), ('//', 'v3', 'x6', 'v4'), ('//', 'const_0', 'x6', 'v5'), ('//', 'v0', 'x4', 'v6'), ('+', 'x3', 'x2', 'v7'), ('//', 'v7', 'x8', 'v8'), ('//', 'v0', 'x0', 'v9')]","(1, 0, 0, 1, 0, 0, 0, 0, 0, 0)",577
723,"[('//', 'x7', 'x8', 'v0'), ('*', 'const_1', 'const_1', 'v1'), ('+', 'x1', 'x3', 'v2'), ('//', 'x9', 'x4', 'v3'), ('*', 'x9', 'v3', 'v4'), ('//', 'v4', 'const_1', 'v5'), ('*', 'x6', 'const_0', 'v6'), ('//', 'v0', 'x6', 'v7'), ('*', 'const_1', 'v5', 'v8'), ('+', 'v4', 'x8', 'v9')]","(0, 0, 0, 0, 0, 0, 0, 0, 1, 0)",3
724,"[('*', 'x2', 'x9', 'v0'), ('*', 'x7', 'x9', 'v1'), ('+', 'x2', 'x4', 'v2'), ('+', 'const_1', 'x1', 'v3'), ('*', 'x8', 'x7', 'v4'), ('//', 'x6', 'x5', 'v5'), ('*', 'v1', 'x5', 'v6'), ('*', 'const_1', 'x2', 'v7'), ('*', 'v0', 'x7', 'v8'), ('//', 'x7', 'v4', 'v9')]","(0, 0, 0, 0, 0, 0, 0, 1, 1, 0)",7
725,"[('+', 'const_0', 'x4', 'v0'), ('*', 'x2', 'x1', 'v1'), ('//', 'x6', 'x8', 'v2'), ('*', 'x9', 'v0', 'v3'), ('+', 'x2', 'x5', 'v4'), ('+', 'v4', 'v1', 'v5'), ('+', 'v3', 'x8', 'v6'), ('+', 'x5', 'v5', 'v7'), ('*', 'v0', 'v4', 'v8'), ('//', 'v4', 'v8', 'v9')]","(0, 0, 0, 0, 1, 1, 0, 0, 0, 0)",49
726,"[('*', 'x1', 'x8', 'v0'), ('+', 'x5', 'const_1', 'v1'), ('+', 'const_1', 'v1', 'v2'), ('+', 'x4', 'v2', 'v3'), ('+', 'const_1', 'const_1', 'v4'), ('+', 'const_0', 'x5', 'v5'), ('//', 'const_0', 'x9', 'v6'), ('+', 'const_0', 'v2', 'v7'), ('+', 'x0', 'v2', 'v8'), ('*', 'x1', 'v6', 'v9')]",None,1024
727,"[('//', 'x2', 'x1', 'v0'), ('//', 'x5', 'x6', 'v1'), ('*', 'v0', 'x2', 'v2'), ('*', 'v0', 'x4', 'v3'), ('//', 'v2', 'const_1', 'v4'), ('+', 'x0', 'x9', 'v5'), ('+', 'v2', 'x2', 'v6'), ('//', 'v2', 'x5', 'v7'), ('*', 'const_0', 'const_1', 'v8'), ('*', 'x5', 'x9', 'v9')]","(0, 0, 0, 0, 0, 1, 0, 0, 0, 1)",18
728,"[('+', 'x1', 'x1', 'v0'), ('*', 'x0', 'x3', 'v1'), ('*', 'x5', 'x2', 'v2'), ('//', 'x9', 'v2', 'v3'), ('*', 'v2', 'v3', 'v4'), ('//', 'x1', 'x6', 'v5'), ('+', 'x7', 'x1', 'v6'), ('*', 'const_0', 'x1', 'v7'), ('+', 'const_1', 'v3', 'v8'), ('//', 'x7', 'v5', 'v9')]","(0, 1, 0, 0, 0, 0, 1, 1, 0, 0)",269
729,"[('+', 'x7', 'x6', 'v0'), ('+', 'x5', 'const_0', 'v1'), ('//', 'const_0', 'x5', 'v2'), ('//', 'v1', 'x1', 'v3'), ('//', 'x9', 'x6', 'v4'), ('+', 'x0', 'x6', 'v5'), ('*', 'v1', 'x7', 'v6'), ('+', 'const_1', 'const_0', 'v7'), ('*', 'x0', 'v3', 'v8'), ('*', 'x8', 'v0', 'v9')]","(0, 0, 0, 0, 0, 0, 0, 1, 1, 0)",7
730,"[('*', 'x6', 'x1', 'v0'), ('*', 'x4', 'const_0', 'v1'), ('*', 'v0', 'x7', 'v2'), ('*', 'v1', 'x4', 'v3'), ('*', 'x2', 'x1', 'v4'), ('*', 'x0', 'v4', 'v5'), ('*', 'x9', 'x1', 'v6'), ('*', 'x7', 'x7', 'v7'), ('//', 'x7', 'const_1', 'v8'), ('*', 'x3', 'v7', 'v9')]","(0, 0, 0, 1, 0, 0, 0, 1, 0, 0)",69
731,"[('//', 'x4', 'x9', 'v0'), ('//', 'x8', 'const_1', 'v1'), ('*', 'v0', 'v1', 'v2'), ('+', 'x1', 'x4', 'v3'), ('+', 'v2', 'v2', 'v4'), ('*', 'v2', 'x6', 'v5'), ('*', 'x1', 'x0', 'v6'), ('+', 'v4', 'x9', 'v7'), ('+', 'x2', 'x3', 'v8'), ('+', 'v7', 'v4', 'v9')]","(0, 0, 0, 0, 0, 0, 0, 0, 0, 1)",2
732,"[('//', 'x7', 'const_1', 'v0'), ('+', 'x7', 'x9', 'v1'), ('//', 'x6', 'x2', 'v2'), ('+', 'x5', 'x4', 'v3'), ('*', 'x5', 'x3', 'v4'), ('+', 'x0', 'v1', 'v5'), ('+', 'x6', 'x5', 'v6'), ('*', 'const_0', 'x0', 'v7'), ('//', 'v0', 'v6', 'v8'), ('*', 'v4', 'x3', 'v9')]","(0, 0, 0, 1, 0, 1, 0, 0, 0, 0)",81
733,"[('//', 'x2', 'x8', 'v0'), ('*', 'x9', 'x6', 'v1'), ('//', 'x4', 'x5', 'v2'), ('//', 'x9', 'v1', 'v3'), ('+', 'x7', 'v0', 'v4'), ('//', 'x4', 'x0', 'v5'), ('+', 'x2', 'x2', 'v6'), ('+', 'v2', 'v0', 'v7'), ('*', 'x2', 'x2', 'v8'), ('+', 'v5', 'x6', 'v9')]","(0, 0, 0, 0, 0, 0, 1, 0, 0, 0)",9
734,"[('//', 'x0', 'x4', 'v0'), ('*', 'x3', 'x8', 'v1'), ('+', 'x9', 'x8', 'v2'), ('//', 'x6', 'x5', 'v3'), ('//', 'x2', 'x7', 'v4'), ('+', 'x4', 'x7', 'v5'), ('//', 'v5', 'v4', 'v6'), ('//', 'x4', 'x8', 'v7'), ('*', 'v6', 'v6', 'v8'), ('//', 'x2', 'x8', 'v9')]","(0, 0, 1, 0, 0, 0, 0, 0, 1, 0)",131
735,"[('//', 'x0', 'const_1', 'v0'), ('+', 'x9', 'x1', 'v1'), ('//', 'const_0', 'x4', 'v2'), ('*', 'x9', 'v0', 'v3'), ('//', 'x3', 'x2', 'v4'), ('+', 'x6', 'v2', 'v5'), ('+', 'v1', 'v0', 'v6'), ('*', 'x5', 'v5', 'v7'), ('+', 'v1', 'x4', 'v8'), ('*', 'x0', 'v6', 'v9')]","(1, 0, 0, 0, 0, 0, 0, 0, 0, 0)",513
736,"[('//', 'const_0', 'x0', 'v0'), ('*', 'x0', 'x2', 'v1'), ('+', 'x4', 'x8', 'v2'), ('*', 'x9', 'x6', 'v3'), ('//', 'v1', 'x9', 'v4'), ('*', 'const_1', 'v2', 'v5'), ('+', 'v0', 'x8', 'v6'), ('*', 'const_0', 'x8', 'v7'), ('+', 'v5', 'x7', 'v8'), ('+', 'const_1', 'v1', 'v9')]","(0, 0, 0, 0, 0, 0, 0, 0, 0, 0)",1
737,"[('+', 'x9', 'x2', 'v0'), ('*', 'const_1', 'x9', 'v1'), ('+', 'x8', 'x1', 'v2'), ('*', 'x8', 'x8', 'v3'), ('+', 'x9', 'v3', 'v4'), ('+', 'x9', 'v4', 'v5'), ('*', 'x9', 'x0', 'v6'), ('+', 'v5', 'x8', 'v7'), ('*', 'x1', 'v6', 'v8'), ('//', 'x2', 'v0', 'v9')]","(0, 0, 1, 0, 0, 0, 0, 0, 0, 0)",129
738,"[('//', 'x3', 'x5', 'v0'), ('+', 'x7', 'x7', 'v1'), ('+', 'x2', 'v0', 'v2'), ('//', 'v1', 'x5', 'v3'), ('//', 'x8', 'x6', 'v4'), ('+', 'x0', 'x7', 'v5'), ('//', 'x7', 'x8', 'v6'), ('*', 'const_1', 'x4', 'v7'), ('+', 'v2', 'v1', 'v8'), ('*', 'x7', 'v6', 'v9')]","(0, 0, 0, 0, 0, 0, 0, 1, 1, 0)",7
739,"[('*', 'x8', 'x3', 'v0'), ('*', 'const_1', 'x7', 'v1'), ('//', 'x5', 'x5', 'v2'), ('//', 'x7', 'const_1', 'v3'), ('//', 'const_0', 'v2', 'v4'), ('//', 'v4', 'x0', 'v5'), ('+', 'x4', 'v3', 'v6'), ('*', 'x9', 'v3', 'v7'), ('+', 'v7', 'const_0', 'v8'), ('+', 'x1', 'x6', 'v9')]","(0, 0, 0, 0, 0, 0, 1, 0, 0, 0)",9
740,"[('//', 'x3', 'x0', 'v0'), ('+', 'x2', 'const_1', 'v1'), ('+', 'x7', 'x6', 'v2'), ('+', 'x0', 'x0', 'v3'), ('//', 'x3', 'const_1', 'v4'), ('*', 'v0', 'v4', 'v5'), ('*', 'const_1', 'x8', 'v6'), ('//', 'v1', 'v5', 'v7'), ('+', 'v2', 'const_1', 'v8'), ('//', 'x7', 'v3', 'v9')]",None,1024
741,"[('+', 'x8', 'x0', 'v0'), ('*', 'x9', 'x0', 'v1'), ('//', 'x5', 'x8', 'v2'), ('//', 'x4', 'x3', 'v3'), ('*', 'const_1', 'x6', 'v4'), ('*', 'v2', 'x4', 'v5'), ('*', 'x0', 'v0', 'v6'), ('//', 'v0', 'x3', 'v7'), ('*', 'x7', 'v0', 'v8'), ('+', 'v3', 'const_1', 'v9')]","(0, 0, 0, 0, 0, 0, 0, 0, 0, 0)",1
742,"[('//', 'x1', 'x2', 'v0'), ('+', 'v0', 'x0', 'v1'), ('+', 'x5', 'const_0', 'v2'), ('+', 'const_0', 'x4', 'v3'), ('*', 'x6', 'x4', 'v4'), ('+', 'v3', 'x9', 'v5'), ('//', 'x4', 'x3', 'v6'), ('*', 'x6', 'const_1', 'v7'), ('+', 'x1', 'v1', 'v8'), ('//', 'v3', 'x4', 'v9')]","(0, 0, 0, 0, 1, 0, 0, 0, 0, 0)",33
743,"[('//', 'x6', 'x8', 'v0'), ('//', 'v0', 'v0', 'v1'), ('*', 'x3', 'v1', 'v2'), ('//', 'const_1', 'v0', 'v3'), ('+', 'v0', 'x7', 'v4'), ('//', 'v0', 'x3', 'v5'), ('*', 'x1', 'x9', 'v6'), ('*', 'x4', 'x9', 'v7'), ('//', 'x7', 'x4', 'v8'), ('//', 'v2', 'x1', 'v9')]","(0, 1, 0, 1, 0, 0, 1, 0, 1, 0)",331
744,"[('//', 'x3', 'x7', 'v0'), ('//', 'x1', 'x0', 'v1'), ('+', 'x4', 'x0', 'v2'), ('*', 'x0', 'x7', 'v3'), ('//', 'x5', 'x0', 'v4'), ('*', 'v3', 'x2', 'v5'), ('+', 'x3', 'x1', 'v6'), ('+', 'x1', 'x5', 'v7'), ('+', 'x4', 'v3', 'v8'), ('//', 'v0', 'v2', 'v9')]","(0, 0, 0, 1, 1, 0, 0, 1, 0, 0)",101
745,"[('*', 'x3', 'x3', 'v0'), ('*', 'x4', 'x3', 'v1'), ('*', 'x0', 'x3', 'v2'), ('*', 'x3', 'const_0', 'v3'), ('+', 'x7', 'x8', 'v4'), ('*', 'v4', 'x3', 'v5'), ('+', 'v1', 'x9', 'v6'), ('//', 'v0', 'v0', 'v7'), ('+', 'v7', 'x7', 'v8'), ('+', 'v5', 'x1', 'v9')]","(0, 0, 0, 1, 0, 0, 0, 0, 1, 0)",67
746,"[('//', 'x2', 'x5', 'v0'), ('//', 'x0', 'x4', 'v1'), ('*', 'x4', 'v1', 'v2'), ('+', 'x3', 'x7', 'v3'), ('//', 'const_1', 'const_1', 'v4'), ('*', 'x8', 'x6', 'v5'), ('//', 'x3', 'v3', 'v6'), ('*', 'x2', 'v2', 'v7'), ('+', 'x0', 'v3', 'v8'), ('+', 'v4', 'v2', 'v9')]","(0, 0, 0, 0, 0, 0, 0, 0, 0, 0)",1
747,"[('//', 'x5', 'x7', 'v0'), ('+', 'x8', 'x8', 'v1'), ('//', 'x5', 'const_1', 'v2'), ('*', 'x9', 'x1', 'v3'), ('+', 'x8', 'x4', 'v4'), ('*', 'x1', 'x2', 'v5'), ('//', 'x4', 'x5', 'v6'), ('*', 'v6', 'v2', 'v7'), ('//', 'x3', 'x1', 'v8'), ('+', 'v8', 'v0', 'v9')]","(0, 0, 0, 0, 0, 1, 0, 1, 0, 0)",21
748,"[('*', 'x1', 'const_0', 'v0'), ('//', 'x4', 'x5', 'v1'), ('//', 'v0', 'x2', 'v2'), ('+', 'x5', 'x8', 'v3'), ('//', 'x9', 'x9', 'v4'), ('//', 'x7', 'x2', 'v5'), ('//', 'v0', 'v1', 'v6'), ('+', 'x8', 'v4', 'v7'), ('+', 'x1', 'x9', 'v8'), ('//', 'v8', 'v8', 'v9')]","(0, 0, 0, 0, 0, 0, 0, 0, 0, 1)",2
749,"[('*', 'x5', 'x7', 'v0'), ('*', 'x7', 'x4', 'v1'), ('+', 'v0', 'x0', 'v2'), ('//', 'x8', 'x9', 'v3'), ('//', 'x7', 'x0', 'v4'), ('+', 'const_1', 'x4', 'v5'), ('//', 'x7', 'v4', 'v6'), ('+', 'v5', 'x8', 'v7'), ('+', 'x4', 'x8', 'v8'), ('*', 'x9', 'const_0', 'v9')]",None,1024
750,"[('//', 'x1', 'x8', 'v0'), ('//', 'v0', 'x3', 'v1'), ('//', 'x6', 'x5', 'v2'), ('//', 'const_1', 'x4', 'v3'), ('//', 'v3', 'const_1', 'v4'), ('+', 'x5', 'x5', 'v5'), ('//', 'x4', 'x7', 'v6'), ('+', 'v3', 'v0', 'v7'), ('*', 'x0', 'v7', 'v8'), ('+', 'x7', 'x7', 'v9')]","(0, 0, 0, 0, 0, 0, 0, 1, 0, 0)",5
751,"[('+', 'x8', 'x2', 'v0'), ('+', 'x0', 'x4', 'v1'), ('*', 'x4', 'x6', 'v2'), ('//', 'v0', 'x1', 'v3'), ('*', 'x6', 'v0', 'v4'), ('*', 'v1', 'x4', 'v5'), ('//', 'v1', 'x9', 'v6'), ('*', 'x1', 'x5', 'v7'), ('*', 'v0', 'const_0', 'v8'), ('//', 'x5', 'x7', 'v9')]","(0, 0, 0, 0, 0, 1, 0, 1, 0, 0)",21
752,"[('*', 'x2', 'const_0', 'v0'), ('*', 'x4', 'const_0', 'v1'), ('*', 'x0', 'x4', 'v2'), ('*', 'x8', 'v1', 'v3'), ('+', 'v1', 'x1', 'v4'), ('+', 'x6', 'x4', 'v5'), ('*', 'v1', 'v1', 'v6'), ('+', 'v4', 'v1', 'v7'), ('*', 'x6', 'const_0', 'v8'), ('//', 'v0', 'x1', 'v9')]",None,1024
753,"[('*', 'x7', 'x5', 'v0'), ('//', 'x3', 'x5', 'v1'), ('+', 'v0', 'x5', 'v2'), ('*', 'x3', 'x2', 'v3'), ('//', 'x7', 'x4', 'v4'), ('+', 'const_0', 'v0', 'v5'), ('*', 'v4', 'x9', 'v6'), ('//', 'x9', 'x4', 'v7'), ('//', 'v5', 'v0', 'v8'), ('//', 'x9', 'x6', 'v9')]","(0, 0, 0, 0, 0, 0, 1, 0, 0, 1)",10
754,"[('+', 'x5', 'x7', 'v0'), ('*', 'v0', 'v0', 'v1'), ('//', 'x4', 'const_1', 'v2'), ('*', 'x8', 'x7', 'v3'), ('+', 'x9', 'x8', 'v4'), ('//', 'x2', 'x3', 'v5'), ('+', 'x8', 'v4', 'v6'), ('*', 'v3', 'const_1', 'v7'), ('+', 'v6', 'v4', 'v8'), ('//', 'x1', 'v1', 'v9')]","(0, 1, 0, 0, 0, 0, 0, 1, 0, 0)",261
755,"[('*', 'const_1', 'x3', 'v0'), ('+', 'x1', 'x9', 'v1'), ('//', 'x2', 'x2', 'v2'), ('//', 'v0', 'x9', 'v3'), ('+', 'x7', 'x0', 'v4'), ('+', 'v3', 'const_1', 'v5'), ('//', 'x5', 'x5', 'v6'), ('+', 'const_1', 'x4', 'v7'), ('//', 'v5', 'v2', 'v8'), ('+', 'v5', 'x0', 'v9')]","(0, 0, 0, 0, 0, 0, 0, 0, 0, 0)",1
756,"[('//', 'x3', 'x3', 'v0'), ('+', 'x3', 'x7', 'v1'), ('*', 'x5', 'const_1', 'v2'), ('+', 'x5', 'x3', 'v3'), ('*', 'v1', 'x3', 'v4'), ('//', 'x7', 'const_1', 'v5'), ('*', 'x2', 'const_0', 'v6'), ('*', 'x4', 'x2', 'v7'), ('+', 'x4', 'v3', 'v8'), ('*', 'const_1', 'x4', 'v9')]","(0, 0, 0, 0, 1, 0, 0, 0, 0, 0)",33
757,"[('//', 'x5', 'x7', 'v0'), ('+', 'x7', 'x2', 'v1'), ('+', 'x4', 'x3', 'v2'), ('*', 'x3', 'x3', 'v3'), ('//', 'x2', 'x6', 'v4'), ('*', 'const_0', 'x7', 'v5'), ('+', 'x2', 'v0', 'v6'), ('+', 'x7', 'v6', 'v7'), ('+', 'x4', 'x7', 'v8'), ('//', 'x0', 'x5', 'v9')]","(1, 0, 0, 0, 0, 1, 0, 0, 0, 0)",529
758,"[('*', 'x3', 'x4', 'v0'), ('*', 'x8', 'const_0', 'v1'), ('//', 'x1', 'v1', 'v2'), ('*', 'v2', 'x9', 'v3'), ('*', 'x9', 'x7', 'v4'), ('//', 'v4', 'v3', 'v5'), ('+', 'x8', 'x1', 'v6'), ('//', 'x0', 'const_1', 'v7'), ('//', 'v0', 'v7', 'v8'), ('+', 'x2', 'const_0', 'v9')]","(0, 0, 1, 0, 0, 0, 0, 0, 0, 0)",129
759,"[('*', 'const_1', 'x8', 'v0'), ('+', 'x7', 'const_1', 'v1'), ('+', 'x6', 'x7', 'v2'), ('*', 'v2', 'x6', 'v3'), ('*', 'const_1', 'x8', 'v4'), ('//', 'x6', 'v4', 'v5'), ('+', 'const_0', 'x6', 'v6'), ('*', 'x7', 'v5', 'v7'), ('*', 'v2', 'v4', 'v8'), ('+', 'x4', 'x3', 'v9')]","(0, 0, 0, 0, 1, 0, 0, 0, 0, 0)",33
760,"[('*', 'x4', 'x6', 'v0'), ('*', 'x6', 'x5', 'v1'), ('*', 'x7', 'x5', 'v2'), ('*', 'x2', 'x0', 'v3'), ('*', 'x5', 'x3', 'v4'), ('*', 'const_0', 'x0', 'v5'), ('+', 'x0', 'x6', 'v6'), ('*', 'x2', 'x0', 'v7'), ('*', 'x9', 'v4', 'v8'), ('*', 'x3', 'v1', 'v9')]","(0, 0, 0, 1, 0, 1, 1, 0, 0, 0)",89
761,"[('//', 'x5', 'x7', 'v0'), ('//', 'x9', 'x9', 'v1'), ('+', 'x9', 'const_1', 'v2'), ('+', 'x0', 'x5', 'v3'), ('//', 'x2', 'x3', 'v4'), ('*', 'v4', 'x3', 'v5'), ('*', 'v1', 'x6', 'v6'), ('//', 'v2', 'x0', 'v7'), ('//', 'v1', 'x0', 'v8'), ('//', 'x5', 'x8', 'v9')]","(0, 0, 0, 0, 0, 1, 0, 0, 1, 0)",19
762,"[('//', 'const_0', 'x0', 'v0'), ('*', 'x6', 'x4', 'v1'), ('*', 'x8', 'x7', 'v2'), ('//', 'x7', 'v0', 'v3'), ('+', 'x0', 'const_1', 'v4'), ('+', 'const_0', 'v1', 'v5'), ('*', 'v2', 'const_1', 'v6'), ('*', 'x4', 'x9', 'v7'), ('//', 'x6', 'const_1', 'v8'), ('*', 'x7', 'v1', 'v9')]","(0, 0, 0, 0, 1, 0, 1, 1, 0, 0)",45
763,"[('*', 'x1', 'x9', 'v0'), ('//', 'x1', 'const_1', 'v1'), ('*', 'x2', 'x9', 'v2'), ('*', 'x8', 'x5', 'v3'), ('//', 'x9', 'x8', 'v4'), ('+', 'x2', 'v1', 'v5'), ('//', 'x7', 'x0', 'v6'), ('+', 'v1', 'const_0', 'v7'), ('+', 'x9', 'v3', 'v8'), ('*', 'x7', 'x3', 'v9')]","(0, 0, 0, 1, 0, 0, 0, 1, 0, 0)",69
764,"[('*', 'x3', 'x8', 'v0'), ('*', 'const_1', 'x0', 'v1'), ('//', 'x3', 'v1', 'v2'), ('//', 'x0', 'x2', 'v3'), ('//', 'const_1', 'x0', 'v4'), ('+', 'v4', 'x3', 'v5'), ('+', 'x6', 'x1', 'v6'), ('*', 'x6', 'x2', 'v7'), ('+', 'x3', 'x9', 'v8'), ('+', 'v3', 'x4', 'v9')]","(0, 0, 0, 0, 1, 0, 0, 0, 0, 0)",33
765,"[('+', 'x0', 'x9', 'v0'), ('+', 'const_0', 'x1', 'v1'), ('*', 'x5', 'x7', 'v2'), ('*', 'const_1', 'v1', 'v3'), ('+', 'x0', 'x5', 'v4'), ('+', 'x2', 'x0', 'v5'), ('*', 'x0', 'x3', 'v6'), ('+', 'v6', 'v3', 'v7'), ('+', 'x6', 'x4', 'v8'), ('//', 'v5', 'x2', 'v9')]","(0, 0, 1, 0, 0, 0, 0, 0, 0, 0)",129
766,"[('+', 'x5', 'x9', 'v0'), ('*', 'const_0', 'x2', 'v1'), ('*', 'x4', 'const_0', 'v2'), ('*', 'const_1', 'const_0', 'v3'), ('*', 'x8', 'x9', 'v4'), ('*', 'const_1', 'x1', 'v5'), ('*', 'x1', 'const_0', 'v6'), ('//', 'x9', 'v6', 'v7'), ('//', 'v5', 'x9', 'v8'), ('+', 'v3', 'x6', 'v9')]","(0, 0, 0, 0, 0, 0, 1, 0, 0, 0)",9
767,"[('*', 'x8', 'x5', 'v0'), ('+', 'x6', 'x2', 'v1'), ('+', 'v1', 'x1', 'v2'), ('+', 'v1', 'x2', 'v3'), ('+', 'v3', 'x5', 'v4'), ('//', 'x9', 'x8', 'v5'), ('+', 'x0', 'const_0', 'v6'), ('+', 'const_0', 'v5', 'v7'), ('+', 'v0', 'x2', 'v8'), ('*', 'x9', 'const_0', 'v9')]",None,1024
768,"[('//', 'x1', 'x9', 'v0'), ('*', 'const_0', 'const_1', 'v1'), ('//', 'const_0', 'x1', 'v2'), ('//', 'x5', 'x1', 'v3'), ('//', 'x5', 'x1', 'v4'), ('//', 'x3', 'x6', 'v5'), ('*', 'x3', 'x5', 'v6'), ('+', 'x6', 'v0', 'v7'), ('+', 'v3', 'x3', 'v8'), ('*', 'x1', 'x9', 'v9')]","(0, 1, 0, 0, 0, 0, 0, 0, 0, 1)",258
769,"[('//', 'x4', 'x8', 'v0'), ('//', 'x1', 'v0', 'v1'), ('+', 'v1', 'x7', 'v2'), ('+', 'x9', 'x2', 'v3'), ('*', 'x6', 'x4', 'v4'), ('//', 'v3', 'x1', 'v5'), ('+', 'x0', 'x6', 'v6'), ('//', 'x1', 'x9', 'v7'), ('//', 'x9', 'x2', 'v8'), ('//', 'const_0', 'x3', 'v9')]",None,1024
770,"[('*', 'x5', 'x3', 'v0'), ('+', 'const_1', 'const_1', 'v1'), ('+', 'x4', 'x6', 'v2'), ('+', 'v2', 'x7', 'v3'), ('//', 'x4', 'v3', 'v4'), ('*', 'x1', 'v1', 'v5'), ('//', 'x0', 'x0', 'v6'), ('*', 'v0', 'x1', 'v7'), ('//', 'x4', 'x7', 'v8'), ('*', 'v7', 'v4', 'v9')]","(0, 1, 0, 1, 1, 1, 0, 0, 0, 0)",369
771,"[('+', 'x3', 'x1', 'v0'), ('+', 'x0', 'x5', 'v1'), ('//', 'const_0', 'const_1', 'v2'), ('//', 'x1', 'x9', 'v3'), ('*', 'x8', 'const_1', 'v4'), ('+', 'x1', 'x5', 'v5'), ('+', 'const_1', 'v1', 'v6'), ('+', 'const_1', 'v2', 'v7'), ('*', 'x2', 'x2', 'v8'), ('*', 'x1', 'const_1', 'v9')]","(0, 1, 0, 0, 0, 0, 0, 0, 0, 0)",257
772,"[('//', 'x9', 'x7', 'v0'), ('+', 'x7', 'x2', 'v1'), ('//', 'x6', 'x3', 'v2'), ('+', 'x9', 'x4', 'v3'), ('+', 'x1', 'x9', 'v4'), ('//', 'v3', 'x0', 'v5'), ('//', 'x6', 'v2', 'v6'), ('*', 'v5', 'v4', 'v7'), ('*', 'v2', 'x1', 'v8'), ('*', 'x0', 'v5', 'v9')]","(1, 0, 0, 0, 0, 0, 0, 0, 0, 1)",514
773,"[('+', 'x1', 'x9', 'v0'), ('+', 'const_0', 'x6', 'v1'), ('//', 'x4', 'x0', 'v2'), ('+', 'x5', 'x1', 'v3'), ('+', 'v1', 'x5', 'v4'), ('*', 'v3', 'x5', 'v5'), ('//', 'const_0', 'v1', 'v6'), ('+', 'v3', 'v4', 'v7'), ('+', 'x4', 'x8', 'v8'), ('+', 'x1', 'x1', 'v9')]","(0, 1, 0, 0, 0, 0, 0, 0, 0, 0)",257
774,"[('+', 'x2', 'x7', 'v0'), ('+', 'x7', 'x1', 'v1'), ('+', 'const_0', 'x4', 'v2'), ('+', 'x7', 'v0', 'v3'), ('+', 'x1', 'v0', 'v4'), ('*', 'const_0', 'v1', 'v5'), ('+', 'v4', 'const_1', 'v6'), ('+', 'x1', 'x7', 'v7'), ('//', 'x5', 'v0', 'v8'), ('*', 'x1', 'x4', 'v9')]","(0, 1, 0, 0, 1, 0, 0, 0, 0, 0)",289
775,"[('//', 'x4', 'x6', 'v0'), ('+', 'x1', 'x4', 'v1'), ('+', 'v1', 'const_1', 'v2'), ('*', 'x2', 'const_0', 'v3'), ('*', 'x1', 'x9', 'v4'), ('+', 'v1', 'x5', 'v5'), ('+', 'x5', 'x7', 'v6'), ('*', 'v0', 'x6', 'v7'), ('//', 'v5', 'const_1', 'v8'), ('*', 'x8', 'v4', 'v9')]","(0, 1, 0, 0, 0, 0, 0, 0, 1, 1)",260
776,"[('+', 'x7', 'x9', 'v0'), ('//', 'x1', 'x7', 'v1'), ('//', 'x2', 'x9', 'v2'), ('//', 'x2', 'x0', 'v3'), ('//', 'const_0', 'x2', 'v4'), ('+', 'v1', 'x4', 'v5'), ('*', 'v0', 'v2', 'v6'), ('+', 'v4', 'x0', 'v7'), ('+', 'v6', 'v7', 'v8'), ('//', 'v1', 'v7', 'v9')]","(1, 1, 0, 0, 0, 0, 0, 1, 0, 0)",773
777,"[('*', 'x3', 'x8', 'v0'), ('*', 'x5', 'x3', 'v1'), ('+', 'x6', 'v0', 'v2'), ('+', 'x2', 'x0', 'v3'), ('*', 'v1', 'v3', 'v4'), ('*', 'x1', 'x2', 'v5'), ('+', 'v1', 'v4', 'v6'), ('+', 'x3', 'x9', 'v7'), ('*', 'x0', 'v5', 'v8'), ('+', 'v8', 'x9', 'v9')]","(0, 0, 0, 0, 0, 0, 0, 0, 0, 1)",2
778,"[('//', 'x2', 'x4', 'v0'), ('//', 'x1', 'x0', 'v1'), ('//', 'x6', 'x1', 'v2'), ('*', 'const_0', 'const_1', 'v3'), ('//', 'v0', 'x3', 'v4'), ('*', 'v2', 'x0', 'v5'), ('//', 'x1', 'x8', 'v6'), ('+', 'x6', 'x3', 'v7'), ('+', 'v4', 'const_0', 'v8'), ('*', 'x1', 'x4', 'v9')]","(0, 1, 0, 0, 1, 0, 0, 0, 0, 0)",289
779,"[('+', 'x4', 'const_0', 'v0'), ('*', 'x2', 'x8', 'v1'), ('*', 'x4', 'x7', 'v2'), ('*', 'v1', 'x8', 'v3'), ('*', 'v1', 'x3', 'v4'), ('*', 'v2', 'const_0', 'v5'), ('//', 'const_0', 'x0', 'v6'), ('*', 'v5', 'v0', 'v7'), ('*', 'x2', 'v4', 'v8'), ('//', 'v7', 'v4', 'v9')]",None,1024
780,"[('*', 'x2', 'x8', 'v0'), ('*', 'x7', 'x6', 'v1'), ('+', 'x1', 'x8', 'v2'), ('*', 'x7', 'x5', 'v3'), ('//', 'x7', 'const_1', 'v4'), ('+', 'x6', 'x0', 'v5'), ('//', 'x0', 'v4', 'v6'), ('+', 'v1', 'v6', 'v7'), ('+', 'x7', 'x4', 'v8'), ('*', 'v8', 'x2', 'v9')]","(0, 0, 1, 0, 0, 0, 0, 1, 0, 0)",133
781,"[('//', 'x6', 'x7', 'v0'), ('//', 'v0', 'x7', 'v1'), ('*', 'x4', 'x6', 'v2'), ('//', 'x6', 'x9', 'v3'), ('//', 'x2', 'v2', 'v4'), ('*', 'const_0', 'x3', 'v5'), ('+', 'x6', 'x0', 'v6'), ('*', 'x7', 'x9', 'v7'), ('+', 'v7', 'v2', 'v8'), ('+', 'v5', 'x5', 'v9')]","(0, 0, 0, 0, 0, 1, 0, 0, 0, 0)",17
782,"[('+', 'x0', 'x4', 'v0'), ('*', 'x2', 'x3', 'v1'), ('*', 'x6', 'v1', 'v2'), ('+', 'v1', 'x4', 'v3'), ('//', 'x3', 'x0', 'v4'), ('//', 'v0', 'x4', 'v5'), ('*', 'x3', 'x8', 'v6'), ('//', 'v6', 'v2', 'v7'), ('*', 'v2', 'x7', 'v8'), ('//', 'v5', 'v7', 'v9')]","(0, 0, 1, 1, 1, 0, 1, 0, 1, 0)",235
783,"[('*', 'x9', 'x7', 'v0'), ('+', 'x1', 'x5', 'v1'), ('//', 'x2', 'x2', 'v2'), ('//', 'v1', 'x8', 'v3'), ('*', 'v0', 'x3', 'v4'), ('//', 'v1', 'x0', 'v5'), ('*', 'v0', 'v4', 'v6'), ('//', 'v0', 'v3', 'v7'), ('+', 'v4', 'x2', 'v8'), ('//', 'const_1', 'v4', 'v9')]","(0, 0, 0, 1, 0, 0, 0, 1, 0, 1)",70
784,"[('+', 'x3', 'x3', 'v0'), ('*', 'x8', 'x9', 'v1'), ('*', 'v1', 'x0', 'v2'), ('*', 'x3', 'x7', 'v3'), ('+', 'x9', 'x9', 'v4'), ('*', 'const_1', 'x2', 'v5'), ('//', 'v1', 'x5', 'v6'), ('*', 'x9', 'x9', 'v7'), ('+', 'const_0', 'x5', 'v8'), ('//', 'v3', 'x2', 'v9')]","(0, 0, 1, 1, 0, 0, 0, 1, 0, 0)",197
785,"[('+', 'x9', 'const_1', 'v0'), ('+', 'x7', 'x5', 'v1'), ('*', 'x6', 'x4', 'v2'), ('//', 'x2', 'x4', 'v3'), ('*', 'x6', 'x3', 'v4'), ('*', 'v0', 'v3', 'v5'), ('+', 'x2', 'x9', 'v6'), ('//', 'x9', 'v3', 'v7'), ('//', 'v0', 'x6', 'v8'), ('*', 'const_1', 'const_0', 'v9')]",None,1024
786,"[('//', 'x2', 'x0', 'v0'), ('+', 'x0', 'v0', 'v1'), ('//', 'x5', 'x2', 'v2'), ('*', 'x1', 'const_1', 'v3'), ('*', 'v1', 'x3', 'v4'), ('//', 'x4', 'x1', 'v5'), ('*', 'const_1', 'x7', 'v6'), ('+', 'v2', 'x2', 'v7'), ('*', 'v4', 'v4', 'v8'), ('*', 'x7', 'const_1', 'v9')]","(0, 0, 0, 0, 0, 0, 0, 1, 0, 0)",5
787,"[('+', 'x2', 'x8', 'v0'), ('*', 'x6', 'x8', 'v1'), ('//', 'x7', 'v1', 'v2'), ('*', 'v1', 'x9', 'v3'), ('+', 'const_0', 'v2', 'v4'), ('+', 'x8', 'v0', 'v5'), ('+', 'x0', 'x7', 'v6'), ('//', 'v0', 'x8', 'v7'), ('//', 'v1', 'x4', 'v8'), ('//', 'v3', 'x6', 'v9')]","(0, 0, 0, 0, 0, 0, 1, 0, 1, 1)",12
788,"[('//', 'x9', 'x0', 'v0'), ('+', 'x0', 'x5', 'v1'), ('*', 'x7', 'x9', 'v2'), ('*', 'v2', 'x6', 'v3'), ('+', 'x2', 'const_1', 'v4'), ('+', 'x8', 'v1', 'v5'), ('*', 'x9', 'x7', 'v6'), ('+', 'const_1', 'x1', 'v7'), ('+', 'v7', 'x9', 'v8'), ('+', 'const_0', 'x6', 'v9')]","(0, 0, 0, 0, 0, 0, 1, 0, 0, 0)",9
789,"[('+', 'x4', 'x0', 'v0'), ('+', 'x3', 'x2', 'v1'), ('*', 'const_0', 'x7', 'v2'), ('//', 'v1', 'x9', 'v3'), ('+', 'x7', 'const_0', 'v4'), ('+', 'x9', 'v2', 'v5'), ('*', 'x7', 'x8', 'v6'), ('//', 'x6', 'x7', 'v7'), ('//', 'v6', 'x3', 'v8'), ('+', 'x4', 'const_0', 'v9')]","(0, 0, 0, 0, 1, 0, 0, 0, 0, 0)",33
790,"[('+', 'x5', 'x1', 'v0'), ('*', 'x1', 'x7', 'v1'), ('//', 'x5', 'x5', 'v2'), ('*', 'x9', 'const_1', 'v3'), ('+', 'x9', 'const_0', 'v4'), ('//', 'v4', 'x7', 'v5'), ('*', 'v1', 'x5', 'v6'), ('*', 'x1', 'x9', 'v7'), ('//', 'v4', 'v3', 'v8'), ('+', 'x8', 'const_1', 'v9')]","(0, 0, 0, 0, 0, 0, 0, 0, 0, 0)",1
791,"[('//', 'const_1', 'x1', 'v0'), ('+', 'x3', 'x1', 'v1'), ('+', 'x8', 'x9', 'v2'), ('+', 'x1', 'x2', 'v3'), ('//', 'x3', 'v1', 'v4'), ('//', 'const_0', 'const_1', 'v5'), ('//', 'x2', 'x9', 'v6'), ('*', 'v3', 'x6', 'v7'), ('+', 'v3', 'x6', 'v8'), ('*', 'v3', 'v8', 'v9')]","(0, 0, 1, 0, 0, 0, 0, 0, 0, 0)",129
792,"[('*', 'x5', 'x5', 'v0'), ('//', 'const_1', 'x9', 'v1'), ('//', 'x7', 'x9', 'v2'), ('*', 'x8', 'v0', 'v3'), ('//', 'x2', 'x6', 'v4'), ('+', 'x1', 'v4', 'v5'), ('//', 'x3', 'x0', 'v6'), ('*', 'x5', 'x9', 'v7'), ('*', 'v7', 'x8', 'v8'), ('//', 'x3', 'x2', 'v9')]","(0, 0, 1, 1, 0, 0, 0, 0, 0, 0)",193
793,"[('+', 'x0', 'x5', 'v0'), ('+', 'const_0', 'x1', 'v1'), ('+', 'x7', 'x3', 'v2'), ('*', 'const_0', 'x3', 'v3'), ('*', 'x4', 'x1', 'v4'), ('+', 'x8', 'const_1', 'v5'), ('*', 'const_0', 'x5', 'v6'), ('+', 'x8', 'x3', 'v7'), ('//', 'x9', 'x2', 'v8'), ('//', 'x8', 'x7', 'v9')]","(0, 0, 0, 0, 0, 0, 0, 1, 1, 0)",7
794,"[('+', 'x1', 'x4', 'v0'), ('*', 'x7', 'x5', 'v1'), ('*', 'x1', 'const_0', 'v2'), ('+', 'x8', 'x4', 'v3'), ('*', 'v1', 'v1', 'v4'), ('*', 'v1', 'x4', 'v5'), ('//', 'x2', 'x2', 'v6'), ('+', 'v0', 'x3', 'v7'), ('*', 'x4', 'v3', 'v8'), ('//', 'const_1', 'const_1', 'v9')]","(0, 0, 0, 0, 0, 0, 0, 0, 0, 0)",1
795,"[('+', 'x8', 'x7', 'v0'), ('+', 'x0', 'x0', 'v1'), ('*', 'x3', 'x5', 'v2'), ('+', 'x4', 'const_0', 'v3'), ('//', 'v3', 'x2', 'v4'), ('//', 'x6', 'v1', 'v5'), ('//', 'x3', 'x6', 'v6'), ('*', 'const_0', 'x9', 'v7'), ('//', 'v2', 'x9', 'v8'), ('//', 'x4', 'const_1', 'v9')]","(0, 0, 0, 0, 1, 0, 0, 0, 0, 0)",33
796,"[('//', 'x3', 'x7', 'v0'), ('*', 'x3', 'x9', 'v1'), ('*', 'x2', 'v1', 'v2'), ('//', 'x9', 'x9', 'v3'), ('+', 'v2', 'x5', 'v4'), ('*', 'x5', 'x6', 'v5'), ('*', 'x0', 'const_0', 'v6'), ('+', 'x7', 'x5', 'v7'), ('+', 'v1', 'v3', 'v8'), ('*', 'const_0', 'const_1', 'v9')]",None,1024
797,"[('//', 'x9', 'const_1', 'v0'), ('+', 'x7', 'x3', 'v1'), ('//', 'x2', 'v0', 'v2'), ('+', 'x4', 'x0', 'v3'), ('*', 'const_0', 'x3', 'v4'), ('*', 'x3', 'v2', 'v5'), ('*', 'x5', 'x1', 'v6'), ('*', 'const_0', 'v0', 'v7'), ('*', 'x3', 'v6', 'v8'), ('//', 'x6', 'v2', 'v9')]","(0, 0, 1, 0, 0, 0, 1, 0, 0, 1)",138
798,"[('*', 'x5', 'x5', 'v0'), ('//', 'x8', 'x3', 'v1'), ('//', 'x6', 'x1', 'v2'), ('+', 'x5', 'x7', 'v3'), ('*', 'x6', 'x8', 'v4'), ('*', 'x8', 'x6', 'v5'), ('//', 'v0', 'const_1', 'v6'), ('*', 'x1', 'x5', 'v7'), ('*', 'x8', 'x2', 'v8'), ('*', 'x6', 'v4', 'v9')]","(0, 0, 0, 0, 0, 0, 1, 0, 1, 0)",11
799,"[('+', 'x2', 'x1', 'v0'), ('//', 'const_0', 'x2', 'v1'), ('*', 'const_0', 'v1', 'v2'), ('+', 'x3', 'x1', 'v3'), ('*', 'x7', 'v2', 'v4'), ('//', 'v1', 'v1', 'v5'), ('*', 'x2', 'const_1', 'v6'), ('+', 'v3', 'v3', 'v7'), ('*', 'v1', 'x9', 'v8'), ('+', 'v2', 'v2', 'v9')]",None,1024
800,"[('+', 'const_1', 'x5', 'v0'), ('//', 'const_1', 'const_1', 'v1'), ('//', 'x1', 'x6', 'v2'), ('//', 'v2', 'x7', 'v3'), ('//', 'x4', 'x8', 'v4'), ('*', 'x1', 'x6', 'v5'), ('*', 'x5', 'x0', 'v6'), ('+', 'v6', 'v4', 'v7'), ('+', 'v3', 'x3', 'v8'), ('//', 'x3', 'v1', 'v9')]","(0, 0, 0, 1, 0, 0, 0, 0, 0, 0)",65
801,"[('//', 'x9', 'x1', 'v0'), ('//', 'x9', 'x4', 'v1'), ('+', 'x9', 'x2', 'v2'), ('*', 'x1', 'x6', 'v3'), ('+', 'x3', 'x6', 'v4'), ('+', 'x5', 'v1', 'v5'), ('+', 'v0', 'x5', 'v6'), ('+', 'x4', 'x2', 'v7'), ('//', 'v4', 'x7', 'v8'), ('+', 'v7', 'x0', 'v9')]","(0, 0, 0, 0, 1, 0, 0, 0, 0, 0)",33
802,"[('*', 'const_1', 'x0', 'v0'), ('*', 'x0', 'x1', 'v1'), ('*', 'x9', 'v1', 'v2'), ('*', 'x1', 'v0', 'v3'), ('//', 'x4', 'const_1', 'v4'), ('+', 'x3', 'const_0', 'v5'), ('*', 'x8', 'v2', 'v6'), ('+', 'x3', 'x3', 'v7'), ('//', 'v7', 'const_1', 'v8'), ('//', 'x1', 'v3', 'v9')]","(1, 1, 0, 0, 0, 0, 0, 0, 0, 0)",769
803,"[('*', 'x9', 'x6', 'v0'), ('*', 'x4', 'const_1', 'v1'), ('//', 'const_0', 'x6', 'v2'), ('+', 'v1', 'x0', 'v3'), ('*', 'v1', 'const_1', 'v4'), ('*', 'x6', 'x2', 'v5'), ('+', 'v3', 'x7', 'v6'), ('+', 'x2', 'v6', 'v7'), ('*', 'x7', 'x2', 'v8'), ('+', 'v5', 'x0', 'v9')]","(0, 0, 1, 0, 0, 0, 1, 0, 0, 0)",137
804,"[('+', 'x3', 'x0', 'v0'), ('+', 'v0', 'x3', 'v1'), ('+', 'x7', 'v0', 'v2'), ('//', 'x8', 'v0', 'v3'), ('//', 'x4', 'const_1', 'v4'), ('//', 'const_1', 'const_1', 'v5'), ('+', 'x1', 'const_0', 'v6'), ('//', 'v2', 'v3', 'v7'), ('//', 'x4', 'const_1', 'v8'), ('//', 'x1', 'x4', 'v9')]","(0, 1, 0, 0, 1, 0, 0, 0, 0, 0)",289
805,"[('//', 'x4', 'x7', 'v0'), ('+', 'x4', 'x9', 'v1'), ('//', 'const_1', 'x0', 'v2'), ('+', 'v1', 'v0', 'v3'), ('*', 'x1', 'x7', 'v4'), ('+', 'const_1', 'x6', 'v5'), ('//', 'const_1', 'x2', 'v6'), ('+', 'x8', 'x4', 'v7'), ('+', 'v0', 'v7', 'v8'), ('//', 'v4', 'v1', 'v9')]","(0, 1, 0, 0, 0, 0, 0, 1, 0, 1)",262
806,"[('*', 'x2', 'x0', 'v0'), ('+', 'x6', 'x9', 'v1'), ('//', 'x9', 'const_1', 'v2'), ('*', 'v2', 'const_0', 'v3'), ('*', 'x6', 'x1', 'v4'), ('+', 'x8', 'x0', 'v5'), ('+', 'x4', 'x1', 'v6'), ('+', 'x7', 'x8', 'v7'), ('//', 'x2', 'const_1', 'v8'), ('//', 'x0', 'v5', 'v9')]","(1, 0, 0, 0, 0, 0, 0, 0, 0, 0)",513
807,"[('+', 'x3', 'x4', 'v0'), ('+', 'x8', 'x6', 'v1'), ('//', 'v0', 'v1', 'v2'), ('//', 'x3', 'x6', 'v3'), ('+', 'x4', 'const_0', 'v4'), ('+', 'const_0', 'x8', 'v5'), ('//', 'x0', 'x9', 'v6'), ('//', 'x0', 'x5', 'v7'), ('//', 'x4', 'x5', 'v8'), ('*', 'x7', 'v5', 'v9')]","(0, 0, 0, 0, 0, 0, 0, 1, 1, 0)",7
808,"[('//', 'x0', 'const_1', 'v0'), ('//', 'x4', 'x4', 'v1'), ('+', 'x0', 'x7', 'v2'), ('+', 'v0', 'x9', 'v3'), ('+', 'x3', 'x4', 'v4'), ('//', 'v4', 'const_1', 'v5'), ('+', 'v3', 'x1', 'v6'), ('*', 'x3', 'v3', 'v7'), ('+', 'v7', 'v7', 'v8'), ('//', 'x6', 'x9', 'v9')]","(0, 0, 0, 0, 0, 0, 1, 0, 0, 1)",10
809,"[('*', 'const_0', 'x8', 'v0'), ('*', 'x5', 'x9', 'v1'), ('//', 'x5', 'x0', 'v2'), ('//', 'const_0', 'x0', 'v3'), ('//', 'v1', 'x2', 'v4'), ('*', 'v3', 'v4', 'v5'), ('//', 'x1', 'v2', 'v6'), ('*', 'x3', 'x6', 'v7'), ('+', 'const_0', 'x3', 'v8'), ('//', 'v7', 'v3', 'v9')]",None,1024
810,"[('+', 'x6', 'x5', 'v0'), ('//', 'x1', 'x5', 'v1'), ('//', 'x7', 'x0', 'v2'), ('//', 'x7', 'const_1', 'v3'), ('//', 'x1', 'v2', 'v4'), ('+', 'const_0', 'x9', 'v5'), ('*', 'x8', 'const_0', 'v6'), ('+', 'const_0', 'const_1', 'v7'), ('+', 'v2', 'x0', 'v8'), ('*', 'x6', 'v8', 'v9')]","(1, 0, 0, 0, 0, 0, 1, 0, 0, 0)",521
811,"[('*', 'x2', 'x2', 'v0'), ('+', 'x8', 'x6', 'v1'), ('+', 'const_1', 'x9', 'v2'), ('+', 'x2', 'x6', 'v3'), ('+', 'x4', 'x6', 'v4'), ('+', 'const_1', 'const_0', 'v5'), ('//', 'v3', 'x9', 'v6'), ('*', 'x1', 'x6', 'v7'), ('//', 'x7', 'x1', 'v8'), ('*', 'v1', 'x5', 'v9')]","(0, 0, 0, 0, 0, 1, 0, 0, 1, 0)",19
812,"[('//', 'x1', 'const_1', 'v0'), ('//', 'v0', 'x0', 'v1'), ('*', 'x2', 'v0', 'v2'), ('+', 'v0', 'v0', 'v3'), ('//', 'x9', 'x2', 'v4'), ('*', 'x4', 'v4', 'v5'), ('*', 'v2', 'v4', 'v6'), ('//', 'x7', 'x6', 'v7'), ('//', 'x5', 'v6', 'v8'), ('+', 'const_1', 'v0', 'v9')]","(0, 0, 0, 0, 0, 0, 0, 0, 0, 0)",1
813,"[('*', 'x8', 'x2', 'v0'), ('+', 'x7', 'x8', 'v1'), ('+', 'const_1', 'x6', 'v2'), ('//', 'x6', 'x1', 'v3'), ('*', 'x3', 'x2', 'v4'), ('*', 'v3', 'x1', 'v5'), ('*', 'x8', 'x2', 'v6'), ('+', 'v2', 'const_1', 'v7'), ('//', 'v5', 'v5', 'v8'), ('//', 'v5', 'x9', 'v9')]","(0, 1, 0, 0, 0, 0, 1, 0, 0, 1)",266
814,"[('+', 'x5', 'x4', 'v0'), ('+', 'x8', 'x5', 'v1'), ('+', 'x8', 'x8', 'v2'), ('*', 'x1', 'x1', 'v3'), ('*', 'const_1', 'x7', 'v4'), ('*', 'x3', 'x6', 'v5'), ('*', 'const_1', 'x2', 'v6'), ('*', 'x6', 'v2', 'v7'), ('//', 'v5', 'x8', 'v8'), ('//', 'v2', 'x9', 'v9')]","(0, 0, 0, 0, 0, 0, 0, 0, 1, 1)",4
815,"[('*', 'x6', 'x1', 'v0'), ('*', 'x1', 'const_0', 'v1'), ('+', 'x8', 'x1', 'v2'), ('*', 'x9', 'x6', 'v3'), ('*', 'x0', 'v1', 'v4'), ('//', 'x8', 'x1', 'v5'), ('*', 'v3', 'const_0', 'v6'), ('*', 'x5', 'x9', 'v7'), ('//', 'x3', 'x7', 'v8'), ('*', 'x7', 'x2', 'v9')]","(0, 0, 1, 0, 0, 0, 0, 1, 0, 0)",133
816,"[('//', 'const_0', 'x0', 'v0'), ('+', 'const_1', 'x7', 'v1'), ('+', 'x5', 'const_1', 'v2'), ('//', 'x8', 'v0', 'v3'), ('*', 'const_0', 'const_1', 'v4'), ('+', 'v3', 'x4', 'v5'), ('*', 'x1', 'x6', 'v6'), ('//', 'x4', 'x1', 'v7'), ('*', 'v7', 'v4', 'v8'), ('*', 'x4', 'x4', 'v9')]","(0, 0, 0, 0, 1, 0, 0, 0, 0, 0)",33
817,"[('*', 'x3', 'x9', 'v0'), ('*', 'x5', 'const_1', 'v1'), ('*', 'x1', 'x5', 'v2'), ('*', 'x7', 'x4', 'v3'), ('//', 'x2', 'x7', 'v4'), ('+', 'x1', 'const_1', 'v5'), ('//', 'x5', 'x1', 'v6'), ('//', 'v3', 'v4', 'v7'), ('*', 'x6', 'v4', 'v8'), ('+', 'x1', 'x6', 'v9')]","(0, 0, 0, 0, 0, 0, 1, 0, 0, 0)",9
818,"[('*', 'x0', 'x9', 'v0'), ('//', 'v0', 'x2', 'v1'), ('*', 'x5', 'v0', 'v2'), ('*', 'x8', 'x9', 'v3'), ('+', 'const_0', 'x1', 'v4'), ('*', 'v1', 'x2', 'v5'), ('*', 'v3', 'v0', 'v6'), ('+', 'x9', 'x5', 'v7'), ('+', 'v5', 'v1', 'v8'), ('//', 'x5', 'x6', 'v9')]","(0, 0, 0, 0, 0, 1, 1, 0, 0, 0)",25
819,"[('+', 'x5', 'x9', 'v0'), ('//', 'x8', 'v0', 'v1'), ('*', 'x9', 'x2', 'v2'), ('+', 'v1', 'x6', 'v3'), ('*', 'x3', 'v3', 'v4'), ('//', 'x9', 'x8', 'v5'), ('//', 'x5', 'x4', 'v6'), ('*', 'const_0', 'x1', 'v7'), ('+', 'v4', 'x1', 'v8'), ('*', 'x2', 'x2', 'v9')]","(0, 0, 1, 0, 0, 0, 0, 0, 0, 0)",129
820,"[('+', 'x7', 'x6', 'v0'), ('//', 'x0', 'x0', 'v1'), ('+', 'const_1', 'x5', 'v2'), ('//', 'v2', 'v2', 'v3'), ('//', 'x1', 'x6', 'v4'), ('//', 'const_0', 'x6', 'v5'), ('+', 'v5', 'v4', 'v6'), ('//', 'x1', 'v1', 'v7'), ('+', 'x1', 'const_0', 'v8'), ('//', 'x6', 'x7', 'v9')]","(0, 0, 0, 0, 0, 0, 1, 1, 0, 0)",13
821,"[('//', 'const_1', 'x7', 'v0'), ('*', 'x9', 'x6', 'v1'), ('+', 'x9', 'x1', 'v2'), ('//', 'x5', 'x2', 'v3'), ('//', 'v2', 'x3', 'v4'), ('*', 'x4', 'v3', 'v5'), ('*', 'x6', 'v0', 'v6'), ('+', 'x4', 'x9', 'v7'), ('+', 'x0', 'x7', 'v8'), ('//', 'v5', 'v7', 'v9')]","(0, 0, 1, 0, 1, 1, 0, 0, 0, 0)",177
822,"[('//', 'x4', 'x8', 'v0'), ('*', 'x3', 'v0', 'v1'), ('+', 'x0', 'const_0', 'v2'), ('+', 'const_0', 'x5', 'v3'), ('+', 'x1', 'const_1', 'v4'), ('+', 'v4', 'x0', 'v5'), ('+', 'x8', 'v4', 'v6'), ('+', 'v5', 'x4', 'v7'), ('*', 'v1', 'v4', 'v8'), ('//', 'v8', 'v6', 'v9')]",None,1024
823,"[('+', 'x9', 'const_0', 'v0'), ('//', 'x2', 'const_1', 'v1'), ('//', 'x6', 'x9', 'v2'), ('*', 'v1', 'const_0', 'v3'), ('//', 'x9', 'v3', 'v4'), ('*', 'x2', 'x3', 'v5'), ('//', 'x9', 'x9', 'v6'), ('+', 'x2', 'x9', 'v7'), ('+', 'x8', 'const_1', 'v8'), ('+', 'x0', 'v1', 'v9')]","(0, 0, 1, 0, 0, 0, 0, 0, 0, 0)",129
824,"[('//', 'x8', 'x4', 'v0'), ('*', 'x8', 'const_1', 'v1'), ('+', 'x9', 'const_1', 'v2'), ('+', 'x3', 'x8', 'v3'), ('+', 'v2', 'x2', 'v4'), ('//', 'v4', 'x9', 'v5'), ('//', 'x3', 'v4', 'v6'), ('//', 'const_1', 'x9', 'v7'), ('//', 'v5', 'v3', 'v8'), ('//', 'x1', 'x4', 'v9')]","(0, 1, 0, 0, 1, 0, 0, 0, 0, 0)",289
825,"[('*', 'const_1', 'x4', 'v0'), ('//', 'x6', 'x3', 'v1'), ('*', 'const_0', 'x3', 'v2'), ('+', 'x0', 'x1', 'v3'), ('+', 'x9', 'x4', 'v4'), ('+', 'x9', 'x7', 'v5'), ('+', 'v3', 'v5', 'v6'), ('+', 'x2', 'x7', 'v7'), ('//', 'v4', 'v5', 'v8'), ('+', 'x5', 'x3', 'v9')]","(0, 0, 0, 0, 0, 1, 0, 0, 0, 0)",17
826,"[('//', 'x5', 'x2', 'v0'), ('+', 'x7', 'x7', 'v1'), ('+', 'x2', 'x4', 'v2'), ('+', 'x6', 'x0', 'v3'), ('//', 'x2', 'v0', 'v4'), ('+', 'v3', 'x9', 'v5'), ('+', 'v2', 'x2', 'v6'), ('*', 'v5', 'v0', 'v7'), ('+', 'x1', 'x6', 'v8'), ('*', 'v7', 'x5', 'v9')]","(0, 0, 1, 0, 0, 1, 0, 0, 0, 1)",146
827,"[('*', 'x5', 'x4', 'v0'), ('*', 'x3', 'x5', 'v1'), ('+', 'x8', 'x3', 'v2'), ('*', 'v1', 'x6', 'v3'), ('*', 'x1', 'x5', 'v4'), ('+', 'x8', 'const_1', 'v5'), ('+', 'x6', 'x6', 'v6'), ('*', 'v1', 'x9', 'v7'), ('//', 'v4', 'v7', 'v8'), ('*', 'v6', 'const_1', 'v9')]","(0, 0, 0, 0, 0, 0, 1, 0, 0, 0)",9
828,"[('*', 'x0', 'const_1', 'v0'), ('+', 'x1', 'x3', 'v1'), ('*', 'x2', 'const_1', 'v2'), ('*', 'x2', 'const_0', 'v3'), ('//', 'v3', 'x8', 'v4'), ('//', 'v2', 'x8', 'v5'), ('//', 'v2', 'x7', 'v6'), ('//', 'x4', 'x1', 'v7'), ('//', 'x2', 'v3', 'v8'), ('+', 'x3', 'x0', 'v9')]","(0, 0, 0, 1, 0, 0, 0, 0, 0, 0)",65
829,"[('*', 'x4', 'x5', 'v0'), ('//', 'x3', 'const_1', 'v1'), ('+', 'x0', 'x3', 'v2'), ('//', 'x3', 'x3', 'v3'), ('//', 'v0', 'const_1', 'v4'), ('*', 'v0', 'const_1', 'v5'), ('+', 'x0', 'x8', 'v6'), ('//', 'x2', 'const_1', 'v7'), ('+', 'x8', 'v6', 'v8'), ('+', 'v4', 'v6', 'v9')]","(0, 0, 0, 0, 0, 0, 0, 0, 1, 0)",3
830,"[('+', 'x5', 'x3', 'v0'), ('*', 'x7', 'const_1', 'v1'), ('*', 'x5', 'const_0', 'v2'), ('//', 'x6', 'const_1', 'v3'), ('//', 'v3', 'v1', 'v4'), ('+', 'v2', 'const_0', 'v5'), ('*', 'const_0', 'x1', 'v6'), ('*', 'x6', 'x2', 'v7'), ('*', 'v6', 'x3', 'v8'), ('//', 'x3', 'x4', 'v9')]","(0, 0, 0, 1, 1, 0, 0, 0, 0, 0)",97
831,"[('//', 'x4', 'x8', 'v0'), ('+', 'x0', 'x2', 'v1'), ('//', 'x3', 'x6', 'v2'), ('*', 'x0', 'x3', 'v3'), ('+', 'x5', 'x3', 'v4'), ('//', 'v4', 'v4', 'v5'), ('*', 'v3', 'x2', 'v6'), ('*', 'x0', 'x7', 'v7'), ('*', 'v7', 'v2', 'v8'), ('//', 'v8', 'x6', 'v9')]","(1, 0, 0, 1, 0, 0, 1, 1, 0, 0)",589
832,"[('//', 'x6', 'x9', 'v0'), ('+', 'const_0', 'const_1', 'v1'), ('+', 'const_1', 'x7', 'v2'), ('+', 'x3', 'x3', 'v3'), ('+', 'x5', 'x6', 'v4'), ('*', 'v3', 'x7', 'v5'), ('*', 'v5', 'const_0', 'v6'), ('*', 'x2', 'v2', 'v7'), ('//', 'x8', 'x7', 'v8'), ('+', 'x4', 'v7', 'v9')]","(0, 0, 0, 0, 1, 0, 0, 0, 0, 0)",33
833,"[('//', 'x4', 'x8', 'v0'), ('//', 'x7', 'const_1', 'v1'), ('//', 'x4', 'v1', 'v2'), ('*', 'x5', 'x3', 'v3'), ('*', 'x2', 'v3', 'v4'), ('*', 'x0', 'x5', 'v5'), ('+', 'x7', 'x8', 'v6'), ('//', 'x0', 'v2', 'v7'), ('//', 'x3', 'x3', 'v8'), ('+', 'x8', 'v6', 'v9')]","(0, 0, 0, 0, 0, 0, 0, 0, 1, 0)",3
834,"[('+', 'const_0', 'x5', 'v0'), ('*', 'x4', 'x3', 'v1'), ('*', 'const_0', 'x5', 'v2'), ('//', 'const_0', 'x8', 'v3'), ('*', 'v3', 'x8', 'v4'), ('*', 'x2', 'x0', 'v5'), ('*', 'v5', 'v1', 'v6'), ('//', 'x0', 'v5', 'v7'), ('*', 'x1', 'v0', 'v8'), ('+', 'x3', 'v7', 'v9')]","(0, 0, 0, 1, 0, 0, 0, 0, 0, 0)",65
835,"[('*', 'x2', 'x3', 'v0'), ('//', 'x8', 'x2', 'v1'), ('*', 'x5', 'v1', 'v2'), ('*', 'x8', 'x2', 'v3'), ('//', 'const_1', 'x9', 'v4'), ('//', 'x3', 'x2', 'v5'), ('+', 'x8', 'const_0', 'v6'), ('*', 'x6', 'x1', 'v7'), ('*', 'v2', 'x6', 'v8'), ('*', 'v7', 'v0', 'v9')]","(0, 1, 1, 1, 0, 0, 1, 0, 0, 0)",457
836,"[('*', 'x1', 'x1', 'v0'), ('//', 'x9', 'x1', 'v1'), ('+', 'x8', 'x3', 'v2'), ('*', 'x0', 'v2', 'v3'), ('//', 'const_0', 'x2', 'v4'), ('*', 'x4', 'x6', 'v5'), ('//', 'const_0', 'x2', 'v6'), ('//', 'const_0', 'v1', 'v7'), ('//', 'x4', 'x6', 'v8'), ('//', 'x8', 'v1', 'v9')]","(0, 1, 0, 0, 0, 0, 0, 0, 1, 1)",260
837,"[('*', 'const_1', 'x9', 'v0'), ('+', 'x0', 'x4', 'v1'), ('*', 'v1', 'v1', 'v2'), ('+', 'x8', 'x9', 'v3'), ('+', 'v3', 'v3', 'v4'), ('+', 'v2', 'v1', 'v5'), ('*', 'x4', 'x9', 'v6'), ('//', 'v0', 'v2', 'v7'), ('//', 'x9', 'x0', 'v8'), ('//', 'x5', 'x7', 'v9')]","(0, 0, 0, 0, 0, 1, 0, 1, 0, 0)",21
838,"[('//', 'x4', 'x9', 'v0'), ('//', 'x5', 'x4', 'v1'), ('*', 'x2', 'x6', 'v2'), ('//', 'x3', 'x3', 'v3'), ('+', 'x8', 'x0', 'v4'), ('*', 'x6', 'v0', 'v5'), ('*', 'x5', 'x6', 'v6'), ('+', 'v0', 'x7', 'v7'), ('+', 'v0', 'const_0', 'v8'), ('//', 'v3', 'x4', 'v9')]","(0, 0, 0, 1, 1, 0, 0, 0, 0, 0)",97
839,"[('*', 'x8', 'x7', 'v0'), ('*', 'x4', 'x0', 'v1'), ('//', 'x9', 'x4', 'v2'), ('//', 'x7', 'x6', 'v3'), ('+', 'x8', 'x2', 'v4'), ('*', 'v3', 'x9', 'v5'), ('//', 'x2', 'x6', 'v6'), ('+', 'v1', 'x1', 'v7'), ('//', 'x3', 'const_1', 'v8'), ('*', 'v5', 'x4', 'v9')]","(0, 0, 0, 0, 1, 0, 1, 1, 0, 1)",46
840,"[('+', 'const_1', 'x5', 'v0'), ('+', 'x5', 'x4', 'v1'), ('*', 'x2', 'v0', 'v2'), ('*', 'x7', 'x2', 'v3'), ('//', 'v2', 'x8', 'v4'), ('*', 'x6', 'x4', 'v5'), ('+', 'x2', 'x9', 'v6'), ('+', 'v0', 'v4', 'v7'), ('//', 'v0', 'v7', 'v8'), ('//', 'v2', 'x6', 'v9')]","(0, 0, 1, 0, 0, 0, 1, 0, 0, 0)",137
841,"[('+', 'const_1', 'const_0', 'v0'), ('*', 'x0', 'x2', 'v1'), ('+', 'v1', 'x4', 'v2'), ('//', 'const_1', 'v2', 'v3'), ('*', 'v2', 'x8', 'v4'), ('+', 'x4', 'x3', 'v5'), ('//', 'x5', 'x5', 'v6'), ('+', 'v3', 'v1', 'v7'), ('+', 'x2', 'x0', 'v8'), ('+', 'v7', 'v0', 'v9')]","(0, 0, 0, 0, 0, 0, 0, 0, 0, 0)",1
842,"[('//', 'x1', 'x4', 'v0'), ('*', 'const_1', 'const_0', 'v1'), ('//', 'x7', 'x5', 'v2'), ('+', 'x4', 'x3', 'v3'), ('+', 'x2', 'x6', 'v4'), ('*', 'v4', 'x5', 'v5'), ('*', 'v1', 'v1', 'v6'), ('*', 'x7', 'const_0', 'v7'), ('//', 'v3', 'x0', 'v8'), ('+', 'v1', 'x7', 'v9')]","(0, 0, 0, 0, 0, 0, 0, 1, 0, 0)",5
843,"[('+', 'x6', 'const_0', 'v0'), ('//', 'x3', 'const_1', 'v1'), ('*', 'const_1', 'x3', 'v2'), ('*', 'const_1', 'x1', 'v3'), ('+', 'x8', 'x0', 'v4'), ('//', 'const_1', 'x5', 'v5'), ('*', 'v0', 'v0', 'v6'), ('*', 'v2', 'x5', 'v7'), ('*', 'x4', 'v7', 'v8'), ('*', 'const_1', 'x7', 'v9')]","(0, 0, 0, 0, 0, 0, 0, 1, 0, 0)",5
844,"[('//', 'x6', 'x4', 'v0'), ('*', 'const_1', 'x4', 'v1'), ('//', 'x2', 'const_1', 'v2'), ('+', 'v2', 'const_0', 'v3'), ('//', 'x4', 'v1', 'v4'), ('//', 'x0', 'v1', 'v5'), ('+', 'x7', 'v2', 'v6'), ('*', 'x5', 'v1', 'v7'), ('//', 'x4', 'x9', 'v8'), ('//', 'x7', 'v6', 'v9')]","(0, 0, 0, 0, 0, 0, 0, 1, 0, 0)",5
845,"[('+', 'const_0', 'const_1', 'v0'), ('*', 'x1', 'x6', 'v1'), ('+', 'x2', 'x8', 'v2'), ('+', 'const_1', 'x1', 'v3'), ('*', 'x6', 'v0', 'v4'), ('+', 'x3', 'x2', 'v5'), ('//', 'v5', 'const_1', 'v6'), ('+', 'const_1', 'v4', 'v7'), ('//', 'v1', 'v0', 'v8'), ('*', 'const_0', 'x7', 'v9')]",None,1024
846,"[('*', 'const_1', 'x8', 'v0'), ('+', 'const_0', 'x0', 'v1'), ('+', 'const_1', 'v0', 'v2'), ('//', 'x1', 'x5', 'v3'), ('//', 'x7', 'v2', 'v4'), ('+', 'x1', 'v3', 'v5'), ('//', 'v1', 'v0', 'v6'), ('//', 'v2', 'x5', 'v7'), ('//', 'v6', 'x8', 'v8'), ('+', 'x7', 'v2', 'v9')]","(0, 0, 0, 0, 0, 0, 0, 0, 0, 0)",1
847,"[('*', 'x2', 'x8', 'v0'), ('*', 'x4', 'x3', 'v1'), ('//', 'v0', 'x8', 'v2'), ('*', 'v2', 'x2', 'v3'), ('//', 'x7', 'x3', 'v4'), ('+', 'x2', 'x0', 'v5'), ('*', 'v0', 'x2', 'v6'), ('+', 'const_0', 'x9', 'v7'), ('*', 'x8', 'v7', 'v8'), ('//', 'const_0', 'x8', 'v9')]",None,1024
848,"[('//', 'x4', 'x2', 'v0'), ('+', 'x0', 'v0', 'v1'), ('+', 'x1', 'x4', 'v2'), ('*', 'x5', 'x1', 'v3'), ('*', 'v2', 'x5', 'v4'), ('+', 'v4', 'v4', 'v5'), ('+', 'v2', 'x2', 'v6'), ('//', 'const_1', 'x3', 'v7'), ('+', 'v3', 'v1', 'v8'), ('+', 'v7', 'v2', 'v9')]","(0, 0, 0, 0, 1, 0, 0, 0, 0, 0)",33
849,"[('*', 'x9', 'const_0', 'v0'), ('//', 'x3', 'x8', 'v1'), ('+', 'v1', 'x6', 'v2'), ('+', 'v2', 'x0', 'v3'), ('+', 'const_1', 'x2', 'v4'), ('*', 'const_0', 'x0', 'v5'), ('*', 'x9', 'v3', 'v6'), ('*', 'v4', 'v6', 'v7'), ('*', 'x3', 'x7', 'v8'), ('//', 'v6', 'v3', 'v9')]","(0, 0, 0, 0, 0, 0, 1, 0, 0, 1)",10
850,"[('*', 'const_0', 'x2', 'v0'), ('*', 'x7', 'x3', 'v1'), ('//', 'const_0', 'x2', 'v2'), ('//', 'x3', 'v1', 'v3'), ('//', 'x2', 'const_1', 'v4'), ('//', 'v2', 'x4', 'v5'), ('//', 'x1', 'x6', 'v6'), ('*', 'x5', 'v5', 'v7'), ('//', 'v5', 'x3', 'v8'), ('//', 'x2', 'v5', 'v9')]",None,1024
851,"[('//', 'x8', 'x5', 'v0'), ('*', 'x2', 'x0', 'v1'), ('*', 'x2', 'const_0', 'v2'), ('//', 'v2', 'x8', 'v3'), ('//', 'x4', 'x7', 'v4'), ('+', 'x2', 'x7', 'v5'), ('//', 'v3', 'v4', 'v6'), ('*', 'x2', 'x8', 'v7'), ('//', 'x5', 'v1', 'v8'), ('+', 'const_1', 'x4', 'v9')]","(0, 0, 0, 0, 0, 0, 0, 0, 0, 0)",1
852,"[('+', 'x1', 'const_1', 'v0'), ('//', 'x8', 'x9', 'v1'), ('//', 'x1', 'const_1', 'v2'), ('//', 'x1', 'v2', 'v3'), ('//', 'const_1', 'const_1', 'v4'), ('+', 'v2', 'v2', 'v5'), ('*', 'x6', 'const_0', 'v6'), ('//', 'const_0', 'x9', 'v7'), ('//', 'v6', 'x8', 'v8'), ('+', 'const_0', 'x1', 'v9')]","(0, 1, 0, 0, 0, 0, 0, 0, 0, 0)",257
853,"[('+', 'x6', 'x6', 'v0'), ('*', 'const_1', 'x9', 'v1'), ('//', 'v1', 'const_1', 'v2'), ('+', 'x6', 'x4', 'v3'), ('+', 'x0', 'v2', 'v4'), ('//', 'v3', 'const_1', 'v5'), ('*', 'v0', 'v3', 'v6'), ('+', 'v0', 'v4', 'v7'), ('//', 'v2', 'x9', 'v8'), ('//', 'v8', 'x0', 'v9')]","(1, 0, 0, 0, 0, 0, 0, 0, 0, 1)",514
854,"[('//', 'x6', 'x5', 'v0'), ('+', 'x5', 'x6', 'v1'), ('*', 'const_1', 'x3', 'v2'), ('*', 'x9', 'x9', 'v3'), ('+', 'x9', 'x3', 'v4'), ('*', 'v0', 'x1', 'v5'), ('//', 'v0', 'x9', 'v6'), ('+', 'v6', 'const_1', 'v7'), ('*', 'const_0', 'v1', 'v8'), ('//', 'x8', 'v7', 'v9')]","(0, 0, 0, 0, 0, 0, 0, 0, 1, 0)",3
855,"[('+', 'x0', 'x2', 'v0'), ('+', 'const_0', 'x4', 'v1'), ('//', 'x5', 'const_1', 'v2'), ('*', 'const_1', 'v0', 'v3'), ('//', 'const_1', 'x2', 'v4'), ('//', 'x8', 'x0', 'v5'), ('+', 'v5', 'x1', 'v6'), ('+', 'v2', 'v5', 'v7'), ('*', 'v6', 'x6', 'v8'), ('*', 'x5', 'x2', 'v9')]","(0, 0, 1, 0, 0, 1, 0, 0, 0, 0)",145
856,"[('+', 'x8', 'x2', 'v0'), ('//', 'x1', 'v0', 'v1'), ('//', 'x4', 'const_1', 'v2'), ('+', 'x2', 'x0', 'v3'), ('//', 'x6', 'const_1', 'v4'), ('*', 'v3', 'x0', 'v5'), ('*', 'v0', 'v4', 'v6'), ('//', 'x1', 'const_1', 'v7'), ('+', 'const_0', 'v0', 'v8'), ('//', 'const_0', 'x7', 'v9')]",None,1024
857,"[('+', 'x0', 'x5', 'v0'), ('*', 'x2', 'x1', 'v1'), ('//', 'v0', 'const_1', 'v2'), ('*', 'x4', 'x1', 'v3'), ('//', 'v1', 'x8', 'v4'), ('+', 'x6', 'x1', 'v5'), ('//', 'v3', 'v2', 'v6'), ('//', 'v4', 'x6', 'v7'), ('*', 'x8', 'x7', 'v8'), ('*', 'v4', 'v0', 'v9')]","(0, 1, 1, 0, 0, 1, 0, 0, 1, 0)",403
858,"[('+', 'x2', 'x3', 'v0'), ('//', 'x9', 'x8', 'v1'), ('//', 'x2', 'v0', 'v2'), ('*', 'x7', 'x8', 'v3'), ('*', 'x9', 'x3', 'v4'), ('//', 'x1', 'const_1', 'v5'), ('*', 'v1', 'x9', 'v6'), ('+', 'x1', 'v2', 'v7'), ('//', 'const_1', 'v3', 'v8'), ('+', 'v1', 'v8', 'v9')]","(0, 0, 0, 0, 0, 0, 0, 0, 1, 1)",4
859,"[('+', 'x5', 'x1', 'v0'), ('+', 'x7', 'v0', 'v1'), ('*', 'x9', 'v0', 'v2'), ('//', 'x2', 'x0', 'v3'), ('//', 'x2', 'v0', 'v4'), ('//', 'x5', 'x9', 'v5'), ('*', 'x9', 'x7', 'v6'), ('+', 'v6', 'x2', 'v7'), ('+', 'x8', 'v2', 'v8'), ('+', 'const_1', 'x1', 'v9')]","(0, 0, 0, 0, 0, 0, 0, 0, 0, 0)",1
860,"[('//', 'x0', 'x4', 'v0'), ('*', 'x8', 'x7', 'v1'), ('+', 'x8', 'x0', 'v2'), ('*', 'x0', 'const_0', 'v3'), ('*', 'x7', 'x7', 'v4'), ('*', 'x7', 'v1', 'v5'), ('*', 'v5', 'v2', 'v6'), ('+', 'x9', 'v2', 'v7'), ('//', 'x8', 'x9', 'v8'), ('+', 'const_1', 'v5', 'v9')]","(0, 0, 0, 0, 0, 0, 0, 0, 0, 0)",1
861,"[('*', 'x5', 'x3', 'v0'), ('//', 'x7', 'x9', 'v1'), ('+', 'x3', 'x1', 'v2'), ('*', 'x2', 'x2', 'v3'), ('*', 'x4', 'const_0', 'v4'), ('//', 'x1', 'const_1', 'v5'), ('*', 'v2', 'v2', 'v6'), ('*', 'x1', 'v1', 'v7'), ('//', 'x0', 'v6', 'v8'), ('+', 'v1', 'x5', 'v9')]","(0, 0, 0, 0, 0, 0, 0, 1, 0, 1)",6
862,"[('*', 'x8', 'const_1', 'v0'), ('+', 'const_0', 'x6', 'v1'), ('+', 'x9', 'const_1', 'v2'), ('*', 'x6', 'x3', 'v3'), ('//', 'x3', 'x0', 'v4'), ('*', 'v3', 'x6', 'v5'), ('//', 'x5', 'x5', 'v6'), ('+', 'x1', 'const_0', 'v7'), ('*', 'x5', 'v3', 'v8'), ('+', 'v7', 'x4', 'v9')]","(0, 0, 0, 0, 1, 0, 0, 0, 0, 0)",33
863,"[('//', 'x4', 'x4', 'v0'), ('//', 'x8', 'x7', 'v1'), ('//', 'v0', 'x7', 'v2'), ('//', 'const_0', 'x8', 'v3'), ('*', 'x1', 'x7', 'v4'), ('+', 'x8', 'const_0', 'v5'), ('*', 'x5', 'x1', 'v6'), ('*', 'v6', 'v2', 'v7'), ('+', 'x5', 'v1', 'v8'), ('//', 'v5', 'const_1', 'v9')]","(0, 0, 0, 0, 0, 0, 0, 0, 1, 0)",3
864,"[('//', 'const_1', 'x2', 'v0'), ('+', 'x3', 'v0', 'v1'), ('//', 'v0', 'x1', 'v2'), ('//', 'v0', 'v2', 'v3'), ('*', 'x5', 'v3', 'v4'), ('*', 'const_0', 'v0', 'v5'), ('*', 'x7', 'v5', 'v6'), ('+', 'x6', 'x2', 'v7'), ('+', 'x7', 'x9', 'v8'), ('*', 'x5', 'v3', 'v9')]","(0, 1, 1, 0, 0, 1, 0, 0, 0, 0)",401
865,"[('*', 'x7', 'x6', 'v0'), ('+', 'x8', 'x2', 'v1'), ('*', 'v1', 'x4', 'v2'), ('*', 'x6', 'x0', 'v3'), ('*', 'x0', 'x9', 'v4'), ('//', 'x4', 'v3', 'v5'), ('//', 'x7', 'x5', 'v6'), ('+', 'x5', 'x2', 'v7'), ('//', 'v4', 'v7', 'v8'), ('+', 'v1', 'v6', 'v9')]","(0, 0, 0, 0, 0, 0, 0, 0, 1, 0)",3
866,"[('+', 'x2', 'x7', 'v0'), ('*', 'const_0', 'const_0', 'v1'), ('//', 'const_0', 'x0', 'v2'), ('*', 'x7', 'x0', 'v3'), ('//', 'x2', 'x3', 'v4'), ('*', 'x0', 'x8', 'v5'), ('*', 'v1', 'v5', 'v6'), ('//', 'const_1', 'x8', 'v7'), ('*', 'x8', 'x1', 'v8'), ('+', 'x1', 'v2', 'v9')]","(0, 1, 0, 0, 0, 0, 0, 0, 0, 0)",257
867,"[('+', 'x3', 'x6', 'v0'), ('//', 'x3', 'x3', 'v1'), ('//', 'v1', 'const_1', 'v2'), ('//', 'v2', 'x7', 'v3'), ('+', 'v3', 'x8', 'v4'), ('*', 'v0', 'x0', 'v5'), ('*', 'const_1', 'v2', 'v6'), ('+', 'x4', 'v5', 'v7'), ('+', 'x0', 'x3', 'v8'), ('*', 'x7', 'v4', 'v9')]","(0, 0, 0, 0, 0, 0, 0, 1, 1, 0)",7
868,"[('*', 'x7', 'x3', 'v0'), ('//', 'x2', 'const_1', 'v1'), ('//', 'x0', 'v0', 'v2'), ('+', 'x7', 'x9', 'v3'), ('*', 'v0', 'v0', 'v4'), ('//', 'x2', 'x1', 'v5'), ('*', 'v0', 'x0', 'v6'), ('//', 'x3', 'x0', 'v7'), ('*', 'x4', 'x1', 'v8'), ('+', 'v3', 'x9', 'v9')]","(0, 0, 0, 0, 0, 0, 0, 0, 0, 1)",2
869,"[('*', 'x3', 'x0', 'v0'), ('//', 'const_0', 'x3', 'v1'), ('*', 'x2', 'x8', 'v2'), ('+', 'v2', 'x8', 'v3'), ('//', 'const_1', 'x3', 'v4'), ('*', 'v0', 'x9', 'v5'), ('//', 'v5', 'x9', 'v6'), ('+', 'x2', 'x9', 'v7'), ('//', 'v6', 'v2', 'v8'), ('//', 'v7', 'const_1', 'v9')]","(0, 0, 0, 0, 0, 0, 0, 0, 0, 1)",2
870,"[('*', 'x6', 'x4', 'v0'), ('//', 'v0', 'x1', 'v1'), ('+', 'v1', 'x2', 'v2'), ('//', 'v2', 'x5', 'v3'), ('//', 'x1', 'const_1', 'v4'), ('//', 'v4', 'const_1', 'v5'), ('+', 'const_0', 'v3', 'v6'), ('+', 'x6', 'x2', 'v7'), ('//', 'v4', 'x6', 'v8'), ('*', 'x2', 'x7', 'v9')]","(0, 0, 1, 0, 0, 0, 0, 1, 0, 0)",133
871,"[('*', 'x9', 'x4', 'v0'), ('+', 'x2', 'x7', 'v1'), ('+', 'v0', 'x9', 'v2'), ('+', 'v1', 'x1', 'v3'), ('*', 'v1', 'v3', 'v4'), ('+', 'x7', 'x4', 'v5'), ('//', 'v4', 'v5', 'v6'), ('*', 'v6', 'v3', 'v7'), ('//', 'v3', 'x2', 'v8'), ('*', 'v1', 'v0', 'v9')]","(0, 0, 0, 0, 1, 0, 0, 1, 0, 1)",38
872,"[('*', 'x6', 'x9', 'v0'), ('*', 'const_0', 'v0', 'v1'), ('//', 'v0', 'const_1', 'v2'), ('//', 'const_1', 'x1', 'v3'), ('//', 'x5', 'x0', 'v4'), ('+', 'v4', 'v2', 'v5'), ('+', 'x6', 'const_0', 'v6'), ('*', 'x7', 'v6', 'v7'), ('+', 'v0', 'v6', 'v8'), ('//', 'x6', 'v1', 'v9')]",None,1024
873,"[('+', 'x5', 'x0', 'v0'), ('*', 'const_0', 'x2', 'v1'), ('//', 'v1', 'x0', 'v2'), ('*', 'x1', 'x7', 'v3'), ('//', 'v2', 'x5', 'v4'), ('//', 'x6', 'x4', 'v5'), ('+', 'x9', 'x0', 'v6'), ('+', 'v1', 'x1', 'v7'), ('*', 'v4', 'v3', 'v8'), ('*', 'const_1', 'x5', 'v9')]","(0, 0, 0, 0, 0, 1, 0, 0, 0, 0)",17
874,"[('+', 'x7', 'x7', 'v0'), ('*', 'x5', 'x2', 'v1'), ('//', 'x7', 'x5', 'v2'), ('*', 'x5', 'const_1', 'v3'), ('+', 'v2', 'x5', 'v4'), ('+', 'x0', 'x3', 'v5'), ('+', 'v4', 'v4', 'v6'), ('+', 'v6', 'v0', 'v7'), ('*', 'x9', 'x3', 'v8'), ('*', 'const_0', 'const_0', 'v9')]",None,1024
875,"[('//', 'const_0', 'x9', 'v0'), ('//', 'x2', 'x9', 'v1'), ('*', 'x9', 'x7', 'v2'), ('//', 'x6', 'x1', 'v3'), ('+', 'x5', 'x0', 'v4'), ('+', 'x7', 'v0', 'v5'), ('//', 'v3', 'x9', 'v6'), ('+', 'x7', 'x6', 'v7'), ('*', 'v5', 'v7', 'v8'), ('//', 'x7', 'v7', 'v9')]","(0, 0, 0, 0, 0, 0, 0, 1, 0, 0)",5
876,"[('*', 'x2', 'x2', 'v0'), ('//', 'const_1', 'const_1', 'v1'), ('+', 'x5', 'x5', 'v2'), ('*', 'x5', 'x8', 'v3'), ('*', 'x0', 'const_0', 'v4'), ('*', 'v3', 'x8', 'v5'), ('//', 'const_0', 'x7', 'v6'), ('//', 'const_0', 'x5', 'v7'), ('//', 'const_0', 'x0', 'v8'), ('//', 'v7', 'v3', 'v9')]",None,1024
877,"[('+', 'x5', 'const_0', 'v0'), ('+', 'x7', 'const_0', 'v1'), ('*', 'v1', 'x0', 'v2'), ('//', 'x7', 'v0', 'v3'), ('*', 'x4', 'v3', 'v4'), ('*', 'x6', 'x2', 'v5'), ('+', 'const_1', 'v5', 'v6'), ('//', 'v3', 'v1', 'v7'), ('+', 'v3', 'v2', 'v8'), ('//', 'v1', 'v7', 'v9')]","(0, 0, 0, 0, 0, 1, 0, 1, 0, 0)",21
878,"[('*', 'x1', 'x4', 'v0'), ('//', 'x4', 'x3', 'v1'), ('*', 'x5', 'x9', 'v2'), ('//', 'x5', 'x1', 'v3'), ('*', 'v3', 'x9', 'v4'), ('*', 'x9', 'v1', 'v5'), ('*', 'v3', 'x3', 'v6'), ('+', 'v4', 'v3', 'v7'), ('*', 'v7', 'x9', 'v8'), ('//', 'v4', 'v5', 'v9')]","(0, 1, 0, 1, 1, 1, 0, 0, 0, 1)",370
879,"[('//', 'x7', 'x1', 'v0'), ('+', 'x8', 'v0', 'v1'), ('*', 'const_1', 'x5', 'v2'), ('+', 'x6', 'const_1', 'v3'), ('//', 'const_1', 'x6', 'v4'), ('+', 'x7', 'x7', 'v5'), ('*', 'x4', 'x3', 'v6'), ('+', 'x8', 'const_1', 'v7'), ('*', 'x4', 'x6', 'v8'), ('+', 'v6', 'x7', 'v9')]","(0, 0, 0, 0, 0, 0, 0, 1, 0, 0)",5
880,"[('//', 'x0', 'x2', 'v0'), ('//', 'x9', 'x3', 'v1'), ('*', 'x8', 'v1', 'v2'), ('//', 'x5', 'x1', 'v3'), ('//', 'x6', 'v0', 'v4'), ('//', 'v2', 'x1', 'v5'), ('+', 'v4', 'x0', 'v6'), ('+', 'x7', 'v0', 'v7'), ('*', 'x0', 'x1', 'v8'), ('*', 'x5', 'v4', 'v9')]","(1, 0, 1, 0, 0, 1, 1, 0, 0, 0)",665
881,"[('+', 'x2', 'x6', 'v0'), ('*', 'x6', 'const_1', 'v1'), ('//', 'const_0', 'const_1', 'v2'), ('+', 'v1', 'x4', 'v3'), ('*', 'v1', 'v1', 'v4'), ('*', 'v0', 'v0', 'v5'), ('//', 'const_0', 'v4', 'v6'), ('+', 'x2', 'x4', 'v7'), ('+', 'x1', 'x6', 'v8'), ('//', 'x6', 'x9', 'v9')]","(0, 0, 0, 0, 0, 0, 1, 0, 0, 1)",10
882,"[('+', 'x6', 'x7', 'v0'), ('*', 'x0', 'x1', 'v1'), ('+', 'const_1', 'v0', 'v2'), ('//', 'x4', 'x2', 'v3'), ('+', 'v0', 'v2', 'v4'), ('//', 'x5', 'x0', 'v5'), ('//', 'x5', 'v2', 'v6'), ('+', 'const_0', 'x6', 'v7'), ('*', 'x9', 'x5', 'v8'), ('//', 'v1', 'v5', 'v9')]","(1, 1, 0, 0, 0, 1, 0, 0, 0, 0)",785
883,"[('//', 'x3', 'x4', 'v0'), ('//', 'x2', 'x1', 'v1'), ('+', 'x1', 'x0', 'v2'), ('//', 'x3', 'x0', 'v3'), ('+', 'x5', 'x0', 'v4'), ('//', 'v3', 'x4', 'v5'), ('//', 'x9', 'x4', 'v6'), ('+', 'x3', 'v5', 'v7'), ('//', 'v1', 'v4', 'v8'), ('//', 'v3', 'x1', 'v9')]","(1, 1, 0, 1, 0, 0, 0, 0, 0, 0)",833
884,"[('+', 'x7', 'x3', 'v0'), ('//', 'x9', 'v0', 'v1'), ('*', 'x7', 'const_0', 'v2'), ('+', 'v2', 'x0', 'v3'), ('+', 'x2', 'v2', 'v4'), ('//', 'x0', 'x2', 'v5'), ('+', 'v1', 'v3', 'v6'), ('+', 'v0', 'x7', 'v7'), ('+', 'x6', 'x7', 'v8'), ('+', 'x1', 'x7', 'v9')]","(0, 0, 0, 0, 0, 0, 0, 1, 0, 0)",5
885,"[('*', 'x9', 'x9', 'v0'), ('//', 'x7', 'x2', 'v1'), ('+', 'const_0', 'x0', 'v2'), ('+', 'x0', 'const_1', 'v3'), ('*', 'const_1', 'v0', 'v4'), ('//', 'x6', 'v2', 'v5'), ('*', 'x9', 'x7', 'v6'), ('+', 'v4', 'v6', 'v7'), ('//', 'v7', 'x2', 'v8'), ('+', 'x3', 'v7', 'v9')]","(0, 0, 0, 0, 0, 0, 0, 0, 0, 1)",2
886,"[('*', 'x6', 'x8', 'v0'), ('//', 'x5', 'x7', 'v1'), ('+', 'x8', 'const_1', 'v2'), ('*', 'v1', 'v1', 'v3'), ('*', 'x7', 'x2', 'v4'), ('//', 'x7', 'x3', 'v5'), ('+', 'const_0', 'x1', 'v6'), ('*', 'v4', 'x8', 'v7'), ('//', 'v0', 'x7', 'v8'), ('*', 'v5', 'x6', 'v9')]","(0, 0, 0, 1, 0, 0, 1, 1, 0, 0)",77
887,"[('//', 'x1', 'x3', 'v0'), ('*', 'x7', 'x7', 'v1'), ('//', 'x6', 'x0', 'v2'), ('+', 'x6', 'v0', 'v3'), ('+', 'v1', 'x8', 'v4'), ('+', 'x0', 'x4', 'v5'), ('*', 'x0', 'const_1', 'v6'), ('*', 'v0', 'v1', 'v7'), ('+', 'const_0', 'v1', 'v8'), ('*', 'v2', 'x5', 'v9')]","(1, 0, 0, 0, 0, 1, 1, 0, 0, 0)",537
888,"[('+', 'x3', 'x5', 'v0'), ('+', 'x8', 'x9', 'v1'), ('*', 'x4', 'v0', 'v2'), ('//', 'x0', 'x5', 'v3'), ('//', 'v1', 'x6', 'v4'), ('//', 'x1', 'const_1', 'v5'), ('+', 'v5', 'v0', 'v6'), ('//', 'v6', 'v0', 'v7'), ('+', 'x7', 'v2', 'v8'), ('+', 'v3', 'x1', 'v9')]","(0, 1, 0, 0, 0, 0, 0, 0, 0, 0)",257
889,"[('*', 'const_0', 'x4', 'v0'), ('+', 'x8', 'x8', 'v1'), ('*', 'x5', 'x9', 'v2'), ('//', 'x7', 'const_1', 'v3'), ('//', 'x0', 'const_1', 'v4'), ('*', 'v4', 'x8', 'v5'), ('//', 'x9', 'x5', 'v6'), ('*', 'x5', 'v2', 'v7'), ('//', 'v7', 'x7', 'v8'), ('+', 'x8', 'v5', 'v9')]","(0, 0, 0, 0, 0, 0, 0, 0, 1, 0)",3
890,"[('//', 'x0', 'x2', 'v0'), ('//', 'x1', 'x1', 'v1'), ('//', 'x1', 'x2', 'v2'), ('*', 'x7', 'x6', 'v3'), ('//', 'v0', 'x6', 'v4'), ('+', 'x7', 'x4', 'v5'), ('//', 'x7', 'v2', 'v6'), ('*', 'v4', 'x5', 'v7'), ('//', 'v2', 'x1', 'v8'), ('+', 'x5', 'v0', 'v9')]","(0, 0, 0, 0, 0, 1, 0, 0, 0, 0)",17
891,"[('+', 'x5', 'const_1', 'v0'), ('//', 'x0', 'const_1', 'v1'), ('*', 'x1', 'x6', 'v2'), ('+', 'x9', 'const_1', 'v3'), ('+', 'x6', 'x0', 'v4'), ('+', 'v3', 'v4', 'v5'), ('*', 'v2', 'v5', 'v6'), ('*', 'v3', 'v2', 'v7'), ('*', 'x9', 'x7', 'v8'), ('+', 'v0', 'v8', 'v9')]","(0, 0, 0, 0, 0, 0, 0, 0, 0, 0)",1
892,"[('+', 'x4', 'x0', 'v0'), ('*', 'x0', 'const_0', 'v1'), ('*', 'x3', 'x6', 'v2'), ('//', 'v1', 'v0', 'v3'), ('*', 'x4', 'x5', 'v4'), ('*', 'x2', 'v3', 'v5'), ('*', 'v0', 'x2', 'v6'), ('+', 'v0', 'v5', 'v7'), ('+', 'v0', 'x9', 'v8'), ('+', 'v3', 'v4', 'v9')]","(0, 0, 0, 0, 1, 1, 0, 0, 0, 0)",49
893,"[('*', 'x9', 'const_1', 'v0'), ('//', 'x5', 'v0', 'v1'), ('//', 'x6', 'v1', 'v2'), ('+', 'x7', 'x7', 'v3'), ('//', 'const_0', 'x4', 'v4'), ('//', 'x7', 'x6', 'v5'), ('+', 'const_1', 'v2', 'v6'), ('//', 'x4', 'x5', 'v7'), ('*', 'v5', 'x0', 'v8'), ('//', 'v0', 'v2', 'v9')]","(0, 0, 0, 0, 0, 1, 1, 0, 0, 1)",26
894,"[('+', 'x4', 'const_1', 'v0'), ('*', 'x5', 'x2', 'v1'), ('+', 'x1', 'x9', 'v2'), ('*', 'x3', 'x8', 'v3'), ('//', 'v2', 'v3', 'v4'), ('//', 'x7', 'v0', 'v5'), ('+', 'x6', 'const_0', 'v6'), ('*', 'const_1', 'x1', 'v7'), ('+', 'v0', 'x2', 'v8'), ('//', 'v2', 'v3', 'v9')]","(0, 0, 0, 1, 0, 0, 0, 0, 1, 1)",68
895,"[('*', 'x8', 'x2', 'v0'), ('*', 'v0', 'const_0', 'v1'), ('+', 'x3', 'v0', 'v2'), ('//', 'x0', 'x5', 'v3'), ('//', 'const_0', 'v3', 'v4'), ('*', 'const_0', 'x7', 'v5'), ('+', 'const_1', 'v2', 'v6'), ('+', 'const_0', 'v2', 'v7'), ('+', 'const_1', 'v0', 'v8'), ('//', 'x6', 'v5', 'v9')]",None,1024
896,"[('+', 'const_0', 'const_0', 'v0'), ('*', 'x1', 'x0', 'v1'), ('*', 'v1', 'x0', 'v2'), ('*', 'x6', 'x5', 'v3'), ('//', 'const_0', 'x1', 'v4'), ('*', 'v1', 'x5', 'v5'), ('//', 'x8', 'x8', 'v6'), ('//', 'x7', 'x2', 'v7'), ('+', 'x8', 'x3', 'v8'), ('//', 'x2', 'v4', 'v9')]",None,1024
897,"[('+', 'x8', 'x6', 'v0'), ('*', 'x8', 'v0', 'v1'), ('*', 'x8', 'x4', 'v2'), ('//', 'x0', 'x8', 'v3'), ('*', 'v2', 'v2', 'v4'), ('//', 'x1', 'x6', 'v5'), ('//', 'x9', 'x1', 'v6'), ('+', 'v3', 'x2', 'v7'), ('+', 'x5', 'x7', 'v8'), ('*', 'x2', 'x3', 'v9')]","(0, 0, 1, 1, 0, 0, 0, 0, 0, 0)",193
898,"[('*', 'x1', 'x3', 'v0'), ('//', 'const_1', 'v0', 'v1'), ('*', 'x7', 'const_1', 'v2'), ('*', 'x4', 'x9', 'v3'), ('*', 'x0', 'x4', 'v4'), ('+', 'v0', 'x5', 'v5'), ('*', 'x9', 'x2', 'v6'), ('*', 'v3', 'v5', 'v7'), ('+', 'v7', 'x9', 'v8'), ('//', 'x6', 'x3', 'v9')]","(0, 0, 0, 1, 0, 0, 1, 0, 0, 0)",73
899,"[('*', 'x9', 'x2', 'v0'), ('+', 'x5', 'v0', 'v1'), ('*', 'x3', 'x4', 'v2'), ('+', 'v1', 'x0', 'v3'), ('*', 'x5', 'x5', 'v4'), ('*', 'x2', 'v4', 'v5'), ('+', 'x8', 'x3', 'v6'), ('+', 'v4', 'const_1', 'v7'), ('//', 'v5', 'v1', 'v8'), ('+', 'v8', 'v1', 'v9')]","(0, 0, 0, 0, 0, 1, 0, 0, 0, 0)",17
900,"[('+', 'x2', 'x0', 'v0'), ('*', 'const_1', 'x7', 'v1'), ('+', 'x9', 'x3', 'v2'), ('+', 'x6', 'x0', 'v3'), ('*', 'x3', 'v2', 'v4'), ('+', 'x2', 'const_1', 'v5'), ('*', 'x7', 'x2', 'v6'), ('*', 'const_1', 'x2', 'v7'), ('*', 'x5', 'x3', 'v8'), ('//', 'x8', 'v6', 'v9')]","(0, 0, 1, 0, 0, 0, 0, 1, 1, 0)",135
901,"[('*', 'const_0', 'const_0', 'v0'), ('//', 'x1', 'x9', 'v1'), ('//', 'x7', 'x8', 'v2'), ('+', 'x1', 'v0', 'v3'), ('*', 'x8', 'x0', 'v4'), ('+', 'v4', 'x2', 'v5'), ('//', 'x5', 'x2', 'v6'), ('*', 'x3', 'v3', 'v7'), ('*', 'x3', 'const_1', 'v8'), ('+', 'v5', 'v0', 'v9')]","(0, 0, 1, 0, 0, 0, 0, 0, 0, 0)",129
902,"[('//', 'x5', 'x4', 'v0'), ('//', 'x2', 'const_1', 'v1'), ('+', 'x2', 'x0', 'v2'), ('//', 'x7', 'const_1', 'v3'), ('*', 'x3', 'x7', 'v4'), ('//', 'x3', 'v4', 'v5'), ('*', 'const_0', 'v2', 'v6'), ('+', 'x4', 'v6', 'v7'), ('+', 'x7', 'x6', 'v8'), ('//', 'x6', 'x2', 'v9')]","(0, 0, 1, 0, 0, 0, 1, 0, 0, 0)",137
903,"[('*', 'const_1', 'x6', 'v0'), ('//', 'x5', 'x8', 'v1'), ('+', 'x6', 'x9', 'v2'), ('+', 'x1', 'x2', 'v3'), ('*', 'x7', 'v1', 'v4'), ('//', 'x7', 'v2', 'v5'), ('//', 'v3', 'x8', 'v6'), ('//', 'x4', 'x2', 'v7'), ('//', 'x9', 'x8', 'v8'), ('*', 'v1', 'x9', 'v9')]","(0, 0, 0, 0, 0, 1, 0, 0, 1, 1)",20
904,"[('*', 'x0', 'x6', 'v0'), ('+', 'x0', 'x3', 'v1'), ('//', 'x2', 'x0', 'v2'), ('+', 'x4', 'const_1', 'v3'), ('*', 'x9', 'x1', 'v4'), ('//', 'v4', 'v2', 'v5'), ('//', 'v5', 'v0', 'v6'), ('+', 'x1', 'v1', 'v7'), ('*', 'v1', 'v7', 'v8'), ('*', 'x2', 'const_1', 'v9')]","(0, 0, 1, 0, 0, 0, 0, 0, 0, 0)",129
905,"[('*', 'x1', 'x5', 'v0'), ('*', 'x1', 'x9', 'v1'), ('//', 'x0', 'const_1', 'v2'), ('*', 'x8', 'x8', 'v3'), ('//', 'x5', 'v0', 'v4'), ('//', 'v4', 'x8', 'v5'), ('*', 'x5', 'v1', 'v6'), ('+', 'v3', 'v5', 'v7'), ('//', 'x3', 'v2', 'v8'), ('+', 'v4', 'x5', 'v9')]","(0, 0, 0, 0, 0, 1, 0, 0, 0, 0)",17
906,"[('//', 'x9', 'x2', 'v0'), ('*', 'x1', 'x3', 'v1'), ('//', 'x3', 'x9', 'v2'), ('//', 'x2', 'x8', 'v3'), ('//', 'x9', 'v0', 'v4'), ('//', 'x1', 'x5', 'v5'), ('//', 'x8', 'x7', 'v6'), ('//', 'x2', 'x4', 'v7'), ('+', 'x6', 'x4', 'v8'), ('//', 'v0', 'v6', 'v9')]","(0, 0, 1, 0, 0, 0, 0, 1, 1, 1)",136
907,"[('*', 'x6', 'x6', 'v0'), ('+', 'x1', 'x8', 'v1'), ('+', 'x5', 'v1', 'v2'), ('*', 'v1', 'const_1', 'v3'), ('//', 'v3', 'const_1', 'v4'), ('*', 'x4', 'const_0', 'v5'), ('+', 'x5', 'const_1', 'v6'), ('*', 'v4', 'x6', 'v7'), ('+', 'x5', 'x7', 'v8'), ('*', 'x0', 'v5', 'v9')]",None,1024
908,"[('*', 'x1', 'x7', 'v0'), ('+', 'x4', 'x4', 'v1'), ('//', 'x1', 'x3', 'v2'), ('+', 'x9', 'x2', 'v3'), ('//', 'const_1', 'v1', 'v4'), ('+', 'x6', 'const_1', 'v5'), ('+', 'x3', 'v3', 'v6'), ('//', 'x4', 'x3', 'v7'), ('+', 'v4', 'v5', 'v8'), ('*', 'v5', 'const_0', 'v9')]",None,1024
909,"[('*', 'x5', 'const_0', 'v0'), ('+', 'const_1', 'x8', 'v1'), ('*', 'const_0', 'x0', 'v2'), ('+', 'const_0', 'const_1', 'v3'), ('+', 'v3', 'const_1', 'v4'), ('+', 'x6', 'x8', 'v5'), ('*', 'x9', 'v1', 'v6'), ('*', 'v0', 'x8', 'v7'), ('+', 'x8', 'v4', 'v8'), ('+', 'x4', 'x5', 'v9')]","(0, 0, 0, 0, 0, 1, 0, 0, 0, 0)",17
910,"[('+', 'x6', 'x7', 'v0'), ('//', 'x1', 'x5', 'v1'), ('//', 'x4', 'x6', 'v2'), ('//', 'const_1', 'x5', 'v3'), ('*', 'x9', 'x5', 'v4'), ('*', 'x1', 'v2', 'v5'), ('+', 'x4', 'v3', 'v6'), ('+', 'v1', 'v3', 'v7'), ('+', 'x8', 'const_0', 'v8'), ('//', 'x1', 'v5', 'v9')]","(0, 1, 0, 0, 1, 0, 1, 0, 0, 0)",297
911,"[('+', 'const_0', 'const_0', 'v0'), ('*', 'x2', 'x2', 'v1'), ('+', 'v1', 'v1', 'v2'), ('*', 'x1', 'x9', 'v3'), ('*', 'const_1', 'x8', 'v4'), ('*', 'x7', 'x3', 'v5'), ('+', 'x5', 'x7', 'v6'), ('//', 'const_0', 'x1', 'v7'), ('+', 'x7', 'x7', 'v8'), ('//', 'v6', 'const_1', 'v9')]","(0, 0, 0, 0, 0, 0, 0, 1, 0, 0)",5
912,"[('*', 'const_0', 'x2', 'v0'), ('+', 'x3', 'x1', 'v1'), ('*', 'x5', 'x7', 'v2'), ('+', 'const_1', 'x0', 'v3'), ('*', 'v1', 'v1', 'v4'), ('*', 'x3', 'const_0', 'v5'), ('*', 'v1', 'x4', 'v6'), ('+', 'x1', 'v3', 'v7'), ('*', 'x2', 'x3', 'v8'), ('//', 'v4', 'x1', 'v9')]","(0, 1, 0, 0, 0, 0, 0, 0, 0, 0)",257
913,"[('*', 'x6', 'x1', 'v0'), ('+', 'const_1', 'x5', 'v1'), ('+', 'x6', 'x8', 'v2'), ('+', 'v1', 'v1', 'v3'), ('+', 'v3', 'v3', 'v4'), ('//', 'const_0', 'const_1', 'v5'), ('*', 'x4', 'v5', 'v6'), ('//', 'v6', 'x9', 'v7'), ('//', 'x6', 'x9', 'v8'), ('*', 'x0', 'x4', 'v9')]","(1, 0, 0, 0, 1, 0, 0, 0, 0, 0)",545
914,"[('*', 'x7', 'const_1', 'v0'), ('//', 'x4', 'x2', 'v1'), ('*', 'v0', 'x1', 'v2'), ('*', 'x4', 'x5', 'v3'), ('//', 'x5', 'x7', 'v4'), ('//', 'x7', 'x7', 'v5'), ('//', 'v3', 'x8', 'v6'), ('+', 'v4', 'v2', 'v7'), ('+', 'x6', 'x2', 'v8'), ('//', 'v6', 'v3', 'v9')]","(0, 0, 0, 0, 1, 1, 0, 0, 1, 0)",51
915,"[('+', 'x3', 'x9', 'v0'), ('//', 'x2', 'x2', 'v1'), ('+', 'x1', 'x9', 'v2'), ('+', 'v0', 'v1', 'v3'), ('*', 'x3', 'x1', 'v4'), ('//', 'v3', 'x5', 'v5'), ('*', 'const_1', 'v4', 'v6'), ('*', 'x8', 'v4', 'v7'), ('//', 'v1', 'x7', 'v8'), ('//', 'const_0', 'x5', 'v9')]",None,1024
916,"[('+', 'const_0', 'x1', 'v0'), ('//', 'x2', 'x5', 'v1'), ('+', 'x3', 'v0', 'v2'), ('//', 'x5', 'v2', 'v3'), ('//', 'x9', 'x3', 'v4'), ('+', 'v4', 'x7', 'v5'), ('//', 'v1', 'x3', 'v6'), ('//', 'x3', 'v4', 'v7'), ('*', 'v2', 'v7', 'v8'), ('*', 'v7', 'v5', 'v9')]","(0, 0, 0, 1, 0, 0, 0, 0, 0, 1)",66
917,"[('*', 'x0', 'x8', 'v0'), ('//', 'x9', 'x6', 'v1'), ('+', 'v1', 'x3', 'v2'), ('+', 'v0', 'v1', 'v3'), ('//', 'x0', 'x0', 'v4'), ('//', 'const_1', 'x0', 'v5'), ('*', 'const_0', 'v1', 'v6'), ('*', 'v6', 'x9', 'v7'), ('*', 'v2', 'v4', 'v8'), ('*', 'x5', 'const_0', 'v9')]",None,1024
918,"[('//', 'x8', 'x4', 'v0'), ('//', 'const_0', 'x0', 'v1'), ('+', 'x0', 'v0', 'v2'), ('+', 'x6', 'x6', 'v3'), ('//', 'v2', 'x3', 'v4'), ('+', 'v2', 'v3', 'v5'), ('+', 'v4', 'v5', 'v6'), ('//', 'v2', 'v4', 'v7'), ('*', 'x8', 'v5', 'v8'), ('//', 'v2', 'v5', 'v9')]","(0, 0, 0, 0, 1, 0, 0, 0, 1, 0)",35
919,"[('+', 'x9', 'x1', 'v0'), ('*', 'x9', 'x4', 'v1'), ('+', 'v0', 'x7', 'v2'), ('//', 'const_0', 'x5', 'v3'), ('*', 'v1', 'x9', 'v4'), ('//', 'v4', 'x7', 'v5'), ('//', 'v4', 'x5', 'v6'), ('*', 'v1', 'v0', 'v7'), ('//', 'x3', 'x5', 'v8'), ('*', 'x4', 'v2', 'v9')]","(0, 0, 0, 0, 1, 0, 0, 0, 0, 1)",34
920,"[('//', 'const_1', 'x2', 'v0'), ('*', 'x0', 'x4', 'v1'), ('+', 'x8', 'x8', 'v2'), ('*', 'x2', 'x5', 'v3'), ('*', 'x3', 'v2', 'v4'), ('*', 'x2', 'x1', 'v5'), ('*', 'v2', 'v1', 'v6'), ('*', 'x4', 'v5', 'v7'), ('//', 'v0', 'x4', 'v8'), ('*', 'x2', 'v5', 'v9')]","(0, 1, 1, 0, 0, 0, 0, 0, 0, 0)",385
921,"[('*', 'x7', 'x1', 'v0'), ('*', 'const_1', 'const_0', 'v1'), ('//', 'x3', 'x7', 'v2'), ('*', 'x7', 'const_1', 'v3'), ('//', 'x5', 'x2', 'v4'), ('//', 'v2', 'x0', 'v5'), ('*', 'const_1', 'x1', 'v6'), ('*', 'v4', 'x6', 'v7'), ('+', 'x6', 'x7', 'v8'), ('+', 'v3', 'const_1', 'v9')]","(0, 0, 0, 0, 0, 0, 0, 0, 0, 0)",1
922,"[('*', 'x0', 'x6', 'v0'), ('*', 'x1', 'x4', 'v1'), ('+', 'x5', 'v0', 'v2'), ('//', 'x1', 'x0', 'v3'), ('*', 'x7', 'x1', 'v4'), ('//', 'v2', 'v2', 'v5'), ('//', 'x7', 'x6', 'v6'), ('+', 'x3', 'x8', 'v7'), ('//', 'const_0', 'v3', 'v8'), ('+', 'v3', 'x9', 'v9')]","(0, 0, 0, 0, 0, 0, 0, 0, 0, 1)",2
923,"[('+', 'x5', 'x7', 'v0'), ('//', 'x3', 'const_1', 'v1'), ('//', 'x6', 'x6', 'v2'), ('//', 'x3', 'const_1', 'v3'), ('//', 'x7', 'const_1', 'v4'), ('//', 'x8', 'v2', 'v5'), ('*', 'x8', 'v3', 'v6'), ('*', 'x4', 'x6', 'v7'), ('+', 'x9', 'x0', 'v8'), ('//', 'v6', 'v4', 'v9')]","(0, 0, 0, 1, 0, 0, 0, 1, 1, 0)",71
924,"[('+', 'x2', 'x4', 'v0'), ('*', 'x6', 'x8', 'v1'), ('+', 'x1', 'const_1', 'v2'), ('*', 'const_0', 'x5', 'v3'), ('*', 'v1', 'v2', 'v4'), ('+', 'x9', 'v4', 'v5'), ('//', 'x0', 'x3', 'v6'), ('//', 'v0', 'v4', 'v7'), ('//', 'v4', 'x2', 'v8'), ('*', 'v1', 'v4', 'v9')]","(0, 0, 0, 0, 0, 0, 1, 0, 1, 0)",11
925,"[('*', 'x5', 'x6', 'v0'), ('*', 'v0', 'x8', 'v1'), ('*', 'v1', 'x3', 'v2'), ('+', 'const_1', 'x9', 'v3'), ('//', 'v2', 'x6', 'v4'), ('+', 'v1', 'x5', 'v5'), ('+', 'x3', 'x5', 'v6'), ('+', 'x5', 'x4', 'v7'), ('//', 'const_0', 'x4', 'v8'), ('*', 'v0', 'x6', 'v9')]","(0, 0, 0, 0, 0, 1, 1, 0, 0, 0)",25
926,"[('+', 'x7', 'x5', 'v0'), ('+', 'x9', 'x5', 'v1'), ('*', 'v0', 'x0', 'v2'), ('//', 'const_1', 'v2', 'v3'), ('//', 'x9', 'x0', 'v4'), ('//', 'x3', 'v4', 'v5'), ('+', 'x5', 'x9', 'v6'), ('*', 'x1', 'x8', 'v7'), ('+', 'v4', 'x7', 'v8'), ('+', 'x2', 'x1', 'v9')]","(0, 0, 1, 0, 0, 0, 0, 0, 0, 0)",129
927,"[('+', 'x7', 'x4', 'v0'), ('*', 'x0', 'v0', 'v1'), ('*', 'x8', 'x9', 'v2'), ('//', 'const_1', 'x1', 'v3'), ('*', 'x4', 'v2', 'v4'), ('//', 'const_0', 'x4', 'v5'), ('*', 'const_0', 'v1', 'v6'), ('+', 'const_1', 'x0', 'v7'), ('//', 'v7', 'const_1', 'v8'), ('*', 'v7', 'v6', 'v9')]",None,1024
928,"[('//', 'x6', 'x3', 'v0'), ('+', 'const_1', 'x2', 'v1'), ('*', 'x1', 'x7', 'v2'), ('//', 'x1', 'const_1', 'v3'), ('+', 'v0', 'x3', 'v4'), ('+', 'v1', 'const_0', 'v5'), ('*', 'x8', 'v3', 'v6'), ('//', 'v3', 'const_1', 'v7'), ('//', 'x5', 'v3', 'v8'), ('*', 'v5', 'x2', 'v9')]","(0, 0, 1, 0, 0, 0, 0, 0, 0, 0)",129
929,"[('*', 'x2', 'x7', 'v0'), ('+', 'v0', 'x3', 'v1'), ('+', 'x1', 'x2', 'v2'), ('//', 'x4', 'v2', 'v3'), ('*', 'v2', 'v3', 'v4'), ('*', 'x5', 'x2', 'v5'), ('//', 'x1', 'const_1', 'v6'), ('*', 'v5', 'x5', 'v7'), ('+', 'x7', 'v3', 'v8'), ('*', 'v7', 'v7', 'v9')]","(0, 0, 1, 0, 0, 1, 0, 0, 0, 0)",145
930,"[('//', 'x0', 'x1', 'v0'), ('*', 'const_0', 'x8', 'v1'), ('//', 'x8', 'x7', 'v2'), ('+', 'x4', 'v1', 'v3'), ('//', 'x8', 'x0', 'v4'), ('*', 'x1', 'v4', 'v5'), ('*', 'v3', 'x4', 'v6'), ('//', 'x6', 'v4', 'v7'), ('*', 'x3', 'v0', 'v8'), ('*', 'x4', 'v4', 'v9')]","(1, 0, 0, 0, 1, 0, 0, 0, 1, 0)",547
931,"[('+', 'x2', 'x1', 'v0'), ('+', 'v0', 'x6', 'v1'), ('*', 'const_1', 'x4', 'v2'), ('//', 'x8', 'x3', 'v3'), ('+', 'x3', 'x8', 'v4'), ('*', 'v4', 'x4', 'v5'), ('+', 'x2', 'x7', 'v6'), ('*', 'x1', 'x7', 'v7'), ('+', 'x4', 'x6', 'v8'), ('*', 'const_0', 'v5', 'v9')]",None,1024
932,"[('+', 'x2', 'x0', 'v0'), ('*', 'x5', 'x9', 'v1'), ('//', 'x4', 'x0', 'v2'), ('*', 'x6', 'const_0', 'v3'), ('//', 'x6', 'const_1', 'v4'), ('*', 'x9', 'x8', 'v5'), ('//', 'x4', 'x0', 'v6'), ('*', 'x6', 'x2', 'v7'), ('//', 'x4', 'x9', 'v8'), ('+', 'x8', 'v4', 'v9')]","(0, 0, 0, 0, 0, 0, 0, 0, 1, 0)",3
933,"[('//', 'x1', 'x8', 'v0'), ('//', 'v0', 'x4', 'v1'), ('//', 'x1', 'x1', 'v2'), ('+', 'x1', 'const_0', 'v3'), ('//', 'v3', 'x8', 'v4'), ('+', 'x0', 'v1', 'v5'), ('//', 'v0', 'v5', 'v6'), ('*', 'x4', 'x6', 'v7'), ('//', 'x0', 'x0', 'v8'), ('//', 'v3', 'v3', 'v9')]","(0, 1, 0, 0, 0, 0, 0, 0, 0, 0)",257
934,"[('+', 'x8', 'x0', 'v0'), ('//', 'x1', 'const_1', 'v1'), ('+', 'x3', 'x8', 'v2'), ('*', 'x8', 'x1', 'v3'), ('//', 'x6', 'v1', 'v4'), ('*', 'x4', 'v4', 'v5'), ('//', 'v3', 'x1', 'v6'), ('+', 'v3', 'v6', 'v7'), ('*', 'v1', 'x8', 'v8'), ('//', 'v2', 'x8', 'v9')]","(0, 0, 0, 0, 0, 0, 0, 0, 1, 0)",3
935,"[('*', 'x8', 'const_0', 'v0'), ('*', 'x4', 'x0', 'v1'), ('*', 'v1', 'x0', 'v2'), ('*', 'x0', 'v0', 'v3'), ('*', 'x7', 'x2', 'v4'), ('//', 'v0', 'x7', 'v5'), ('//', 'v1', 'x8', 'v6'), ('*', 'v0', 'v3', 'v7'), ('*', 'v2', 'x4', 'v8'), ('*', 'v1', 'x7', 'v9')]","(1, 0, 0, 0, 1, 0, 0, 1, 0, 0)",549
936,"[('+', 'const_1', 'x2', 'v0'), ('//', 'x8', 'x7', 'v1'), ('//', 'x8', 'v1', 'v2'), ('*', 'x3', 'v0', 'v3'), ('*', 'x6', 'x9', 'v4'), ('*', 'x4', 'v2', 'v5'), ('*', 'x3', 'x6', 'v6'), ('*', 'x0', 'x4', 'v7'), ('*', 'const_1', 'x9', 'v8'), ('//', 'x6', 'x0', 'v9')]","(1, 0, 0, 0, 0, 0, 1, 0, 0, 0)",521
937,"[('*', 'x5', 'x5', 'v0'), ('//', 'x7', 'x0', 'v1'), ('//', 'x9', 'x6', 'v2'), ('+', 'v1', 'x6', 'v3'), ('//', 'v0', 'const_1', 'v4'), ('+', 'x2', 'v1', 'v5'), ('+', 'v0', 'x9', 'v6'), ('+', 'x2', 'v2', 'v7'), ('*', 'v6', 'v3', 'v8'), ('*', 'x9', 'x7', 'v9')]","(0, 0, 0, 0, 0, 0, 0, 1, 0, 1)",6
938,"[('+', 'x6', 'x8', 'v0'), ('+', 'x8', 'const_1', 'v1'), ('+', 'x3', 'x6', 'v2'), ('*', 'x2', 'x8', 'v3'), ('//', 'x7', 'x4', 'v4'), ('*', 'x4', 'x8', 'v5'), ('//', 'v0', 'v4', 'v6'), ('*', 'v6', 'x6', 'v7'), ('+', 'v7', 'x2', 'v8'), ('+', 'x5', 'const_1', 'v9')]","(0, 0, 0, 0, 0, 0, 0, 0, 0, 0)",1
939,"[('+', 'const_1', 'const_1', 'v0'), ('//', 'x3', 'x6', 'v1'), ('*', 'const_0', 'x3', 'v2'), ('//', 'v1', 'x8', 'v3'), ('//', 'x5', 'x4', 'v4'), ('//', 'x7', 'x4', 'v5'), ('+', 'x3', 'const_0', 'v6'), ('//', 'v1', 'v3', 'v7'), ('//', 'v7', 'x3', 'v8'), ('+', 'x7', 'x7', 'v9')]","(0, 0, 0, 0, 0, 0, 0, 1, 0, 0)",5
940,"[('//', 'x4', 'x8', 'v0'), ('*', 'x0', 'x7', 'v1'), ('//', 'x4', 'const_1', 'v2'), ('//', 'x8', 'v1', 'v3'), ('//', 'v3', 'x2', 'v4'), ('*', 'v3', 'x4', 'v5'), ('+', 'v4', 'v5', 'v6'), ('+', 'v4', 'x7', 'v7'), ('//', 'v3', 'v2', 'v8'), ('+', 'v5', 'x9', 'v9')]","(0, 0, 0, 0, 0, 0, 0, 0, 0, 1)",2
941,"[('*', 'x1', 'const_0', 'v0'), ('+', 'x1', 'x3', 'v1'), ('+', 'const_1', 'x7', 'v2'), ('+', 'x1', 'v1', 'v3'), ('*', 'x3', 'x1', 'v4'), ('+', 'v3', 'x3', 'v5'), ('//', 'v1', 'v3', 'v6'), ('+', 'v0', 'const_0', 'v7'), ('+', 'x3', 'v7', 'v8'), ('*', 'v3', 'const_1', 'v9')]","(0, 0, 0, 1, 0, 0, 0, 0, 0, 0)",65
942,"[('//', 'x4', 'x4', 'v0'), ('//', 'x9', 'x7', 'v1'), ('//', 'x0', 'x7', 'v2'), ('+', 'x9', 'x6', 'v3'), ('//', 'v0', 'x8', 'v4'), ('+', 'x2', 'x7', 'v5'), ('//', 'const_1', 'const_1', 'v6'), ('+', 'v2', 'x3', 'v7'), ('*', 'x9', 'x4', 'v8'), ('//', 'const_0', 'const_1', 'v9')]",None,1024
943,"[('+', 'x8', 'x6', 'v0'), ('*', 'x1', 'const_0', 'v1'), ('*', 'x8', 'v1', 'v2'), ('//', 'v2', 'x7', 'v3'), ('*', 'x4', 'v1', 'v4'), ('//', 'x5', 'v0', 'v5'), ('//', 'x1', 'v2', 'v6'), ('+', 'v1', 'x0', 'v7'), ('*', 'x3', 'x0', 'v8'), ('//', 'v7', 'x7', 'v9')]","(1, 0, 0, 0, 0, 0, 0, 1, 0, 0)",517
944,"[('//', 'x8', 'x3', 'v0'), ('*', 'x9', 'x3', 'v1'), ('+', 'x8', 'x8', 'v2'), ('+', 'x5', 'v0', 'v3'), ('+', 'v2', 'const_0', 'v4'), ('*', 'x4', 'const_0', 'v5'), ('//', 'v1', 'v1', 'v6'), ('*', 'v0', 'x9', 'v7'), ('+', 'x6', 'v7', 'v8'), ('//', 'x2', 'x4', 'v9')]","(0, 0, 1, 0, 1, 0, 0, 0, 0, 0)",161
945,"[('+', 'x7', 'const_0', 'v0'), ('//', 'x3', 'x4', 'v1'), ('//', 'x9', 'x5', 'v2'), ('*', 'x9', 'const_1', 'v3'), ('//', 'x9', 'const_1', 'v4'), ('+', 'x6', 'v0', 'v5'), ('+', 'x1', 'x4', 'v6'), ('*', 'x1', 'x3', 'v7'), ('*', 'x8', 'v4', 'v8'), ('+', 'const_0', 'v4', 'v9')]","(0, 0, 0, 0, 0, 0, 0, 0, 0, 1)",2
946,"[('//', 'x6', 'x8', 'v0'), ('//', 'x2', 'x6', 'v1'), ('+', 'x3', 'x4', 'v2'), ('*', 'x1', 'x4', 'v3'), ('//', 'x8', 'const_1', 'v4'), ('*', 'v0', 'x2', 'v5'), ('*', 'x8', 'x8', 'v6'), ('*', 'x4', 'v6', 'v7'), ('*', 'x2', 'v6', 'v8'), ('//', 'v1', 'v5', 'v9')]","(0, 0, 1, 0, 0, 0, 1, 0, 1, 0)",139
947,"[('//', 'x6', 'const_1', 'v0'), ('*', 'x4', 'x8', 'v1'), ('*', 'x5', 'const_1', 'v2'), ('+', 'x5', 'x3', 'v3'), ('+', 'x3', 'x9', 'v4'), ('//', 'x0', 'x4', 'v5'), ('//', 'v5', 'v5', 'v6'), ('//', 'x2', 'x6', 'v7'), ('+', 'x1', 'v4', 'v8'), ('*', 'v6', 'v6', 'v9')]","(1, 0, 0, 0, 1, 0, 0, 0, 0, 0)",545
948,"[('//', 'const_1', 'x5', 'v0'), ('//', 'x3', 'const_1', 'v1'), ('//', 'x4', 'v1', 'v2'), ('+', 'x9', 'x2', 'v3'), ('+', 'x8', 'v2', 'v4'), ('*', 'x1', 'x3', 'v5'), ('+', 'x5', 'x7', 'v6'), ('*', 'x1', 'x3', 'v7'), ('*', 'v3', 'x2', 'v8'), ('*', 'v7', 'const_0', 'v9')]",None,1024
949,"[('+', 'x1', 'x8', 'v0'), ('+', 'x7', 'x6', 'v1'), ('+', 'x7', 'x6', 'v2'), ('*', 'x2', 'x4', 'v3'), ('+', 'x7', 'x2', 'v4'), ('//', 'x0', 'x7', 'v5'), ('+', 'x8', 'v2', 'v6'), ('*', 'v2', 'v5', 'v7'), ('*', 'v7', 'v7', 'v8'), ('*', 'v2', 'x6', 'v9')]","(0, 0, 0, 0, 0, 0, 1, 0, 0, 0)",9
950,"[('*', 'const_0', 'x5', 'v0'), ('+', 'x8', 'x3', 'v1'), ('*', 'x0', 'x5', 'v2'), ('//', 'const_0', 'x9', 'v3'), ('+', 'const_0', 'x4', 'v4'), ('//', 'x7', 'const_1', 'v5'), ('*', 'v4', 'x5', 'v6'), ('+', 'x9', 'x8', 'v7'), ('+', 'x7', 'x1', 'v8'), ('//', 'x9', 'const_1', 'v9')]","(0, 0, 0, 0, 0, 0, 0, 0, 0, 1)",2
951,"[('//', 'x9', 'const_1', 'v0'), ('+', 'const_1', 'v0', 'v1'), ('//', 'x2', 'x9', 'v2'), ('*', 'x2', 'x8', 'v3'), ('*', 'v3', 'x8', 'v4'), ('*', 'x1', 'x6', 'v5'), ('//', 'v0', 'const_1', 'v6'), ('//', 'v0', 'v4', 'v7'), ('//', 'x3', 'x5', 'v8'), ('*', 'const_1', 'x5', 'v9')]","(0, 0, 0, 0, 0, 1, 0, 0, 0, 0)",17
952,"[('*', 'x6', 'const_0', 'v0'), ('//', 'x6', 'x4', 'v1'), ('*', 'x7', 'const_1', 'v2'), ('+', 'x5', 'x4', 'v3'), ('//', 'x7', 'v0', 'v4'), ('+', 'const_0', 'x5', 'v5'), ('*', 'x2', 'x6', 'v6'), ('//', 'x0', 'x9', 'v7'), ('//', 'const_1', 'x7', 'v8'), ('+', 'x1', 'x3', 'v9')]","(0, 0, 0, 1, 0, 0, 0, 0, 0, 0)",65
953,"[('*', 'x5', 'x8', 'v0'), ('*', 'x3', 'x0', 'v1'), ('*', 'x2', 'x7', 'v2'), ('*', 'x6', 'x7', 'v3'), ('//', 'x9', 'x9', 'v4'), ('*', 'v1', 'const_1', 'v5'), ('//', 'x5', 'v0', 'v6'), ('*', 'x9', 'const_0', 'v7'), ('//', 'x3', 'const_1', 'v8'), ('//', 'v7', 'v7', 'v9')]",None,1024
954,"[('//', 'x2', 'x6', 'v0'), ('//', 'v0', 'x3', 'v1'), ('*', 'x1', 'x8', 'v2'), ('*', 'x6', 'x4', 'v3'), ('//', 'v2', 'v0', 'v4'), ('*', 'x4', 'x2', 'v5'), ('*', 'x4', 'x8', 'v6'), ('+', 'x3', 'const_0', 'v7'), ('//', 'x2', 'const_1', 'v8'), ('+', 'v1', 'v5', 'v9')]","(0, 0, 1, 0, 1, 0, 0, 0, 0, 0)",161
955,"[('*', 'x4', 'x0', 'v0'), ('//', 'x1', 'v0', 'v1'), ('+', 'x3', 'x3', 'v2'), ('+', 'v1', 'x1', 'v3'), ('*', 'x8', 'x8', 'v4'), ('+', 'x5', 'x2', 'v5'), ('+', 'const_1', 'x1', 'v6'), ('+', 'x7', 'v1', 'v7'), ('*', 'x2', 'x2', 'v8'), ('*', 'x1', 'v3', 'v9')]","(0, 1, 0, 0, 0, 0, 0, 0, 0, 0)",257
956,"[('+', 'x3', 'const_0', 'v0'), ('*', 'const_0', 'x4', 'v1'), ('*', 'x7', 'x8', 'v2'), ('//', 'const_0', 'x3', 'v3'), ('//', 'v0', 'x4', 'v4'), ('+', 'v4', 'v0', 'v5'), ('+', 'const_0', 'x6', 'v6'), ('//', 'x9', 'const_1', 'v7'), ('//', 'v0', 'const_1', 'v8'), ('+', 'const_0', 'x8', 'v9')]","(0, 0, 0, 0, 0, 0, 0, 0, 1, 0)",3
957,"[('+', 'x4', 'x6', 'v0'), ('*', 'x1', 'x9', 'v1'), ('*', 'x1', 'const_0', 'v2'), ('*', 'x1', 'const_0', 'v3'), ('//', 'v3', 'v2', 'v4'), ('+', 'x1', 'x0', 'v5'), ('//', 'x9', 'x0', 'v6'), ('*', 'x8', 'x8', 'v7'), ('//', 'x4', 'v1', 'v8'), ('*', 'v5', 'x0', 'v9')]","(1, 0, 0, 0, 0, 0, 0, 0, 0, 0)",513
958,"[('*', 'x4', 'x7', 'v0'), ('//', 'x2', 'x3', 'v1'), ('+', 'const_1', 'x6', 'v2'), ('//', 'x1', 'x6', 'v3'), ('+', 'v2', 'x8', 'v4'), ('+', 'x6', 'const_1', 'v5'), ('*', 'v2', 'x5', 'v6'), ('+', 'x3', 'const_1', 'v7'), ('*', 'x6', 'x2', 'v8'), ('+', 'v7', 'v5', 'v9')]","(0, 0, 0, 0, 0, 0, 0, 0, 0, 0)",1
959,"[('*', 'x8', 'x8', 'v0'), ('//', 'x6', 'x9', 'v1'), ('+', 'x4', 'x1', 'v2'), ('*', 'const_0', 'x5', 'v3'), ('//', 'x0', 'x8', 'v4'), ('*', 'const_0', 'x6', 'v5'), ('*', 'v1', 'v5', 'v6'), ('*', 'x4', 'v6', 'v7'), ('+', 'v3', 'v1', 'v8'), ('+', 'x5', 'x5', 'v9')]","(0, 0, 0, 0, 0, 1, 0, 0, 0, 0)",17
960,"[('//', 'x9', 'const_1', 'v0'), ('//', 'x7', 'v0', 'v1'), ('*', 'const_0', 'v1', 'v2'), ('*', 'x8', 'v0', 'v3'), ('*', 'v3', 'x9', 'v4'), ('+', 'const_1', 'v4', 'v5'), ('*', 'x3', 'x7', 'v6'), ('+', 'v5', 'x7', 'v7'), ('//', 'x0', 'const_1', 'v8'), ('+', 'x5', 'v1', 'v9')]","(0, 0, 0, 0, 0, 0, 0, 1, 0, 1)",6
961,"[('//', 'x5', 'const_1', 'v0'), ('//', 'x3', 'x1', 'v1'), ('//', 'const_1', 'x6', 'v2'), ('*', 'v1', 'x4', 'v3'), ('//', 'x5', 'x0', 'v4'), ('//', 'v1', 'v2', 'v5'), ('+', 'v2', 'x6', 'v6'), ('//', 'x1', 'v6', 'v7'), ('//', 'x3', 'x5', 'v8'), ('//', 'x7', 'v3', 'v9')]","(0, 1, 0, 1, 1, 0, 0, 1, 0, 0)",357
962,"[('+', 'x6', 'x2', 'v0'), ('//', 'x9', 'x1', 'v1'), ('*', 'x9', 'x2', 'v2'), ('//', 'v1', 'v2', 'v3'), ('//', 'const_1', 'x9', 'v4'), ('//', 'x6', 'v0', 'v5'), ('+', 'x0', 'v4', 'v6'), ('*', 'x5', 'v4', 'v7'), ('*', 'x3', 'x9', 'v8'), ('*', 'v1', 'x9', 'v9')]","(0, 1, 0, 0, 0, 0, 0, 0, 0, 1)",258
963,"[('*', 'x5', 'x2', 'v0'), ('+', 'x4', 'const_1', 'v1'), ('+', 'v1', 'x1', 'v2'), ('*', 'x6', 'v1', 'v3'), ('//', 'x2', 'v2', 'v4'), ('//', 'v2', 'v1', 'v5'), ('*', 'const_1', 'x3', 'v6'), ('*', 'x3', 'const_0', 'v7'), ('*', 'x7', 'v1', 'v8'), ('*', 'x5', 'v2', 'v9')]","(0, 0, 0, 0, 0, 1, 0, 0, 0, 0)",17
964,"[('+', 'x2', 'x9', 'v0'), ('+', 'x3', 'x7', 'v1'), ('+', 'x6', 'const_0', 'v2'), ('+', 'x0', 'x7', 'v3'), ('*', 'x1', 'v2', 'v4'), ('//', 'v3', 'x8', 'v5'), ('+', 'x2', 'v4', 'v6'), ('//', 'x5', 'x2', 'v7'), ('*', 'v0', 'v5', 'v8'), ('*', 'x9', 'v7', 'v9')]","(0, 0, 1, 0, 0, 1, 0, 0, 0, 1)",146
965,"[('+', 'x8', 'x9', 'v0'), ('+', 'x2', 'x4', 'v1'), ('//', 'x3', 'x3', 'v2'), ('//', 'x5', 'x7', 'v3'), ('//', 'x2', 'v3', 'v4'), ('//', 'v0', 'const_1', 'v5'), ('*', 'x5', 'x8', 'v6'), ('+', 'const_1', 'x4', 'v7'), ('//', 'x0', 'x4', 'v8'), ('//', 'x7', 'v4', 'v9')]","(0, 0, 1, 0, 0, 1, 0, 1, 0, 0)",149
966,"[('+', 'x9', 'x0', 'v0'), ('*', 'const_0', 'x0', 'v1'), ('+', 'x9', 'x3', 'v2'), ('+', 'x3', 'x4', 'v3'), ('*', 'const_1', 'x6', 'v4'), ('*', 'v3', 'x3', 'v5'), ('//', 'const_1', 'x7', 'v6'), ('+', 'v4', 'const_0', 'v7'), ('+', 'v2', 'v3', 'v8'), ('*', 'x8', 'x0', 'v9')]","(1, 0, 0, 0, 0, 0, 0, 0, 1, 0)",515
967,"[('//', 'const_0', 'x2', 'v0'), ('//', 'x1', 'v0', 'v1'), ('+', 'x5', 'x6', 'v2'), ('//', 'x9', 'v0', 'v3'), ('+', 'x5', 'x0', 'v4'), ('//', 'x0', 'x0', 'v5'), ('*', 'x6', 'const_1', 'v6'), ('*', 'x7', 'x0', 'v7'), ('+', 'x0', 'v0', 'v8'), ('+', 'x2', 'v2', 'v9')]","(0, 0, 0, 0, 0, 0, 1, 0, 0, 0)",9
968,"[('//', 'x7', 'x5', 'v0'), ('*', 'const_1', 'x1', 'v1'), ('*', 'x9', 'x2', 'v2'), ('+', 'x3', 'x4', 'v3'), ('+', 'v0', 'x0', 'v4'), ('*', 'x5', 'x1', 'v5'), ('//', 'x5', 'x3', 'v6'), ('*', 'x0', 'v1', 'v7'), ('+', 'v6', 'x5', 'v8'), ('//', 'v0', 'x6', 'v9')]","(0, 0, 0, 0, 0, 1, 1, 1, 0, 0)",29
969,"[('+', 'x5', 'const_1', 'v0'), ('*', 'x9', 'x4', 'v1'), ('*', 'x4', 'x0', 'v2'), ('+', 'v0', 'x6', 'v3'), ('//', 'v1', 'v1', 'v4'), ('+', 'x8', 'const_1', 'v5'), ('*', 'x3', 'x2', 'v6'), ('+', 'x8', 'v0', 'v7'), ('*', 'x2', 'v5', 'v8'), ('*', 'const_1', 'v5', 'v9')]","(0, 0, 0, 0, 0, 0, 0, 0, 0, 0)",1
970,"[('*', 'x9', 'x6', 'v0'), ('//', 'x5', 'x5', 'v1'), ('+', 'x1', 'v0', 'v2'), ('+', 'x6', 'const_0', 'v3'), ('//', 'x2', 'x8', 'v4'), ('//', 'x4', 'x1', 'v5'), ('//', 'x3', 'v2', 'v6'), ('*', 'v5', 'x3', 'v7'), ('*', 'v3', 'x6', 'v8'), ('+', 'v4', 'v8', 'v9')]","(0, 0, 0, 0, 0, 0, 1, 0, 0, 0)",9
971,"[('+', 'x6', 'x8', 'v0'), ('+', 'const_1', 'x8', 'v1'), ('*', 'const_0', 'x0', 'v2'), ('*', 'v0', 'x8', 'v3'), ('+', 'x0', 'x4', 'v4'), ('*', 'x8', 'x3', 'v5'), ('//', 'v2', 'x3', 'v6'), ('//', 'x3', 'v0', 'v7'), ('+', 'x5', 'v0', 'v8'), ('//', 'const_1', 'x8', 'v9')]","(0, 0, 0, 0, 0, 0, 0, 0, 1, 0)",3
972,"[('*', 'x5', 'const_0', 'v0'), ('+', 'x4', 'x2', 'v1'), ('*', 'v1', 'const_0', 'v2'), ('*', 'const_1', 'x3', 'v3'), ('+', 'const_0', 'v2', 'v4'), ('*', 'v2', 'x7', 'v5'), ('*', 'v3', 'v5', 'v6'), ('*', 'x8', 'x1', 'v7'), ('//', 'x6', 'x4', 'v8'), ('*', 'v4', 'x4', 'v9')]",None,1024
973,"[('+', 'x1', 'x5', 'v0'), ('//', 'x1', 'const_1', 'v1'), ('*', 'x7', 'x0', 'v2'), ('*', 'x3', 'x4', 'v3'), ('//', 'v1', 'v3', 'v4'), ('//', 'x4', 'v0', 'v5'), ('*', 'x5', 'v5', 'v6'), ('*', 'x0', 'x1', 'v7'), ('*', 'x8', 'x2', 'v8'), ('*', 'v7', 'x9', 'v9')]","(1, 1, 0, 0, 0, 0, 0, 0, 0, 1)",770
974,"[('*', 'x4', 'x9', 'v0'), ('+', 'v0', 'const_0', 'v1'), ('+', 'x1', 'x0', 'v2'), ('*', 'x1', 'x3', 'v3'), ('*', 'x1', 'v1', 'v4'), ('+', 'x0', 'v1', 'v5'), ('*', 'x4', 'x4', 'v6'), ('+', 'v2', 'x0', 'v7'), ('//', 'x0', 'x8', 'v8'), ('*', 'const_0', 'v1', 'v9')]",None,1024
975,"[('+', 'x7', 'x0', 'v0'), ('*', 'x7', 'x6', 'v1'), ('//', 'v1', 'x3', 'v2'), ('+', 'x5', 'v0', 'v3'), ('+', 'const_1', 'x5', 'v4'), ('//', 'x2', 'v4', 'v5'), ('+', 'x5', 'x7', 'v6'), ('+', 'x1', 'v6', 'v7'), ('+', 'x2', 'x8', 'v8'), ('*', 'const_1', 'x8', 'v9')]","(0, 0, 0, 0, 0, 0, 0, 0, 1, 0)",3
976,"[('*', 'x7', 'x0', 'v0'), ('//', 'v0', 'x9', 'v1'), ('+', 'x5', 'x3', 'v2'), ('*', 'const_1', 'x1', 'v3'), ('//', 'x6', 'x2', 'v4'), ('*', 'x0', 'x3', 'v5'), ('//', 'x5', 'x9', 'v6'), ('+', 'v1', 'v3', 'v7'), ('//', 'v7', 'v3', 'v8'), ('//', 'v5', 'v7', 'v9')]","(1, 0, 0, 1, 0, 0, 0, 1, 0, 1)",582
977,"[('//', 'x8', 'const_1', 'v0'), ('//', 'x2', 'v0', 'v1'), ('*', 'v0', 'x3', 'v2'), ('+', 'v2', 'x9', 'v3'), ('//', 'v3', 'const_1', 'v4'), ('//', 'v1', 'const_1', 'v5'), ('*', 'x1', 'x9', 'v6'), ('//', 'x1', 'v1', 'v7'), ('+', 'v3', 'x7', 'v8'), ('//', 'x0', 'v0', 'v9')]","(1, 0, 0, 0, 0, 0, 0, 0, 1, 0)",515
978,"[('//', 'x7', 'const_1', 'v0'), ('*', 'x0', 'x5', 'v1'), ('+', 'x4', 'x3', 'v2'), ('//', 'x2', 'v0', 'v3'), ('//', 'x5', 'x3', 'v4'), ('*', 'x8', 'x6', 'v5'), ('//', 'x8', 'x2', 'v6'), ('*', 'x3', 'v3', 'v7'), ('//', 'v3', 'x7', 'v8'), ('//', 'x5', 'v0', 'v9')]","(0, 0, 0, 0, 0, 1, 0, 1, 0, 0)",21
979,"[('+', 'x5', 'x9', 'v0'), ('//', 'v0', 'x7', 'v1'), ('+', 'v1', 'x0', 'v2'), ('//', 'x4', 'x4', 'v3'), ('+', 'x0', 'x1', 'v4'), ('+', 'x9', 'v3', 'v5'), ('//', 'v1', 'x7', 'v6'), ('+', 'x3', 'x2', 'v7'), ('//', 'x1', 'x6', 'v8'), ('+', 'v3', 'v0', 'v9')]","(0, 0, 0, 0, 0, 0, 0, 0, 0, 1)",2
980,"[('+', 'x9', 'const_0', 'v0'), ('+', 'x2', 'x0', 'v1'), ('+', 'x9', 'const_1', 'v2'), ('+', 'x3', 'x9', 'v3'), ('*', 'x5', 'x4', 'v4'), ('//', 'x9', 'x5', 'v5'), ('*', 'x1', 'x6', 'v6'), ('*', 'v6', 'x8', 'v7'), ('+', 'const_0', 'v6', 'v8'), ('+', 'x1', 'x6', 'v9')]","(0, 0, 0, 0, 0, 0, 1, 0, 0, 0)",9
981,"[('//', 'x5', 'x1', 'v0'), ('*', 'x9', 'x0', 'v1'), ('//', 'x7', 'x2', 'v2'), ('*', 'x1', 'x9', 'v3'), ('//', 'x1', 'const_1', 'v4'), ('//', 'x9', 'x8', 'v5'), ('+', 'x0', 'x8', 'v6'), ('//', 'v3', 'x1', 'v7'), ('+', 'x6', 'x6', 'v8'), ('*', 'x8', 'const_0', 'v9')]",None,1024
982,"[('+', 'x1', 'x6', 'v0'), ('+', 'x7', 'x9', 'v1'), ('//', 'x8', 'x2', 'v2'), ('+', 'x2', 'v0', 'v3'), ('//', 'x2', 'x6', 'v4'), ('//', 'x2', 'x6', 'v5'), ('+', 'x8', 'v0', 'v6'), ('//', 'x6', 'x5', 'v7'), ('//', 'x5', 'x3', 'v8'), ('//', 'v0', 'v5', 'v9')]","(0, 0, 1, 0, 0, 0, 1, 0, 0, 0)",137
983,"[('*', 'x3', 'const_0', 'v0'), ('*', 'x5', 'v0', 'v1'), ('+', 'x8', 'x5', 'v2'), ('*', 'v2', 'v0', 'v3'), ('//', 'v0', 'v2', 'v4'), ('//', 'v1', 'const_1', 'v5'), ('*', 'x3', 'const_0', 'v6'), ('*', 'v2', 'v5', 'v7'), ('+', 'x0', 'v3', 'v8'), ('*', 'v7', 'x7', 'v9')]",None,1024
984,"[('//', 'x5', 'x1', 'v0'), ('//', 'x7', 'x1', 'v1'), ('+', 'const_1', 'x3', 'v2'), ('+', 'v2', 'x8', 'v3'), ('//', 'x4', 'x2', 'v4'), ('//', 'v1', 'v4', 'v5'), ('*', 'v4', 'x0', 'v6'), ('//', 'x5', 'x8', 'v7'), ('+', 'x7', 'x9', 'v8'), ('*', 'v0', 'const_1', 'v9')]","(0, 1, 0, 0, 0, 1, 0, 0, 0, 0)",273
985,"[('*', 'x8', 'x7', 'v0'), ('*', 'x4', 'x9', 'v1'), ('*', 'x0', 'x0', 'v2'), ('+', 'x4', 'x0', 'v3'), ('+', 'x4', 'v0', 'v4'), ('+', 'v1', 'x0', 'v5'), ('//', 'x2', 'v5', 'v6'), ('*', 'x8', 'const_1', 'v7'), ('+', 'x4', 'x8', 'v8'), ('*', 'const_1', 'v0', 'v9')]","(0, 0, 0, 0, 0, 0, 0, 1, 1, 0)",7
986,"[('*', 'x6', 'x1', 'v0'), ('+', 'const_1', 'x2', 'v1'), ('+', 'x5', 'x6', 'v2'), ('+', 'const_1', 'v2', 'v3'), ('//', 'x1', 'v1', 'v4'), ('+', 'x0', 'v1', 'v5'), ('*', 'v0', 'x0', 'v6'), ('//', 'v6', 'x1', 'v7'), ('//', 'const_0', 'x9', 'v8'), ('+', 'v3', 'x4', 'v9')]","(0, 0, 0, 0, 0, 0, 0, 0, 0, 0)",1
987,"[('+', 'x6', 'x0', 'v0'), ('//', 'x1', 'x8', 'v1'), ('//', 'x6', 'x6', 'v2'), ('//', 'const_0', 'x7', 'v3'), ('*', 'const_1', 'v0', 'v4'), ('+', 'v0', 'const_0', 'v5'), ('//', 'v1', 'v5', 'v6'), ('//', 'x7', 'x3', 'v7'), ('*', 'x5', 'x7', 'v8'), ('//', 'const_1', 'v7', 'v9')]","(0, 0, 0, 1, 0, 0, 0, 1, 0, 0)",69
988,"[('*', 'x8', 'x5', 'v0'), ('*', 'x5', 'const_1', 'v1'), ('*', 'x1', 'x9', 'v2'), ('*', 'x5', 'x4', 'v3'), ('+', 'x3', 'x2', 'v4'), ('+', 'v0', 'x0', 'v5'), ('*', 'v4', 'v1', 'v6'), ('*', 'v2', 'v6', 'v7'), ('*', 'v7', 'x5', 'v8'), ('//', 'v2', 'x8', 'v9')]","(0, 1, 0, 0, 0, 0, 0, 0, 1, 1)",260
989,"[('*', 'x5', 'x7', 'v0'), ('*', 'x8', 'const_1', 'v1'), ('+', 'v1', 'x1', 'v2'), ('*', 'x4', 'x6', 'v3'), ('*', 'x6', 'v1', 'v4'), ('+', 'x7', 'x9', 'v5'), ('*', 'v0', 'x4', 'v6'), ('*', 'x4', 'v6', 'v7'), ('//', 'x6', 'v5', 'v8'), ('//', 'x9', 'x1', 'v9')]","(0, 1, 0, 0, 0, 0, 0, 0, 0, 1)",258
990,"[('//', 'x3', 'x0', 'v0'), ('+', 'x7', 'x7', 'v1'), ('+', 'x7', 'v0', 'v2'), ('+', 'x4', 'x9', 'v3'), ('//', 'x8', 'x9', 'v4'), ('+', 'x5', 'v3', 'v5'), ('+', 'const_0', 'v1', 'v6'), ('+', 'v3', 'v3', 'v7'), ('//', 'x9', 'v2', 'v8'), ('+', 'v7', 'x2', 'v9')]","(0, 0, 0, 0, 0, 0, 0, 0, 0, 1)",2
991,"[('//', 'x1', 'const_1', 'v0'), ('//', 'x6', 'x3', 'v1'), ('+', 'x6', 'x9', 'v2'), ('*', 'x1', 'x9', 'v3'), ('//', 'x1', 'x3', 'v4'), ('+', 'const_0', 'x3', 'v5'), ('//', 'v4', 'const_1', 'v6'), ('*', 'const_1', 'x2', 'v7'), ('+', 'x6', 'v1', 'v8'), ('+', 'x9', 'x0', 'v9')]","(0, 0, 0, 0, 0, 0, 0, 0, 0, 1)",2
992,"[('//', 'x8', 'x0', 'v0'), ('*', 'x4', 'x4', 'v1'), ('+', 'v0', 'v0', 'v2'), ('+', 'x0', 'x2', 'v3'), ('//', 'const_1', 'x9', 'v4'), ('//', 'x8', 'x5', 'v5'), ('*', 'v0', 'x7', 'v6'), ('+', 'v1', 'x0', 'v7'), ('*', 'x0', 'v0', 'v8'), ('//', 'v4', 'x4', 'v9')]","(0, 0, 0, 0, 1, 0, 0, 0, 0, 1)",34
993,"[('*', 'x7', 'x2', 'v0'), ('//', 'const_1', 'x1', 'v1'), ('//', 'x0', 'const_1', 'v2'), ('//', 'x5', 'const_1', 'v3'), ('+', 'const_0', 'v3', 'v4'), ('*', 'x1', 'x2', 'v5'), ('*', 'x9', 'x2', 'v6'), ('*', 'x5', 'x9', 'v7'), ('*', 'x2', 'x1', 'v8'), ('//', 'v2', 'x7', 'v9')]","(1, 0, 0, 0, 0, 0, 0, 1, 0, 0)",517
994,"[('*', 'const_0', 'x3', 'v0'), ('//', 'x3', 'x6', 'v1'), ('+', 'x1', 'x7', 'v2'), ('+', 'x7', 'const_0', 'v3'), ('+', 'x1', 'x8', 'v4'), ('*', 'x4', 'x4', 'v5'), ('*', 'v5', 'x5', 'v6'), ('*', 'x1', 'x9', 'v7'), ('*', 'const_0', 'const_0', 'v8'), ('//', 'v1', 'x7', 'v9')]","(0, 0, 0, 1, 0, 0, 1, 1, 0, 0)",77
995,"[('//', 'x3', 'x1', 'v0'), ('//', 'v0', 'x6', 'v1'), ('*', 'x0', 'x3', 'v2'), ('*', 'x9', 'x7', 'v3'), ('+', 'x0', 'v2', 'v4'), ('//', 'x0', 'x7', 'v5'), ('+', 'v3', 'x6', 'v6'), ('+', 'v5', 'v4', 'v7'), ('//', 'x3', 'v2', 'v8'), ('+', 'v4', 'v5', 'v9')]","(1, 0, 0, 0, 0, 0, 0, 0, 0, 0)",513
996,"[('*', 'x7', 'const_0', 'v0'), ('*', 'x0', 'x8', 'v1'), ('//', 'x1', 'x2', 'v2'), ('//', 'x9', 'const_1', 'v3'), ('//', 'x2', 'v1', 'v4'), ('+', 'v1', 'const_1', 'v5'), ('+', 'v3', 'x4', 'v6'), ('*', 'v0', 'v3', 'v7'), ('//', 'v3', 'x5', 'v8'), ('+', 'v7', 'x0', 'v9')]","(1, 0, 0, 0, 0, 0, 0, 0, 0, 0)",513
997,"[('//', 'x6', 'x5', 'v0'), ('+', 'x8', 'x2', 'v1'), ('//', 'x1', 'x6', 'v2'), ('+', 'v1', 'x9', 'v3'), ('*', 'v1', 'x8', 'v4'), ('+', 'x2', 'x3', 'v5'), ('+', 'x3', 'x8', 'v6'), ('+', 'x1', 'x7', 'v7'), ('*', 'x1', 'x9', 'v8'), ('+', 'x8', 'x9', 'v9')]","(0, 0, 0, 0, 0, 0, 0, 0, 0, 1)",2
998,"[('//', 'x1', 'x5', 'v0'), ('*', 'x7', 'x8', 'v1'), ('*', 'x2', 'x5', 'v2'), ('+', 'v0', 'x2', 'v3'), ('+', 'x9', 'x0', 'v4'), ('*', 'x4', 'x8', 'v5'), ('//', 'const_0', 'x6', 'v6'), ('+', 'x4', 'x0', 'v7'), ('//', 'v1', 'x2', 'v8'), ('//', 'x5', 'v6', 'v9')]",None,1024
999,"[('*', 'const_1', 'x6', 'v0'), ('*', 'x3', 'v0', 'v1'), ('+', 'x3', 'v1', 'v2'), ('+', 'x8', 'v1', 'v3'), ('//', 'x5', 'v1', 'v4'), ('*', 'x2', 'const_0', 'v5'), ('*', 'v4', 'x7', 'v6'), ('//', 'x2', 'x8', 'v7'), ('*', 'const_0', 'v3', 'v8'), ('*', 'x3', 'v7', 'v9')]","(0, 0, 1, 1, 0, 0, 0, 0, 1, 0)",195
